0	34	1
0	35	1
0	36	1
0	37	1
0	8	2
0	41	1
0	42	1
0	29	1
0	30	1
0	31	1
1	148	3
1	196	1
1	197	1
1	198	1
1	199	1
1	200	1
1	201	1
1	202	1
1	203	1
1	204	1
1	206	1
1	207	1
1	217	1
1	219	1
1	111	1
1	115	3
2	68	2
2	101	1
2	402	1
2	403	2
2	404	2
2	62	1
3	448	1
3	449	1
3	446	1
4	473	1
4	474	1
4	475	1
4	4	1
8	556	1
8	557	1
8	558	1
8	559	1
8	560	1
8	561	1
8	562	1
9	39	1
9	617	1
9	619	1
9	620	1
9	621	1
9	622	1
10	664	1
11	1	1
11	706	1
11	707	1
11	708	2
11	709	1
11	6	1
11	711	1
11	713	1
11	714	1
11	715	1
11	82	1
11	468	1
13	986	1
13	673	1
13	944	1
13	946	1
13	952	1
13	825	2
13	959	1
13	963	1
13	967	1
13	840	2
13	969	2
13	844	2
13	973	1
13	978	1
13	980	1
13	982	1
13	983	1
13	984	1
13	990	1
13	991	1
13	992	2
13	996	1
13	999	1
14	1384	1
14	1385	1
15	1412	1
15	741	1
16	3	4
16	1430	1
16	1431	1
16	1432	1
16	1434	1
16	1436	1
17	42	1
17	1468	1
18	1496	1
18	1497	1
18	1026	2
18	61	4
18	1493	2
19	1496	1
19	1499	1
20	1539	3
20	1542	2
20	1543	2
20	783	1
20	1297	2
20	1554	2
20	867	1
20	52	1
20	1558	1
20	1559	1
20	1561	1
20	61	1
20	1534	3
21	1629	1
21	1630	1
22	650	1
22	796	1
22	1184	1
22	803	2
22	1455	1
22	1723	1
22	1726	1
22	1730	1
22	1731	1
22	1732	1
22	1733	1
22	1735	1
22	931	1
22	984	1
22	859	1
22	991	1
22	1647	7
22	886	1
23	840	1
23	9	1
23	1866	2
24	1925	1
24	1926	1
24	1927	1
24	1928	1
24	1929	1
24	1559	1
24	459	2
24	1935	1
24	1937	1
24	1939	1
24	1940	1
24	469	1
24	1942	1
24	823	2
24	1943	1
25	867	1
25	729	1
25	91	1
25	61	2
26	2059	1
26	2060	1
26	2061	1
28	288	1
28	311	2
28	2115	1
28	2116	1
28	2117	1
28	2118	1
28	2119	1
28	64	1
28	298	1
28	555	2
28	687	1
28	562	1
28	1427	1
28	1559	2
28	569	1
28	572	1
28	413	1
29	400	1
29	288	1
29	2090	6
29	67	1
29	2294	1
29	2265	1
29	2266	1
29	2269	1
29	2272	1
29	2273	1
29	1634	2
29	2281	1
29	2282	1
29	2283	1
29	2284	1
29	2287	1
29	2288	1
29	2289	1
29	2293	1
29	1398	1
29	2296	1
29	2297	1
29	2298	1
29	635	1
29	2301	1
29	2302	1
30	2539	2
30	1542	1
30	1561	1
30	1448	1
30	2559	1
30	1592	1
30	446	1
30	460	1
30	2514	2
30	2521	2
30	90	1
30	91	1
30	619	1
30	2156	1
30	2541	2
30	2546	1
30	2548	1
30	2549	1
30	2550	1
30	2555	1
30	2556	1
30	2557	1
30	1534	3
30	895	1
31	1530	1
31	53	1
32	2656	1
32	2657	1
32	696	1
33	2692	1
33	2693	1
33	774	1
33	2694	1
33	1360	1
33	729	1
33	1530	1
34	641	2
34	2722	2
34	2727	3
34	120	1
36	34	1
36	35	1
36	1286	3
36	1458	1
36	1304	1
36	2779	1
36	2780	1
37	2800	1
37	2801	1
37	2802	1
37	2803	1
38	1920	1
38	1676	1
38	1964	2
38	1519	1
38	2866	1
38	2867	1
38	2868	1
38	2869	1
38	2871	1
38	2875	1
38	2876	1
39	2977	1
39	2979	1
39	2980	1
39	2251	2
39	2040	1
39	2073	1
39	2975	1
41	3045	1
42	1248	1
42	2785	1
42	36	1
42	5	2
42	3073	1
42	1281	1
42	1458	1
42	2387	2
42	62	1
42	3067	1
42	3071	1
43	2337	1
43	3112	1
43	3113	1
43	3114	1
43	731	2
44	2	1
44	1327	1
44	1893	1
44	2590	1
45	3172	1
45	1381	1
45	23	1
45	655	1
45	16	1
45	463	1
45	3173	1
45	61	1
46	3224	2
46	3227	1
46	1635	1
47	1	1
47	2092	1
47	902	1
47	3246	1
48	90	1
48	84	1
48	61	1
48	3270	1
48	3269	1
49	929	1
49	2679	1
49	651	2
49	652	1
49	1199	2
49	29	1
49	3318	1
49	3319	1
49	3320	1
49	2040	2
49	3322	2
49	3324	1
49	3325	2
50	2688	1
50	2178	1
50	3382	1
50	2350	2
50	2998	1
51	75	1
51	398	1
51	689	2
51	3411	1
51	3412	3
51	3414	1
51	3415	1
51	3416	1
51	3419	1
51	3420	1
51	3421	1
52	107	1
52	1830	1
52	3494	3
52	662	1
52	111	1
52	3506	1
52	1679	1
52	2640	1
52	3512	2
52	3474	2
52	3508	1
52	3509	1
52	3510	1
52	2040	1
52	3513	1
53	2131	1
53	1927	1
53	458	1
53	622	1
53	3600	1
53	3601	1
53	3602	1
53	3603	1
53	3604	1
53	3605	1
53	59	1
54	739	1
54	2638	1
54	751	1
54	52	3
54	1780	1
54	729	2
54	61	1
54	3647	1
55	3681	1
55	2698	2
55	67	1
56	3713	1
56	3705	2
56	1977	1
57	3744	1
57	3743	1
58	906	1
58	3767	1
58	3766	1
58	1431	1
58	3768	1
58	3770	1
58	3771	1
58	1309	1
58	1311	1
59	3821	1
59	1899	1
59	3820	1
59	1901	1
59	1903	1
59	1907	1
59	86	3
59	1527	1
59	1497	1
60	3901	2
60	3912	1
60	3913	1
60	3915	2
60	3916	1
60	3917	1
60	3918	1
60	3926	1
60	3941	1
60	3942	1
60	3943	1
60	3944	1
60	2798	1
60	2801	1
61	4100	1
61	3223	1
62	4128	1
62	4130	1
62	4132	1
62	4133	1
62	4134	1
62	3915	1
62	3917	1
62	3998	1
62	4125	1
63	4227	1
63	4233	1
63	4235	1
63	111	2
63	3315	1
63	4214	2
63	388	2
63	2415	1
64	4338	1
65	68	1
65	2459	1
65	411	1
65	197	1
65	2118	1
66	611	1
66	3271	2
66	78	1
66	4377	1
66	4378	1
67	4416	1
67	897	1
67	2638	1
67	1309	1
67	2640	1
67	1614	1
67	1431	1
67	4413	1
67	4414	1
67	4415	1
68	4481	1
68	4482	1
68	4484	1
68	4485	1
68	731	1
68	3180	1
68	4477	1
68	4486	1
68	4483	1
68	734	1
68	728	1
68	3097	1
68	91	1
68	4476	1
68	61	1
68	4479	1
69	1611	1
69	4548	1
69	553	1
70	4609	2
70	1156	1
70	1157	1
70	1158	1
70	23	1
70	4625	1
70	4626	1
70	4627	1
70	4630	1
70	4641	1
70	4642	1
70	4643	1
70	4646	1
70	4651	1
70	4656	1
70	4658	1
70	4661	1
70	4662	1
70	4663	1
70	4664	1
70	4666	1
70	4667	1
70	4668	1
70	4669	1
70	1731	1
70	1732	1
70	1740	1
70	1747	1
70	1109	1
70	1624	1
70	990	1
70	996	1
70	1130	1
70	2898	1
70	1007	1
70	798	1
70	1749	1
71	2067	1
71	2092	2
71	690	5
71	3893	1
71	1592	1
71	2626	2
71	454	4
71	4946	2
71	4965	3
71	4971	1
71	4972	1
71	4973	1
71	4975	2
71	4976	2
71	4977	1
71	4979	1
71	4981	1
71	4982	1
71	4984	1
71	4985	1
71	4987	1
71	1533	1
72	727	1
73	5057	1
73	834	1
73	5059	1
73	5058	1
73	1822	2
74	1920	2
74	1619	1
74	2022	1
75	2571	1
75	5134	1
75	3604	1
75	5141	1
75	5142	1
75	5143	1
75	5146	1
75	1566	3
75	5151	1
75	32	1
75	1453	2
75	54	11
75	722	1
75	5152	1
75	1603	1
75	1611	6
75	462	1
75	2127	1
75	1490	1
75	2516	3
75	5093	1
75	488	1
75	2156	1
75	4973	2
75	1492	1
76	2488	1
76	98	5
76	4355	1
76	2356	1
76	5222	1
77	897	1
77	1313	1
77	3056	1
77	1073	1
77	736	1
77	1364	1
77	91	1
77	5246	1
77	5247	1
79	2697	2
79	1090	1
79	402	1
79	2453	2
79	2456	3
79	2713	1
79	2714	1
79	2716	1
79	2717	1
79	3230	2
79	2719	1
79	3365	4
79	813	2
79	814	1
79	2461	1
79	816	1
79	2718	1
79	64	1
79	5314	2
79	68	3
79	198	1
79	2252	1
79	2701	1
79	5328	1
79	5329	1
79	5334	1
79	5337	1
79	1629	1
79	2725	1
79	2288	1
79	3668	1
80	5510	2
80	5515	1
80	913	1
80	3485	2
80	822	2
80	3526	2
80	5476	12
80	5477	2
80	1681	1
80	5481	2
80	107	1
80	3826	1
82	5612	1
82	5613	1
82	5615	1
83	3049	1
83	662	1
83	5303	1
84	5663	1
84	422	1
85	2304	1
85	5835	1
85	5383	1
85	396	1
85	2336	1
85	3346	1
85	5798	1
85	5831	1
85	5806	1
85	5814	1
85	5815	1
85	5816	1
85	5822	1
85	5826	1
85	3269	1
85	5793	1
85	5833	1
85	5834	1
85	3276	1
85	3106	1
85	207	1
85	3384	1
85	5663	2
85	2397	1
85	5819	1
85	4583	1
85	4328	1
85	3305	1
85	3175	1
85	4590	1
85	5664	1
85	3391	1
85	1385	1
85	4223	2
86	897	1
86	1927	1
86	906	1
86	911	1
86	784	1
86	3603	1
86	1307	1
86	1440	1
86	1313	1
86	1320	2
86	1325	1
86	1329	1
86	1330	1
86	3764	1
86	53	1
86	52	1
86	59	1
86	2638	1
86	463	1
86	733	1
86	865	1
86	867	1
86	740	1
86	487	1
86	617	1
86	751	1
86	6134	1
86	6135	1
86	6137	1
87	6240	1
87	2192	1
87	3675	1
87	2716	1
87	63	1
87	2288	1
87	148	1
87	414	1
87	2345	1
87	413	1
87	2715	1
87	6236	1
87	6237	1
87	5406	2
88	5271	1
88	2317	1
88	398	1
88	146	1
88	5909	1
88	6294	1
88	6296	1
88	6297	1
88	6298	1
88	6302	1
88	5793	1
88	4422	1
88	413	1
88	5945	2
88	5306	1
88	2118	1
88	201	1
88	6226	2
88	1444	1
88	6234	1
88	1885	3
88	4579	1
88	5604	1
88	1381	1
88	3688	1
88	3691	1
88	6261	1
88	3190	1
90	1	104
90	2822	1
90	6446	1
90	3993	1
90	4125	1
90	4128	1
90	6439	1
90	6440	1
90	6441	1
90	4142	1
90	6449	1
90	6450	1
90	6451	1
90	6452	1
90	4150	1
90	4154	1
90	4156	1
90	3901	1
90	3902	2
90	3904	2
90	449	8
90	4190	1
90	4195	1
90	3944	1
90	4158	1
90	3959	1
91	6555	1
91	6558	1
91	6559	1
92	4355	2
92	3229	1
93	4739	1
93	4741	2
93	3085	1
93	162	1
93	4338	1
93	5168	1
93	62	4
93	707	1
93	202	1
93	3275	1
93	5974	1
93	5093	2
93	6634	1
93	4976	1
93	2546	2
93	2750	2
93	503	1
94	6688	2
94	6692	1
94	6695	1
94	6697	1
94	2838	1
94	824	1
94	2852	1
95	6753	1
95	834	2
95	6755	1
95	6756	1
95	37	1
95	2129	1
95	72	2
95	5257	1
95	2986	2
95	2155	1
95	620	1
95	6754	1
95	2638	1
95	1457	1
95	1588	1
95	1262	1
95	865	1
95	92	2
95	5246	1
97	4482	1
97	906	1
97	1431	1
97	1561	1
97	3102	1
97	2591	1
97	3618	1
97	2595	1
97	6820	1
97	2598	1
97	53	1
97	6338	1
97	731	2
97	744	1
97	489	2
97	2155	1
97	751	1
97	3440	2
97	1268	1
97	1279	1
97	1310	1
97	4479	1
99	1593	1
99	460	1
99	2539	1
99	1324	1
99	6898	1
99	1583	1
99	6897	1
99	2546	1
99	1622	1
99	2583	1
99	1529	1
99	2587	1
99	2780	2
99	1534	2
99	6895	1
100	6926	1
101	2	1
101	1355	1
101	70	1
101	1320	1
101	459	1
101	2638	1
101	3411	1
101	1780	1
101	1270	1
101	727	1
101	6939	1
101	6941	1
101	6111	1
102	6963	1
102	6965	1
102	6966	1
103	1026	4
103	7047	1
103	7050	1
103	7051	1
103	3085	1
103	7055	1
103	7060	2
103	7069	1
103	7070	1
103	2975	4
103	7074	1
103	7075	1
103	5284	1
103	5798	1
103	201	1
103	1631	1
103	1512	3
104	6966	1
105	5063	1
105	7214	1
105	7217	1
105	6559	1
105	543	1
106	2928	1
108	897	1
108	740	1
108	1509	1
108	1320	1
108	1257	1
108	107	1
108	2060	12
108	6893	1
108	3856	9
108	7283	1
108	1438	1
108	3071	1
110	1364	1
110	2513	1
110	3764	1
112	227	1
112	7380	1
113	398	2
113	7450	1
113	7451	1
113	7453	1
113	7456	1
113	7462	1
113	7480	1
113	3412	1
113	3415	1
113	3419	1
113	3420	1
113	3421	1
113	3422	1
113	876	1
113	877	2
113	120	1
114	1600	1
114	7593	1
114	3182	1
115	6113	1
115	6850	1
115	483	1
115	1285	1
115	1960	1
115	73	1
115	2626	1
115	7629	1
115	7632	1
115	1283	1
115	7631	1
115	60	1
116	7683	1
116	7693	1
117	7896	1
117	7877	1
117	7879	1
117	7881	1
117	7882	1
117	7884	1
117	7885	1
117	7902	1
117	7776	4
117	7778	2
118	3356	1
118	158	1
118	2332	1
118	7239	1
118	6088	1
118	3385	1
118	64	1
118	8144	1
118	8145	1
118	8147	1
118	8149	1
118	8151	1
118	8152	1
118	2401	2
118	5972	1
118	637	1
118	638	1
119	2969	1
119	8177	1
119	3121	1
119	3378	1
119	3380	1
119	2249	1
119	2251	1
119	8272	1
119	8275	1
119	724	1
119	8151	1
119	1885	1
119	8160	2
119	8161	1
119	8163	2
119	8166	1
119	8168	1
119	8169	1
119	8170	1
119	8173	1
119	7409	1
120	611	1
120	8333	1
121	2056	1
121	1554	1
121	1429	2
121	5017	1
121	3613	1
121	8357	1
121	8359	1
121	8360	1
121	8364	1
121	686	5
121	53	1
121	451	1
121	452	1
121	458	2
121	5195	1
121	77	1
121	4075	2
121	4973	1
121	1279	1
122	481	1
123	3043	1
123	1418	1
123	8431	1
123	6046	1
124	2457	1
124	3123	1
124	3049	1
125	8496	1
125	2965	1
125	2967	2
125	2968	2
125	2969	2
126	592	13
126	640	1
126	8567	1
127	6592	1
127	8591	1
127	8592	1
127	8593	1
127	8594	2
127	2035	1
127	2649	4
128	8451	3
128	8586	2
128	8587	2
128	8591	1
128	8592	1
128	145	2
129	1635	1
129	100	1
129	2725	1
129	7239	1
129	6073	1
129	3230	1
129	4383	1
130	8711	1
130	507	2
131	8721	1
131	8719	1
133	2082	1
133	1482	1
133	6704	5
133	8757	1
133	822	3
133	3594	2
133	4446	2
134	5272	1
134	413	1
134	5406	2
134	2343	1
134	2345	1
134	414	1
134	5415	1
134	3267	1
134	481	1
134	8786	3
134	1550	1
134	2718	1
134	6236	1
134	6237	1
134	1886	3
134	8799	1
134	8800	1
134	8801	1
134	3682	1
134	8803	1
134	8805	1
134	4587	3
134	2031	2
134	2293	1
134	2294	1
134	4349	1
135	611	1
135	3268	1
135	2725	1
135	422	1
135	3003	1
135	2416	1
135	2758	1
135	8431	1
135	2459	1
135	4350	1
136	5461	1
136	1559	1
137	678	1
137	5201	1
137	3466	7
137	2638	1
137	4045	1
137	1521	3
137	5010	2
137	1498	1
137	894	1
137	2783	2
138	406	1
138	2054	1
138	8903	1
138	6312	2
138	8905	1
138	4368	1
138	8	1
138	2387	1
138	8468	1
138	822	1
138	6073	1
138	3668	1
138	8913	1
138	8118	1
139	9008	1
139	9014	1
139	7669	1
140	3500	1
140	9083	1
140	1780	1
140	750	1
140	3495	1
141	4992	1
141	449	1
141	1955	1
141	40	1
141	3402	2
141	1484	1
141	6834	1
141	1453	3
141	9104	2
141	9107	1
141	5045	1
141	9110	1
141	1364	1
141	9109	2
142	1600	1
142	865	1
142	1571	1
142	6768	1
142	1589	1
142	1949	1
142	3071	1
143	1537	1
143	9217	2
143	6414	1
143	9232	1
143	9237	1
143	9240	1
143	9242	1
143	3616	1
143	5167	3
143	904	1
143	1588	2
143	1592	4
143	5177	1
143	9238	1
143	4544	1
143	718	1
143	709	1
143	459	1
143	9168	2
143	3598	2
143	483	1
143	6888	1
143	3439	1
143	2162	1
143	1526	1
143	6913	1
144	1571	1
144	1425	1
144	5461	2
144	1308	1
144	9374	1
144	5151	2
145	4483	1
145	4485	1
145	3768	1
145	754	1
145	784	1
145	3761	1
145	3762	1
145	2613	1
145	728	1
145	1304	1
145	4479	1
146	3260	2
146	719	1
147	9448	2
147	78	2
147	4296	1
147	9459	1
147	9463	1
148	1	1
148	1410	1
148	4422	1
148	9511	1
148	1263	1
148	463	2
148	731	1
148	1535	1
149	8617	1
149	9519	3
149	9556	1
149	9557	1
149	9558	1
149	9562	1
149	9564	1
150	68	2
150	4358	1
150	5977	1
150	201	1
150	3003	1
150	5407	1
151	9731	1
151	8863	1
151	2724	1
151	6086	1
151	2089	1
151	2350	1
151	4412	1
151	5698	1
151	6085	2
151	198	1
151	199	1
151	7134	2
151	2401	1
151	2295	1
152	388	1
152	3223	1
152	4100	2
152	4101	1
152	2091	1
152	63	1
152	64	1
152	2119	1
152	6091	1
152	6094	1
152	8660	1
152	3684	1
152	99	1
152	5348	1
152	101	1
152	5224	1
152	2295	1
153	5858	1
153	196	1
153	9832	1
153	2572	1
153	3319	1
153	1049	1
153	2461	1
155	5184	1
155	871	1
155	9934	2
155	3861	2
155	1498	1
155	2011	1
156	10001	1
156	4630	1
156	4642	1
156	4643	1
156	4646	1
156	1196	1
156	4626	1
156	2627	1
156	2628	1
156	2629	1
156	4683	1
156	4684	1
156	4702	1
156	2149	1
156	4712	1
156	1133	1
157	2625	1
157	1925	1
157	1926	1
157	2561	1
157	713	1
157	10123	1
157	76	1
157	5104	2
157	3603	1
158	6969	1
158	493	1
159	1312	2
159	4484	1
159	6806	1
159	3078	1
159	8359	1
159	1897	1
159	490	5
159	3468	1
159	2575	2
159	2163	2
159	6646	1
159	3062	1
159	5129	1
159	5144	1
159	2788	1
159	730	1
159	91	2
159	3101	2
159	3596	1
159	6847	1
160	438	1
160	5704	1
160	105	1
160	10192	1
160	437	11
160	2646	1
160	6039	1
160	6969	1
161	10208	4
161	10216	2
161	10221	1
161	3476	1
161	5464	8
161	2885	1
162	3904	2
162	2022	3
162	2822	1
162	8776	1
162	2808	1
162	1727	1
162	10260	2
163	9774	1
164	2822	1
164	2817	1
164	2829	1
164	2812	1
165	10336	1
165	5643	1
165	1509	1
165	3398	1
165	203	1
165	3794	1
166	10400	1
166	10401	1
166	10402	1
166	10403	1
166	7884	1
166	4109	1
166	10398	1
166	10399	1
167	10497	2
167	7434	1
167	7436	1
167	7438	1
167	2580	1
167	1564	1
167	1437	6
167	476	2
167	1324	1
167	51	2
167	4541	1
167	1600	2
167	6195	2
167	715	1
167	459	2
167	591	1
167	6608	2
167	92	2
167	8417	1
167	487	1
167	488	9
167	235	1
167	2159	2
167	4090	1
167	4092	2
167	10495	1
168	6691	2
168	1128	1
168	10569	1
168	655	1
168	27	1
169	10593	1
169	7550	1
170	6242	1
170	67	1
170	5798	1
170	3307	1
171	10619	2
171	10622	1
172	8905	2
172	10643	1
172	4116	1
172	10398	1
173	2855	1
174	5826	2
174	6023	1
174	2377	1
174	2380	1
174	401	1
174	8113	1
174	10684	2
174	3380	3
174	6025	1
174	1212	1
175	2528	1
175	10699	2
175	485	3
175	107	4
175	1549	1
175	1597	1
175	6174	1
175	1279	1
177	8152	1
177	3066	1
179	2764	1
179	622	2
179	728	1
179	4535	1
179	4476	1
179	4474	4
180	2894	1
180	6681	1
180	8764	1
181	61	1
182	1896	1
182	113	1
182	1410	1
182	1277	1
182	465	1
183	51	1
183	10766	2
183	686	1
184	6626	1
184	61	2
184	694	1
185	591	1
186	730	1
186	5	1
187	2983	2
187	10826	1
187	3627	1
187	6923	1
187	3400	1
187	2067	1
187	4998	1
187	1592	1
187	8412	1
187	61	2
187	2046	1
188	768	1
188	2560	1
188	3587	1
188	3716	1
188	5	1
188	10886	1
188	6535	1
188	906	1
188	2571	1
188	10892	1
188	3480	1
188	1947	8
188	5535	1
188	4002	1
188	1443	1
188	39	2
188	4992	1
188	689	1
188	3251	1
188	823	4
188	3487	1
188	10890	1
188	708	1
188	2119	1
188	7632	1
188	1490	1
188	467	1
188	1273	2
188	1886	1
188	2146	11
188	4582	1
188	3431	3
188	491	2
188	2545	1
188	6427	2
188	2553	1
188	2045	6
189	10977	1
189	6659	1
189	36	1
189	727	1
189	7592	1
189	2571	1
189	1613	1
189	1518	1
189	751	1
189	1359	1
189	6339	1
189	10964	1
189	1430	1
189	1449	1
189	6875	1
191	550	1
191	11022	1
191	11024	1
191	11025	1
191	11026	1
191	11027	1
191	11028	1
191	11029	1
192	2881	1
192	554	1
192	555	2
193	11099	1
193	9690	1
194	9912	1
194	3097	1
194	59	2
194	733	1
195	3768	1
195	107	1
196	10976	1
196	53	1
197	420	1
198	11146	1
198	2317	1
199	11190	1
199	9975	1
199	813	1
199	11194	1
199	816	2
199	11187	1
199	11188	1
199	11189	2
199	10870	1
199	5337	1
199	3546	2
199	11195	1
199	11198	1
200	3512	1
200	11172	2
200	11181	1
201	3681	2
201	4355	1
201	6088	1
201	11244	1
201	7440	1
201	3218	1
202	10626	1
202	11274	1
202	111	1
202	1455	1
202	2040	2
202	859	1
202	2975	1
203	834	2
204	1593	1
204	3764	1
204	4485	1
206	2692	1
206	5222	1
206	2726	2
206	169	1
206	3659	1
206	2118	1
206	496	1
206	189	1
206	1394	1
206	8151	1
206	6296	1
206	8666	1
206	5660	1
207	9450	1
207	11307	1
207	5390	2
207	4721	1
207	9427	2
208	3041	1
210	1072	1
210	11364	2
210	829	2
211	11393	1
211	9222	1
211	1032	1
211	622	1
211	1512	1
211	9171	1
211	822	1
211	11390	1
212	11424	1
212	1	1
212	6887	1
212	2603	1
212	717	2
212	2638	1
212	911	1
212	1553	1
212	472	1
212	732	2
212	1342	1
213	1120	1
213	3746	1
213	2983	2
213	8	2
213	841	1
213	651	1
213	66	1
213	398	1
213	3416	1
213	3063	1
213	11449	1
213	11450	1
213	3419	1
213	3420	1
213	3421	2
213	3422	1
214	11489	1
214	3905	1
214	3917	1
214	3899	1
214	4124	1
214	3901	1
214	3902	1
215	4651	1
215	4627	1
216	597	1
216	550	4
217	1032	1
217	651	2
217	1932	1
217	3598	1
217	7191	1
217	3099	1
217	3616	2
217	420	2
217	1322	2
217	3756	2
217	52	1
217	6750	1
217	10678	4
217	479	1
217	70	1
217	715	1
217	78	3
217	79	2
217	9951	1
217	1119	1
217	740	1
217	1518	2
217	1777	1
217	3069	1
217	4223	1
218	1	1
218	1539	1
218	4485	3
218	774	2
218	1345	2
218	776	1
218	780	1
218	1411	1
218	1303	1
218	3101	1
218	5023	1
218	902	3
218	53	1
218	3764	1
218	10171	1
218	60	2
218	3773	1
218	449	1
218	458	1
218	77	1
218	2638	1
218	465	1
218	2645	1
218	729	1
218	730	1
218	731	1
218	1614	1
218	94	1
218	735	1
218	1254	1
218	487	1
218	2155	1
218	1900	1
218	2612	1
218	752	1
220	11648	1
220	10865	1
220	11657	2
220	1089	1
221	4483	1
221	2645	1
222	9102	1
222	9812	1
223	6658	3
223	1923	1
223	6799	23
223	10774	1
223	3610	1
223	6812	1
223	6180	1
223	2856	1
223	1330	1
223	5045	2
223	6202	1
223	1342	2
223	722	2
223	83	1
223	11737	5
223	9951	1
223	2145	1
223	488	1
223	4089	1
224	201	1
224	202	1
224	662	1
225	11827	1
225	2370	1
225	3660	1
225	413	1
225	625	1
225	499	1
225	61	3
225	2367	1
226	2	1
226	491	1
226	8393	1
226	684	1
226	34	1
227	483	1
227	678	1
227	11881	1
227	5135	1
227	6608	1
227	2514	1
227	9171	1
227	6620	1
227	2047	1
228	10678	3
228	7095	2
229	3201	1
229	11908	1
230	388	1
230	3223	1
230	2325	2
230	11927	1
230	7069	1
230	2718	1
230	2715	1
230	298	1
230	2717	1
230	7098	1
230	3393	1
230	2713	1
230	1626	1
230	5348	1
230	2714	1
230	5224	1
230	111	1
230	4100	1
231	66	2
231	8329	1
231	7060	1
231	3227	1
232	11522	2
232	6533	1
232	1430	2
232	12012	1
232	1452	2
232	2159	1
232	1490	1
232	2163	1
232	1943	1
232	1338	1
232	2012	1
232	1055	1
233	613	2
233	6118	1
233	12026	1
233	485	1
233	5197	1
233	1311	1
233	53	3
233	902	1
233	5013	1
233	9300	1
233	6522	1
233	731	2
233	2780	2
234	454	1
234	2022	2
234	2695	1
234	2124	1
234	2791	1
234	12047	1
234	12048	1
234	1560	1
234	1364	1
234	1559	1
234	824	1
234	10171	1
234	892	1
234	69	1
235	8451	1
235	12165	2
235	8584	1
235	12170	1
235	12171	1
235	12174	1
235	12176	2
235	12179	2
235	8471	1
235	8473	1
235	12186	1
235	8475	1
235	12188	1
235	12191	1
235	2219	1
235	2225	2
235	11958	1
235	11139	1
235	2237	1
235	10943	1
235	833	1
235	4290	1
235	4293	1
235	4294	1
235	4295	1
235	4297	1
235	4300	1
235	78	4
235	5389	1
235	3152	1
235	12117	2
235	8472	1
235	11365	1
235	10620	1
235	12147	2
235	11390	1
235	12156	2
236	9008	2
236	149	1
236	62	2
237	6704	2
237	11356	1
237	1482	1
237	6681	1
238	3564	1
238	12351	1
239	1528	1
239	488	1
239	491	1
239	52	3
239	1893	1
241	729	1
241	3261	1
241	2638	1
242	12448	2
242	12450	3
242	12463	1
242	12467	1
243	10405	1
243	4108	1
243	5329	1
243	8597	4
244	4992	1
244	1	243
244	2	2
244	6150	2
244	1345	1
244	108	1
244	2058	2
244	710	1
244	6163	4
244	3861	35
244	4953	1
244	3841	1
244	1309	1
244	6175	3
244	12585	1
244	1608	1
244	691	2
244	8376	1
244	6457	1
244	74	1
244	449	3
244	1348	1
244	709	6
244	70	5
244	72	1
244	6218	2
244	2635	4
244	4944	1
244	2517	1
244	3257	1
244	1572	1
244	476	2
244	2016	1
244	1488	5
244	4486	1
244	871	1
244	468	1
244	1262	1
244	2553	2
244	4986	1
244	893	1
246	12681	1
246	12682	1
247	1378	1
247	553	1
247	906	1
247	3663	1
247	12691	1
247	406	1
247	729	1
247	761	1
247	3773	1
247	1727	1
248	1026	1
248	3142	2
248	12711	1
248	2506	1
248	2733	1
248	6966	1
248	2330	1
248	9183	1
250	5415	1
250	2703	1
250	635	1
250	6236	1
250	6237	1
250	1886	1
251	833	1
251	2715	1
251	197	1
251	5703	1
251	5709	1
251	143	1
251	6231	1
251	111	1
252	640	1
252	12112	1
252	4076	1
252	752	1
252	52	1
252	729	2
252	730	2
252	59	1
252	6394	1
252	1311	1
253	3684	1
253	70	1
253	3176	2
253	4076	1
253	77	1
253	463	2
253	9512	1
253	2643	1
253	1974	1
253	9911	1
253	728	1
253	731	1
253	1631	1
254	5	1
254	94	1
254	1951	1
255	2688	1
255	2506	1
255	3790	1
255	5361	3
256	707	1
256	70	1
256	1927	2
256	5034	1
256	12855	1
256	727	2
256	2136	1
258	12129	1
258	12878	1
258	2238	1
259	1304	1
259	3773	1
259	1270	1
261	2624	2
261	1923	1
261	1893	3
261	1960	1
261	73	1
261	779	2
261	7629	1
261	1583	1
261	6834	1
261	12917	1
261	75	1
261	1971	1
261	69	1
262	2283	1
262	3335	1
262	202	3
262	440	2
262	12947	1
262	12948	1
262	406	1
262	5443	1
262	5816	2
262	3508	1
262	2282	1
262	2398	1
262	3391	1
263	1128	1
263	918	1
265	10976	2
265	13175	1
265	13176	1
265	13178	1
267	9924	1
267	11205	2
267	2695	1
267	1519	2
267	2649	4
267	6750	2
268	7606	1
269	2528	1
269	3859	1
269	54	1
269	1561	1
270	1281	1
270	1960	1
270	7274	1
270	2159	1
270	3069	2
271	2641	2
271	113	1
271	5311	3
273	4100	1
273	4358	1
273	660	1
273	2458	1
273	6043	1
273	2330	1
273	2459	1
273	196	2
273	3656	1
273	201	1
273	6091	1
273	5348	1
273	5224	1
273	111	1
274	1075	1
274	12671	1
275	8	1
275	62	3
275	8113	1
276	834	2
276	2987	2
277	12034	2
277	6277	1
277	3095	1
277	1425	3
277	5268	1
277	5149	1
277	5152	1
277	10913	1
277	4002	1
277	10918	1
277	9255	1
277	6441	1
277	1971	2
277	1332	1
277	5045	1
277	6200	1
277	6331	1
277	4540	1
277	5194	1
277	5155	1
277	13382	1
277	5153	1
277	13387	2
277	13385	1
277	75	1
277	13389	1
277	10836	5
277	87	1
277	728	1
277	731	2
277	2013	3
277	10897	1
277	487	1
277	8428	1
277	4333	2
277	2542	1
277	11889	6
277	3698	2
277	6819	1
277	4344	1
277	4479	1
278	13504	1
278	9596	1
278	12244	1
278	9592	1
278	9658	1
279	2850	1
279	11080	4
279	3594	4
279	2987	1
279	1482	1
280	10945	1
280	6395	2
280	1032	1
280	591	2
280	2928	1
280	1493	2
280	822	1
280	9564	1
280	6397	1
281	13693	1
282	2089	2
282	2091	2
282	637	1
282	3275	1
282	11324	1
282	8117	1
282	2681	2
282	158	1
283	865	1
283	4482	1
283	1893	1
283	902	2
283	487	1
283	906	1
283	733	1
283	1538	1
283	3773	1
283	13745	1
283	90	1
283	901	1
283	3777	1
283	731	1
283	61	2
283	4485	1
284	4100	1
284	6282	1
284	2060	1
284	4383	4
284	2356	1
284	1596	1
284	8130	1
284	201	1
284	13781	1
284	2527	4
284	98	3
284	59	1
284	4586	1
284	5233	1
284	12023	1
285	3706	1
285	6685	1
285	13799	1
286	1309	1
286	4479	1
288	2754	1
288	2179	1
288	2251	2
288	3059	1
288	3307	2
289	2485	1
289	13829	1
290	6338	1
290	5156	1
290	2598	1
290	3176	2
290	5161	3
290	4076	1
290	621	1
290	6224	1
290	2595	1
290	9300	1
290	732	1
290	3102	1
290	2591	1
292	11364	2
292	6881	1
293	768	1
293	98	1
293	4355	1
293	9105	1
293	11304	1
293	10668	1
293	6754	1
293	3151	1
293	2641	1
293	6738	1
293	7283	1
293	54	1
293	2551	1
293	3448	1
293	1448	1
293	1308	1
293	413	1
293	1438	4
294	2209	1
294	100	1
294	6953	1
294	106	1
294	4600	1
294	2422	2
294	13913	1
294	13914	1
295	1410	1
295	1925	1
295	780	1
295	3603	1
295	5013	1
295	13848	1
295	3097	1
295	6533	1
295	734	1
295	476	1
295	5162	1
295	4148	1
295	53	1
295	10167	1
295	3768	1
295	4029	1
295	6335	1
295	80	1
295	9300	1
295	469	1
295	726	2
295	728	1
295	473	1
295	474	1
295	731	1
295	732	1
295	4190	1
295	2527	1
295	109	1
295	1780	1
295	2555	1
296	774	1
296	487	3
296	906	1
296	7275	1
296	1614	1
296	1329	1
296	1330	1
296	53	1
296	1561	1
296	1307	1
297	2626	2
297	4975	1
297	454	3
297	2055	1
297	4970	1
297	4971	1
297	4972	1
297	4973	1
297	5135	1
297	10715	1
298	1920	5
298	481	1
298	772	1
298	1893	1
298	902	1
298	1335	1
298	2060	1
298	5712	1
298	6	1
298	60	3
298	1253	2
299	625	2
299	13756	1
300	6690	2
300	4740	2
300	6567	1
300	15	2
301	2852	5
302	11139	1
302	1038	1
302	2241	3
302	11598	1
302	1037	1
303	1512	1
303	2641	1
303	62	1
303	1727	1
304	4992	1
304	51	1
304	5250	1
304	3	1
304	3849	1
304	6538	1
304	3595	1
304	13454	1
304	6805	1
304	13471	2
304	92	1
304	6812	1
304	1458	1
304	691	1
304	6457	1
304	11935	1
304	458	1
304	199	1
304	3656	2
304	201	1
304	2517	1
304	78	1
304	9424	1
304	1955	1
304	2133	1
304	1441	1
304	1498	1
304	1500	1
304	2016	1
304	615	1
304	488	1
304	108	1
304	1519	1
304	2553	1
304	4090	1
304	893	1
305	1482	1
305	2893	1
305	4439	2
305	8764	2
306	1128	1
306	11	1
307	7388	1
307	10597	1
308	32	1
308	8417	1
308	9155	1
308	1287	1
308	2569	1
308	792	2
309	51	1
309	10923	1
309	2789	1
309	871	1
309	488	1
309	2524	1
309	2986	2
309	1611	1
309	1272	1
309	83	1
309	1304	1
309	4092	1
309	61	2
309	734	1
310	406	2
310	5767	2
310	5769	1
310	2698	1
310	5643	1
310	398	1
310	2703	1
310	3222	2
310	2714	1
310	2715	1
310	2461	1
310	3230	1
310	7724	1
310	411	1
310	5415	1
310	3676	1
310	2732	2
310	3742	1
310	11318	1
310	2750	1
310	64	1
310	2118	1
310	611	2
310	2318	1
310	6236	1
310	6237	1
310	1886	1
310	1635	2
310	3691	2
310	9710	1
310	414	1
310	2288	1
310	3316	6
310	8565	1
310	8182	1
310	2345	1
310	635	1
311	591	3
311	2929	1
311	11189	2
311	7163	1
311	1866	2
312	3274	1
312	7436	1
312	149	1
312	7414	1
313	1126	1
313	10760	2
313	555	3
313	14070	1
313	8594	1
313	2035	2
313	4276	2
313	8597	3
313	2649	6
315	281	1
315	3316	1
315	268	1
316	1923	1
316	9110	1
316	1547	1
316	1292	1
316	3597	1
316	3857	1
316	1299	1
316	1430	4
316	6941	1
316	9136	1
316	1575	1
316	1321	1
316	14509	1
316	1584	1
316	51	1
316	9269	1
316	1601	1
316	1353	1
316	1614	1
316	1489	1
316	727	3
316	1496	1
316	91	1
316	2143	1
316	483	1
316	485	3
316	488	1
316	491	4
316	2545	1
316	6131	1
316	2553	1
316	3069	1
316	3838	1
317	9753	1
317	2240	1
317	6990	1
317	11348	1
317	12131	1
317	14566	1
317	14574	1
317	9456	1
318	901	1
318	8	1
318	2251	1
318	2738	1
319	4992	1
319	2135	1
319	6926	1
319	6801	1
319	1299	1
319	5017	1
319	1317	1
319	58	2
319	708	1
319	2638	1
319	6743	1
319	6112	1
319	865	1
319	489	2
319	1900	1
319	750	1
319	10234	1
319	893	2
320	11270	1
320	6024	1
320	398	1
320	8852	2
320	2197	1
320	5271	1
320	5405	1
320	12704	1
320	7722	1
320	5815	1
320	62	4
320	197	1
320	2999	1
320	6231	1
320	9713	1
320	3067	1
320	6058	1
320	2687	1
321	2704	1
321	3217	1
321	2255	1
322	1664	1
322	1670	1
322	1672	1
322	1675	1
322	1676	2
322	3462	1
322	14505	1
322	14763	1
322	14764	1
322	14765	1
322	14766	1
322	14767	1
322	14768	1
322	14769	1
322	14770	1
322	14771	1
322	9969	1
322	9971	1
322	9972	1
322	9973	1
322	1654	1
322	1655	1
322	1657	1
323	2693	1
323	14875	1
323	7589	1
323	2719	1
323	2749	1
323	3135	1
323	64	14
323	2756	1
323	3789	1
323	3794	1
323	7253	1
323	2396	1
323	11130	7
323	3043	2
323	3175	1
323	14706	1
323	8186	1
324	66	1
324	68	1
324	4581	1
324	12871	1
324	14887	1
324	3275	1
324	493	1
324	3134	3
325	388	9
325	202	1
327	1462	2
329	1539	1
329	2695	3
329	904	1
329	1564	1
329	9374	1
329	1960	1
329	1581	1
329	689	1
329	14909	4
329	87	1
329	6875	1
329	869	1
329	8425	1
329	3182	1
329	1534	1
329	1279	1
330	1993	1
330	1994	1
330	4389	1
330	9103	1
331	1537	1
331	1282	1
331	1411	1
331	900	1
331	1285	1
331	774	1
331	6920	1
331	2569	1
331	779	1
331	1548	1
331	898	1
331	910	1
331	1298	1
331	2579	2
331	14998	1
331	5017	2
331	6174	1
331	1569	1
331	685	1
331	8878	1
331	776	1
331	10035	1
331	3771	1
331	446	2
331	15001	1
331	2124	1
331	2128	1
331	2129	1
331	1273	1
331	2521	1
331	1530	1
331	615	1
331	616	1
331	489	2
331	2582	1
331	619	1
331	10046	1
331	2551	2
331	1272	1
331	2135	1
331	14997	1
332	3051	1
332	2089	1
332	5802	1
332	2091	1
334	5793	1
334	5698	9
334	198	1
334	5993	2
334	2284	1
334	435	3
334	5940	1
334	11125	3
334	7721	1
335	15111	1
335	8388	1
335	1498	3
335	1440	1
335	8356	1
335	5031	1
335	15144	1
335	1458	2
335	5301	1
335	3261	1
335	5188	1
335	709	2
335	3400	1
335	1611	1
335	7116	1
335	6993	1
335	58	2
335	468	2
335	11744	1
335	6888	5
335	4973	1
335	3315	1
335	6134	1
336	3460	2
336	13192	2
336	11175	1
336	3885	2
336	10938	5
336	14282	1
336	5475	1
336	13157	1
336	13158	1
336	15224	1
336	3578	1
337	1537	1
337	4485	1
337	893	1
338	12165	1
338	9479	1
338	5776	1
338	15322	1
338	5281	1
338	6952	2
338	6953	2
338	2222	1
338	6963	1
338	6965	1
338	2238	1
338	2239	1
338	834	3
338	11596	1
338	15319	1
338	15321	1
338	13914	1
338	15323	1
338	15324	1
338	8431	1
338	12145	1
338	12147	1
338	10619	1
338	12156	1
338	12757	1
339	3616	1
339	2139	1
339	7653	1
339	463	1
339	15346	1
339	1588	1
339	4090	1
340	9547	1
340	15376	1
340	15378	3
341	11041	1
341	422	1
341	553	2
341	3114	1
341	5927	1
341	268	1
341	10255	3
341	4566	1
341	3065	1
341	201	1
342	776	1
342	1453	1
342	2702	1
342	6419	1
342	3448	1
342	730	3
342	1342	1
343	662	1
343	2726	1
343	8329	1
343	3335	1
343	8204	1
343	3376	1
343	406	1
343	8727	1
344	6681	1
344	2931	1
345	3216	1
345	78	3
345	422	1
346	15456	1
346	1262	1
346	2077	1
346	52	1
346	1304	1
346	15455	1
346	61	2
346	1983	1
347	66	1
347	3383	1
347	629	1
347	2455	2
347	3135	1
348	5313	1
348	875	1
348	7608	1
350	89	1
350	10787	1
350	711	1
351	2180	1
351	5639	1
351	3084	1
351	12947	1
351	3224	3
351	15519	1
351	12322	1
351	420	1
351	12843	1
351	429	1
351	12848	1
351	2179	1
351	2292	1
351	14666	1
351	66	1
351	8656	2
351	2401	1
351	3307	2
351	3133	1
351	5752	1
351	2684	1
351	4350	1
352	1632	1
352	165	1
352	12709	1
352	10249	1
352	15534	1
352	5297	1
352	3219	7
352	1884	1
352	8959	1
353	12965	1
353	4683	1
353	4658	1
353	4720	1
353	1106	1
353	1747	1
353	4628	1
353	1109	1
353	15548	1
354	2	3
354	2568	6
354	2060	1
354	1943	1
354	8344	2
354	1434	1
354	6941	1
354	1441	1
354	1956	1
354	15588	1
354	7593	1
354	54	1
354	73	3
354	13258	1
354	3407	2
354	1360	2
354	11609	1
354	6863	1
354	476	2
354	9309	1
354	2145	1
354	15587	1
354	1511	1
354	5118	1
355	11588	1
355	3668	1
355	5311	1
356	730	1
356	4086	2
356	703	1
357	7120	1
358	865	1
358	9288	1
358	1254	1
358	3176	1
358	74	1
358	782	2
358	760	1
358	2643	1
358	1909	1
358	792	1
358	731	2
358	892	1
358	1310	1
359	8182	1
359	435	1
359	13239	1
359	6975	1
360	3747	2
360	1032	3
360	2926	1
360	3631	1
360	2037	3
360	15646	1
361	6338	1
361	5032	1
361	4481	1
361	1267	1
361	10751	1
362	10584	1
362	656	1
362	2535	1
363	4482	1
363	39	1
363	487	1
363	3056	1
363	726	1
363	1431	1
363	729	2
363	730	1
364	1049	1
364	2679	1
365	4740	1
365	650	1
365	651	1
365	656	1
365	11352	1
365	4626	1
365	19	1
365	796	1
365	1733	1
365	3624	1
365	1194	1
365	1210	1
365	4668	1
365	2627	1
365	2628	1
365	2629	1
365	969	1
365	3319	1
365	4684	1
365	591	1
365	4695	1
365	2904	1
365	986	1
365	4700	1
365	13790	1
365	608	1
365	2529	1
365	5605	1
366	5126	1
366	5515	1
366	3473	1
366	25	1
366	3483	1
366	3489	1
366	3491	1
366	11172	1
366	28	1
366	822	3
366	824	2
366	953	1
366	4666	1
366	14786	2
366	2885	2
366	13896	1
366	5458	1
366	15830	1
366	15069	1
366	999	1
366	10092	1
366	1007	1
367	2920	3
367	1474	1
368	1889	1
368	451	2
368	1547	1
368	2060	1
368	3853	1
368	15887	1
368	2059	1
368	1496	1
368	3251	1
368	1268	1
368	3893	1
368	1495	1
368	2584	1
368	4026	1
368	59	1
368	61	1
368	1566	1
368	9365	2
369	1	1
369	9543	1
369	3465	1
369	1529	1
369	61	2
369	11198	1
370	2163	1
370	6666	1
370	5135	1
370	6609	1
370	5203	1
370	6646	2
370	15932	1
370	1437	1
371	1030	1
371	8116	2
371	165	1
372	1312	1
372	12682	1
372	1575	1
372	4062	1
372	619	1
372	460	1
372	2781	1
372	3069	1
372	488	1
372	1909	1
372	694	2
372	56	1
372	1433	1
372	6810	3
372	3613	1
372	1434	1
373	15963	1
373	2093	1
373	2094	1
374	1920	1
374	3065	1
374	98	2
374	62	1
375	507	1
375	4453	1
375	11313	1
375	8757	1
375	2776	1
375	4443	1
376	112	2
376	4435	1
376	4535	1
377	5192	1
378	8931	1
378	4934	1
378	78	4
378	8594	1
378	14070	1
379	64	1
379	196	1
379	2118	1
379	2119	1
379	2728	1
379	11624	1
379	2999	1
379	413	1
379	62	2
379	2719	1
380	2100	1
381	5527	1
381	16036	1
381	16041	1
381	1962	2
381	16045	1
381	14262	1
381	11172	1
381	5599	1
381	5481	1
381	3829	6
381	14838	1
383	6551	1
383	11678	1
384	9004	1
384	7693	1
384	9008	2
384	9014	1
385	1920	1
385	8597	1
386	640	2
386	34	1
386	3	2
386	77	1
386	4094	3
388	1281	1
388	2987	3
388	1285	5
388	6407	1
388	5257	1
388	1425	1
388	2579	1
388	39	3
388	683	1
388	2120	1
388	2124	3
388	80	2
388	2129	1
388	470	1
388	90	1
388	3089	3
388	1893	2
388	5094	1
388	81	2
388	108	2
389	16207	2
389	15060	1
389	7264	1
390	16248	1
390	1735	1
390	1744	1
390	1745	1
394	5023	1
394	773	1
394	2583	1
394	2135	1
394	1580	1
394	2126	1
394	2611	1
394	15886	1
394	823	1
394	16287	1
394	863	1
395	6881	1
395	15435	1
396	5424	1
396	2850	1
396	2852	2
396	849	1
396	11560	1
396	112	1
397	1920	2
397	2	4
397	4486	1
397	1935	1
397	3078	4
397	59	7
397	61	6
397	16323	1
397	2116	4
397	713	2
397	7631	1
397	902	1
397	862	1
397	483	1
397	1893	9
397	2541	1
397	6897	1
397	4088	5
398	865	1
398	2	1
398	1539	1
398	16351	1
398	1960	1
398	1545	1
398	2031	1
398	11765	1
398	2582	1
398	1561	1
398	5144	1
398	1593	2
398	91	1
398	95	1
399	3328	1
399	1026	3
399	3611	2
399	2848	1
399	2852	1
399	6695	2
399	8752	1
399	7221	1
399	822	4
399	7120	2
399	2002	2
399	4453	1
399	9574	1
399	9575	1
399	2920	1
399	5612	1
399	16379	1
400	16002	1
400	14119	2
400	4233	1
400	5963	1
400	13742	1
400	3742	1
400	443	1
401	4739	1
401	4617	3
401	21	1
401	940	1
401	14392	2
401	1212	4
401	959	1
401	12881	1
401	978	1
401	10581	6
401	983	1
401	849	3
401	16488	1
401	11501	1
401	4732	6
402	2060	1
403	1947	1
403	36	1
403	16517	1
403	3078	1
403	4969	1
403	1517	1
403	5167	1
403	4976	2
403	1490	1
403	2067	1
403	617	1
403	1498	1
403	12047	1
403	8412	1
403	719	1
404	64	1
404	14437	1
404	5898	1
404	305	1
404	402	1
404	3667	1
404	2999	1
404	12826	1
404	4349	1
404	63	1
405	9532	1
405	10942	1
405	16587	1
405	16594	1
405	9565	1
405	11089	1
405	11112	1
406	197	1
406	6085	5
406	3050	1
406	5826	1
406	111	2
406	2712	1
406	4412	1
406	158	1
406	2719	1
407	1267	1
408	76	1
408	722	1
408	1316	1
408	54	1
408	711	1
409	1412	1
409	774	1
409	11751	1
409	2569	1
409	12050	1
409	2584	2
409	13466	1
409	2591	3
409	2595	2
409	5156	7
409	2092	1
409	6329	3
409	1971	11
409	1600	4
409	9288	1
409	3618	1
409	6224	1
409	1620	1
409	4062	2
409	741	1
409	481	2
409	59	2
409	3771	1
409	743	1
409	617	4
409	747	1
409	3056	1
409	1267	1
409	1780	2
409	10857	1
410	16738	1
410	16739	1
410	78	2
410	5347	1
410	13815	1
410	10297	1
412	16771	1
412	5476	2
412	15826	1
412	1650	2
412	11220	1
412	3511	1
412	5464	1
412	1690	3
412	9885	1
412	16766	1
412	16767	1
413	160	1
413	435	1
415	8	1
415	413	1
415	62	2
416	6977	1
417	16809	1
417	66	2
417	4100	2
417	2318	1
417	3049	1
418	98	1
418	67	2
418	5063	1
418	5064	1
418	12336	1
418	8	1
418	12408	1
418	3386	1
418	3387	1
418	5085	1
419	5731	1
419	16741	3
419	5734	1
420	2983	1
420	11080	1
420	7436	1
420	235	1
420	5612	1
420	8752	1
420	4446	1
422	3139	1
422	5475	1
422	1430	1
422	16842	1
422	1547	1
422	711	1
422	726	1
422	1554	3
422	83	2
422	11542	2
422	5464	1
422	761	1
422	2789	1
423	2302	1
423	3742	2
424	1868	2
424	15	1
425	1956	1
425	1614	1
426	9538	1
427	3400	1
427	7593	1
427	483	1
427	472	1
427	2782	1
435	5764	1
435	4358	1
435	14216	1
435	2703	1
435	13241	1
435	2367	1
436	2048	1
436	3365	1
437	1312	1
437	1	1
437	6339	1
437	487	1
437	71	1
437	10920	1
437	3595	1
437	3857	1
437	10930	1
437	10900	1
437	10901	1
437	9110	1
437	729	1
438	3495	1
438	2568	1
438	60	1
438	460	4
438	51	1
438	10874	1
438	12828	1
441	1978	1
441	6989	1
442	17106	1
442	17107	1
443	10976	1
443	5302	1
445	12748	1
445	9456	1
445	7507	1
445	2233	1
447	1675	1
447	8388	1
447	1543	1
447	14248	1
447	107	4
447	1676	1
447	1457	1
447	8626	2
447	17155	1
447	1654	1
447	2601	1
447	15865	1
448	6949	1
448	9454	1
448	2222	1
448	11287	1
448	17176	1
448	17177	1
448	17179	2
448	12156	1
448	2234	2
449	411	1
449	2118	1
449	2088	1
449	5835	1
449	2703	1
449	3025	1
449	2999	1
449	413	1
449	8827	1
449	4349	1
449	1886	1
449	2719	1
452	2150	1
452	10984	1
452	969	1
452	1229	1
452	1747	1
452	8628	1
452	10997	1
452	4628	1
452	28	1
453	9471	1
454	99	1
454	7588	2
454	16809	4
454	14674	1
454	146	1
454	147	1
454	438	1
454	11927	1
454	7069	1
455	11978	1
456	10629	1
456	8168	1
456	8169	1
456	8272	1
456	17462	1
457	7714	2
457	8994	1
457	7663	5
457	7679	6
458	820	1
459	7496	1
459	17576	1
459	8514	2
459	7572	1
459	17577	1
461	7451	1
461	219	1
462	15440	1
462	8903	1
462	8938	1
462	8589	1
462	9418	1
462	9397	1
463	16124	1
464	11424	1
464	1578	1
464	4967	1
464	2056	1
464	10506	1
464	1355	1
464	1484	1
464	17678	1
464	11885	1
464	4976	1
464	11765	1
464	14902	1
468	3393	1
468	5301	1
469	6691	1
469	1220	1
469	4780	1
469	2896	1
469	18	1
469	17237	1
469	8376	1
469	4089	1
469	703	1
470	608	1
470	650	1
471	17856	1
471	11538	1
471	17851	1
472	8357	1
472	11750	1
472	3079	1
472	108	1
472	1452	1
472	80	1
472	1951	1
473	1120	1
473	15	1
474	3279	1
474	7007	2
474	5375	1
476	5345	1
476	6598	1
476	5392	1
476	8725	1
477	17953	1
477	17954	1
477	11219	1
478	4992	2
478	4961	1
478	5604	1
478	694	2
478	3078	1
478	2031	1
478	3432	1
478	201	1
478	73	1
478	8182	1
478	5975	1
478	9243	1
478	62	3
481	10678	1
481	7095	1
482	18032	4
482	5062	1
482	2706	2
482	18031	1
482	6960	4
482	18033	1
482	11031	1
482	14555	1
485	3851	1
485	10481	1
485	18075	1
485	18076	1
485	16861	1
486	4544	2
486	6608	2
486	13461	6
486	5110	1
486	5179	1
486	1566	1
488	6286	1
488	17573	1
488	17576	2
488	18105	2
488	18108	2
488	7514	2
488	7521	2
488	7529	3
490	10401	1
490	10402	1
490	10403	1
490	12395	1
490	7884	1
490	7885	1
490	10642	1
490	10390	1
490	10653	1
490	10399	1
491	5435	1
491	2669	1
491	10527	1
493	550	2
493	11018	2
493	18028	1
493	18261	1
493	18263	1
495	1425	1
495	485	1
496	1	2
496	2562	1
496	16661	1
496	1925	1
496	1290	1
496	907	1
496	908	1
496	909	1
496	910	1
496	1553	1
496	1554	1
496	3603	1
496	1429	1
496	1942	1
496	1945	1
496	792	2
496	3866	1
496	1305	1
496	1949	1
496	1950	1
496	1951	1
496	1955	1
496	6180	1
496	1309	1
496	52	1
496	9269	1
496	1306	1
496	59	1
496	60	3
496	906	1
496	53	1
496	6219	1
496	459	1
496	1946	1
496	2133	2
496	86	1
496	4953	1
496	92	1
496	733	1
496	481	1
496	1531	1
496	740	1
496	870	1
496	871	1
496	691	1
496	108	1
496	18287	3
496	2163	1
496	4086	1
496	2553	1
496	1276	3
496	893	1
496	2047	1
497	7555	1
497	11346	2
497	2206	1
497	2238	1
498	6592	1
498	3682	1
498	9828	1
498	5989	1
498	201	1
498	2712	1
498	11926	1
498	5272	1
498	402	1
498	2293	1
498	2294	1
498	2040	1
498	3044	1
498	2719	1
500	5423	1
500	16402	1
500	696	1
500	10521	1
500	10522	1
501	768	1
501	16517	1
501	1926	1
501	1927	1
501	904	1
501	6533	1
501	1425	1
501	1923	1
501	1321	1
501	3371	1
501	14516	1
501	1311	1
501	10560	1
501	9925	1
501	460	1
501	10963	1
501	10846	1
501	1890	1
501	3428	1
501	871	1
501	872	1
501	1268	2
503	3520	1
503	77	1
505	181	1
505	198	1
506	11040	1
506	5057	1
506	18031	1
506	18032	1
508	6786	1
508	12555	2
508	2062	1
508	913	1
508	12050	1
508	3	1
508	14998	1
508	3867	1
508	12828	1
508	1955	1
508	4444	1
508	14506	1
508	6955	1
508	769	1
508	9136	1
508	1449	1
508	6793	1
508	16692	1
508	10172	1
508	61	3
508	16321	1
508	454	1
508	711	1
508	456	1
508	457	1
508	3148	1
508	4042	1
508	1490	1
508	89	1
508	11866	1
508	862	1
508	3428	1
508	1893	1
508	5094	1
508	107	1
508	5107	1
508	6644	1
508	3062	1
508	10874	2
508	3451	1
508	11900	1
508	18559	1
509	859	1
510	12358	1
510	3569	1
510	18619	1
510	16287	1
512	2118	1
512	5660	1
512	202	2
512	9755	1
512	11644	1
512	5407	1
513	2727	1
513	1032	2
513	8138	2
513	2699	1
513	78	1
513	3378	1
513	5347	1
513	1371	3
515	17471	1
515	7480	1
515	2675	1
515	6008	2
515	411	1
515	8863	1
516	2421	2
516	5389	1
517	18673	2
517	17420	3
517	7441	1
517	118	1
517	7449	1
517	119	1
517	126	2
518	1	1
518	7	1
518	1290	1
518	1291	1
518	1294	2
518	10127	1
518	1429	1
518	1560	1
518	6172	1
518	16321	1
518	39	1
518	2601	1
518	1581	1
518	2789	1
518	449	1
518	75	1
518	4343	1
518	2124	1
518	3406	1
518	6886	1
518	86	1
518	94	1
518	1893	1
518	614	1
518	2518	1
518	18793	1
518	1515	1
518	2156	1
518	3056	1
518	1321	1
518	1436	1
519	97	1
519	42	1
519	11356	1
519	623	1
520	14752	1
520	18839	1
520	1660	1
520	6503	1
523	411	1
523	422	2
524	6112	3
524	18273	1
524	3876	1
524	3830	1
524	6468	1
524	18087	1
524	9421	1
524	10224	1
524	3870	1
524	11772	2
524	3885	1
524	13982	2
526	6949	2
526	5063	1
526	6952	1
526	8905	1
526	12138	1
526	12142	1
526	5082	1
526	5064	1
526	10359	1
526	17177	1
526	2234	1
526	2238	1
528	18979	2
528	18980	1
528	18945	1
528	398	1
528	3412	1
528	3414	1
528	3063	2
528	3416	1
528	3419	3
528	3420	1
528	3421	1
528	18942	1
530	16471	2
530	4656	1
530	914	1
530	1143	1
533	5127	1
533	14639	1
535	2884	1
535	3462	1
535	12909	1
535	1716	2
535	4988	1
535	19061	1
536	8736	1
536	8737	1
536	8356	1
536	4937	1
536	4939	1
536	15443	1
536	4918	1
536	17628	1
536	8734	1
538	608	1
538	640	1
538	4642	1
538	4643	1
538	4646	1
538	8	2
538	8905	2
538	1194	1
538	651	1
538	1196	1
538	16106	1
538	12395	1
538	4703	1
539	13223	3
540	19215	1
540	413	1
540	414	1
540	422	1
540	423	1
540	424	1
540	2346	1
540	18861	1
540	4575	1
540	196	1
540	10327	1
540	2682	1
540	13279	1
540	11304	1
540	2298	1
541	107	1
541	2876	1
541	19245	7
541	591	1
541	14200	1
542	2030	1
542	4174	1
542	19294	1
543	14158	1
543	19286	1
543	19290	1
545	19337	1
545	1684	5
545	1764	1
545	1849	2
546	14504	1
546	14505	1
546	1662	1
547	13929	1
547	19245	1
547	19383	1
547	19384	1
547	202	1
547	19390	1
548	1031	2
548	19423	1
553	4777	1
553	1194	1
553	973	1
553	9841	1
553	19	1
553	10007	1
553	28	1
553	797	1
554	3956	1
554	3992	1
555	19181	1
555	11971	1
555	10405	2
555	7879	1
555	7882	1
555	12395	1
555	7884	1
555	4109	1
555	3311	1
555	10390	1
555	10424	1
555	18201	1
555	10407	1
555	10653	1
556	2220	1
557	834	2
557	6953	1
557	2235	2
558	3329	1
558	19589	1
558	913	1
558	2069	1
558	3867	1
558	1448	1
558	3241	1
558	6955	1
558	1324	1
558	5038	1
558	822	1
558	6841	1
558	701	2
558	9945	1
558	1248	1
558	744	1
558	13929	1
558	6122	1
558	9978	1
558	11772	4
559	10388	1
559	10412	2
560	1920	1
560	1026	2
560	34	1
560	18438	1
560	6920	1
560	6760	1
560	484	1
560	2060	1
560	1559	2
560	18075	1
560	18077	1
560	803	1
560	9945	1
560	10923	1
560	16684	1
560	12018	1
560	742	1
560	5235	1
560	479	1
560	695	1
560	744	1
560	72	1
560	709	1
560	6127	1
560	823	1
560	13901	1
560	19665	2
560	12380	1
560	733	1
560	18014	1
560	12383	1
560	9951	1
560	8805	1
560	10854	1
560	2151	1
560	1512	1
560	1255	1
560	492	1
560	1901	3
560	1902	3
560	1903	3
560	1904	3
560	1906	3
560	1907	2
560	1527	3
560	1528	3
560	6778	1
562	4153	1
562	4154	1
562	3941	2
563	2809	1
563	2811	1
563	2805	1
563	2830	1
563	2807	1
564	12	1
564	2574	1
565	6731	1
565	18250	1
565	9200	1
565	9212	2
565	9213	1
565	9791	1
566	12192	1
566	9448	1
566	2223	1
566	19797	1
570	11968	2
570	11971	1
570	15629	1
570	4112	1
570	10642	2
570	10648	1
571	4921	1
571	4924	1
572	1611	1
572	685	1
572	1893	1
573	3580	1
573	1676	1
573	12909	1
574	6567	1
574	6568	1
574	3756	1
574	17106	1
574	19858	1
574	19860	1
574	17107	1
576	19882	1
576	19012	1
576	17586	1
577	19907	1
577	5064	1
577	17646	1
577	18525	1
577	10359	1
577	10365	1
577	19902	1
579	4136	1
579	4132	1
580	9795	3
580	555	2
580	1164	1
580	78	1
581	7902	3
581	1743	1
582	4128	1
582	19290	1
582	19299	1
582	19965	1
584	6953	1
584	2231	1
584	2222	1
585	8130	2
585	3268	2
585	11238	1
585	6281	1
585	5357	1
585	386	1
585	4591	1
585	8696	1
585	8693	1
585	4534	1
585	8828	1
585	1631	1
586	268	1
586	5311	1
587	1639	1
587	2415	1
587	2326	1
589	6256	1
590	1312	1
590	18531	1
590	9386	1
590	7279	1
590	1329	1
590	1330	1
590	1303	1
593	4377	1
593	1422	1
593	5375	1
594	2966	1
594	8168	1
594	8169	1
594	8170	1
594	20103	1
594	17462	1
597	64	1
597	1377	1
597	4579	1
597	6085	1
597	4583	1
597	3758	1
597	20150	1
597	2395	1
597	2397	1
599	14505	1
600	8481	1
600	15242	1
600	9524	1
600	6750	2
601	10403	1
601	19181	1
601	10653	1
602	14504	1
602	1675	1
602	1653	1
604	17230	1
604	17105	1
604	16406	1
604	18397	1
605	10718	2
607	235	3
607	20103	1
607	17459	1
607	724	1
607	2983	1
607	17462	1
607	2969	1
607	12741	1
608	2848	1
608	3117	2
608	9774	1
610	1106	1
613	9215	1
614	3819	2
614	19663	1
615	0	1
615	17665	1
615	709	1
615	710	1
615	904	1
615	77	1
615	6440	1
615	1780	1
615	1536	1
615	4951	1
615	3604	1
615	892	1
615	4062	1
616	1920	1
616	776	1
616	1300	1
616	1431	1
616	1316	1
616	1330	1
616	3768	1
616	463	1
616	731	1
616	733	1
616	2598	1
616	744	1
616	3440	1
616	1896	1
616	2553	1
617	7507	1
617	14205	1
618	9208	1
618	2004	1
618	8750	1
618	6686	1
618	13799	1
619	6268	1
619	3222	1
620	641	1
620	8	1
620	5386	1
620	6930	1
620	417	1
620	9714	1
620	6259	2
620	2646	1
620	1394	1
620	20598	2
620	7163	1
620	3326	1
621	5456	1
623	6384	1
623	9228	1
623	2695	1
624	388	1
624	201	2
624	2416	1
624	8789	2
624	2298	1
624	2331	1
628	12162	1
628	11141	1
628	9497	4
628	11959	2
628	2239	3
628	11346	3
628	12131	3
628	14566	2
628	831	1
629	20679	1
629	20680	1
629	822	1
629	19385	1
630	6668	1
630	13458	1
630	18000	1
630	20690	1
630	17971	1
631	11399	1
631	16323	1
631	9583	1
633	10152	1
633	2794	1
633	2803	1
635	2022	2
636	2016	1
636	3840	1
636	488	2
636	1906	2
636	1495	1
636	893	1
636	1919	1
639	14503	1
639	1707	1
639	854	1
639	10522	1
639	5467	1
641	902	1
641	2638	1
642	3624	1
642	3650	2
642	71	1
642	72	1
642	77	1
642	2643	1
642	1632	2
642	1653	1
642	1654	1
642	1655	1
642	124	2
642	1662	1
642	1666	1
642	7302	1
642	1672	1
642	1674	1
642	1675	1
642	1676	1
642	3730	1
642	10407	2
642	14504	1
642	14505	1
642	10411	1
642	10412	1
642	10415	1
642	10420	1
642	10421	1
642	5303	1
642	10424	1
642	11968	1
642	7879	1
642	7881	1
642	11983	1
642	11993	1
642	1660	1
642	3826	1
642	19188	1
642	3830	1
642	3322	1
642	3857	1
642	1310	1
642	5458	1
642	5974	1
642	1378	1
642	5478	1
642	10643	1
642	894	1
642	7062	1
642	10123	1
642	1939	1
642	10645	1
642	10646	1
642	1431	1
642	2459	1
642	10654	1
642	1962	1
642	14257	1
642	7607	1
642	3828	1
642	4044	1
642	8152	1
642	3667	1
642	15866	1
642	6141	1
643	12129	1
643	9456	1
643	12159	1
644	15078	1
644	15271	1
644	107	2
644	18926	1
644	913	2
644	15096	1
645	1666	1
645	1668	1
645	1675	1
645	1676	1
645	2869	1
645	1655	1
645	1662	1
647	10640	1
648	18028	1
648	18030	1
648	20935	1
649	3712	2
649	5127	1
649	20956	1
649	3829	1
649	20953	1
649	12644	1
649	3495	1
649	14959	1
649	3826	1
649	17013	1
649	3830	1
650	9217	1
650	1928	1
650	3853	1
650	4333	1
650	2069	3
650	1942	1
650	1559	4
650	5149	1
650	1566	2
650	13347	2
650	5170	1
650	5171	1
650	8375	2
650	15929	2
650	5179	2
650	4543	1
650	10560	1
650	2625	1
650	2626	1
650	1603	1
650	14918	1
650	459	1
650	10125	1
650	2128	1
650	1490	1
650	11737	1
650	11738	2
650	9957	1
650	3433	3
650	10349	1
650	11890	2
650	4979	1
650	4344	1
650	20991	1
651	14340	1
651	2567	1
651	1260	1
651	1299	1
651	6820	1
651	9511	1
651	3246	1
651	1332	1
651	3258	1
651	13908	1
651	2645	1
651	11609	1
651	865	1
651	18793	1
651	748	1
651	1774	1
651	1263	1
651	6898	1
651	1270	1
651	1535	1
653	3576	1
653	16366	1
657	5974	1
657	9759	1
659	1528	1
659	1901	1
661	916	1
661	22	1
661	999	1
662	11715	1
662	11684	1
662	21157	1
662	6697	1
662	9791	2
662	2005	1
662	15703	1
662	11685	1
662	9186	1
662	9577	1
662	9173	1
663	11538	1
663	10519	1
663	4740	1
663	17570	1
663	18823	2
664	2627	1
664	4681	1
664	4684	2
664	4656	1
664	4625	1
664	4662	1
664	4663	1
665	651	2
665	919	1
665	7967	2
665	554	2
665	555	1
665	1207	1
665	803	1
665	4672	1
665	1134	1
665	21236	1
666	4939	1
666	19405	1
666	4467	1
666	13268	1
667	14499	1
667	1284	1
667	1650	1
667	6938	2
667	2524	1
671	8169	1
671	17460	1
671	17462	1
672	824	1
673	7435	1
674	4099	1
674	15111	1
674	146	1
674	10131	1
674	148	1
674	16938	1
674	816	2
674	3393	1
674	207	1
674	4566	1
674	7005	2
674	2405	1
674	2406	1
674	147	1
674	9980	2
676	834	2
676	2234	3
677	10412	2
677	12403	1
677	7358	1
680	15096	1
680	14530	1
680	13207	1
681	18108	1
682	11744	1
682	8393	2
682	6199	1
684	856	1
684	5452	1
684	13212	1
687	386	1
687	2309	1
687	1642	1
687	3229	1
687	8242	1
687	2330	1
687	4349	1
687	2750	1
689	1667	1
689	9969	1
690	13941	1
690	7222	3
692	1420	1
692	7131	1
692	3315	1
692	3385	1
692	9024	1
692	4429	1
692	591	1
692	725	2
692	8667	1
692	17509	1
692	12021	1
693	4873	2
693	4883	1
693	4885	1
693	4886	1
693	4898	1
693	559	1
693	565	1
693	2619	1
693	572	1
693	1986	1
693	579	1
693	584	2
693	586	1
693	1507	3
693	3833	1
694	2848	1
694	9577	1
694	18250	1
694	18546	1
694	2006	1
694	6686	1
695	3706	1
695	9574	2
695	1975	1
697	3393	1
697	7588	1
697	7089	1
697	200	1
697	7031	1
697	2641	4
697	146	1
697	147	1
697	148	1
697	629	1
697	11927	1
697	14205	1
697	3326	1
700	832	1
700	11365	1
700	2238	1
701	3532	1
701	1676	2
701	1902	1
701	3473	1
701	1906	1
701	1654	1
701	1528	1
701	3485	1
703	8513	1
703	3274	3
703	18123	1
704	14593	1
704	2245	1
704	6953	1
704	2231	1
704	6970	1
704	12159	2
706	21728	1
706	2875	1
706	13831	1
706	6701	1
706	1920	1
708	1673	1
708	1674	1
708	1671	1
709	15	1
709	7221	1
709	7228	1
709	1990	3
709	6729	1
709	1120	2
709	9578	2
709	21162	1
710	20675	2
710	13929	2
710	19385	1
711	2598	1
711	5161	1
711	6224	1
711	760	1
711	3097	1
711	12026	1
711	6331	1
711	733	1
713	12748	1
713	3274	1
714	2757	1
714	141	1
714	5775	2
714	629	1
714	1371	1
715	1543	1
715	12048	1
715	6673	1
715	1559	1
715	13343	1
715	1330	1
715	3767	1
715	10171	1
715	12867	1
715	459	2
715	18531	1
715	1779	1
715	1270	1
715	3447	1
715	892	1
717	1669	1
717	1670	1
717	1671	1
717	14504	1
717	1673	1
717	1674	1
717	1676	1
717	1672	1
717	1654	1
717	1655	1
717	22072	1
717	1658	1
717	11163	1
717	1662	1
718	2169	1
718	1547	2
718	3453	1
723	9497	1
723	12124	1
725	1571	1
725	1313	1
725	491	1
725	463	1
725	2576	1
725	730	1
725	91	1
725	1438	3
725	16351	2
727	8994	2
727	9001	1
727	9004	1
727	9024	1
727	7663	1
728	6952	1
728	6953	1
728	20845	1
728	12147	1
728	12149	1
728	1974	1
728	1978	1
728	12159	1
731	5985	1
731	5991	7
731	73	1
731	2713	1
731	91	1
731	638	1
731	2725	1
732	8168	1
732	8272	1
732	724	1
732	2968	1
733	201	2
738	115	1
738	3631	1
742	2235	1
742	19557	1
742	9454	1
742	5294	1
744	236	1
744	3631	1
745	5615	1
745	5743	1
746	15265	3
746	3873	1
746	15306	1
746	16030	1
746	2871	1
746	16031	1
747	12846	1
747	8563	1
748	17928	2
748	6990	1
748	17926	2
749	15265	1
749	1966	1
752	119	1
752	6971	1
752	236	2
753	1281	1
753	726	1
753	3078	3
753	1543	1
753	17161	1
753	1292	1
753	6929	1
753	694	1
754	6976	1
754	8643	1
754	15337	1
757	8	2
757	3170	1
757	14058	1
759	7344	1
760	12161	1
760	834	2
760	17179	2
760	6953	6
760	2235	2
760	12159	1
761	15761	1
761	6737	1
761	4094	2
761	7879	1
763	1234	1
763	803	2
763	12	1
764	17243	1
764	3290	1
765	20481	1
765	803	2
765	20587	1
765	6697	1
765	3706	1
766	17113	1
767	9841	1
767	22717	1
767	14031	1
768	2896	3
769	6147	1
769	6875	1
769	462	1
769	703	1
772	10881	1
772	1675	3
772	10894	1
772	1681	1
772	3485	1
772	3493	1
772	10026	1
772	14646	1
772	22737	1
772	22738	1
772	11228	1
772	5477	1
772	5484	1
772	1652	1
772	1654	1
773	11744	1
773	11429	1
773	5027	1
773	3853	1
773	1926	1
773	70	2
773	11816	1
773	60	1
773	8365	3
773	9165	1
773	692	1
773	1780	1
773	10171	2
773	892	1
773	1566	1
774	13347	1
774	5031	1
774	74	1
774	5104	1
774	5203	1
774	1502	1
775	8480	1
775	656	2
775	9	1
775	1234	1
775	654	1
775	2000	2
775	978	1
775	1207	1
775	7222	1
775	3706	1
775	10	1
775	28	1
776	4923	1
776	17626	3
776	22787	1
776	8109	1
778	9755	1
778	14700	1
778	413	1
778	636	1
780	10479	1
781	20242	1
781	2228	1
781	2239	1
782	1822	1
783	834	2
783	6953	1
783	15374	1
783	11085	1
783	9454	1
783	20845	1
783	78	2
783	1493	1
784	15716	1
784	591	2
785	18376	1
785	18966	1
787	4358	1
787	2456	1
787	4390	1
787	6059	1
787	2992	1
787	64	3
787	3138	1
787	196	2
787	6996	1
787	3175	1
787	9832	1
787	2415	4
787	104	1
787	2675	1
788	2969	1
788	8498	1
791	3569	1
791	12377	1
791	18621	1
791	18622	1
793	3130	1
793	411	1
794	3146	1
794	62	2
795	2793	1
795	2812	1
796	145	1
796	226	1
796	1031	1
798	13731	1
798	22951	1
798	552	1
798	5063	2
798	6577	1
798	10617	1
798	11513	1
798	13297	1
798	12446	1
802	9906	1
802	13156	1
802	7319	1
805	18	2
805	4628	1
810	7120	1
810	3106	1
810	11011	1
810	5063	1
810	7241	1
810	14314	1
810	17648	1
810	14200	2
810	18041	1
810	1884	1
810	1886	2
812	902	1
812	5974	1
812	7119	1
813	17104	1
813	555	3
813	566	1
814	553	1
814	13845	1
814	11286	1
815	12170	1
815	9648	2
815	9594	3
819	1636	1
819	14729	1
819	5643	3
819	3039	3
819	1418	1
819	5406	1
819	5407	1
822	6256	1
822	3274	1
822	18131	1
823	2240	2
823	2241	1
823	19555	1
823	14084	1
823	12878	1
823	3275	1
823	19797	2
823	10619	3
823	10620	2
823	2237	2
825	2605	1
825	1558	1
825	7257	1
826	1698	1
826	1690	1
827	5305	1
828	7089	1
828	10197	1
828	2459	1
828	3326	1
831	12358	1
831	3566	1
831	12351	1
832	5628	1
833	746	1
833	2644	1
836	12174	1
836	9646	1
836	23351	1
836	9683	1
836	11103	1
836	11108	1
837	644	1
837	10411	2
837	7884	1
837	11156	1
838	10677	1
839	9479	1
840	23404	1
840	5484	1
840	15863	1
841	834	1
841	11139	2
841	11956	4
843	834	2
843	18317	1
844	487	1
844	72	1
844	1948	1
844	6219	1
844	108	1
844	733	1
844	10963	1
844	1944	1
844	2553	1
844	1946	1
844	1531	1
844	60	2
844	1949	1
844	1950	1
844	1951	1
847	15808	2
847	12753	1
847	877	3
847	120	1
847	377	1
848	3638	2
849	11560	1
849	17095	1
849	2095	1
849	16471	2
849	17096	1
849	2093	4
849	11406	2
849	849	2
849	2035	2
849	10580	2
849	854	2
849	855	2
849	14392	2
849	3444	1
849	5435	2
849	13212	1
849	10527	2
850	3051	1
851	14036	1
852	8628	1
855	11142	1
855	2983	1
855	6312	2
855	107	1
855	8975	1
855	8	1
855	824	3
855	1049	1
855	591	9
856	1553	1
858	3329	1
858	15886	1
858	21013	1
858	1441	1
858	3245	1
858	5168	2
858	54	1
858	10811	1
858	11744	1
858	11843	2
858	3400	1
858	1611	1
858	82	1
858	14045	2
858	6887	1
858	10856	3
858	487	1
858	1267	1
859	5601	3
859	21236	1
860	3746	1
860	13831	1
860	78	1
860	3635	2
860	10990	1
863	8513	1
863	6245	1
864	2791	1
864	3915	1
864	13937	2
864	3897	1
864	3900	2
873	6728	1
873	11715	1
874	34	1
874	19750	1
874	4553	3
874	5171	2
874	6665	1
874	4986	1
874	18075	1
876	19461	1
876	22	1
877	8994	1
877	20688	1
877	1330	1
877	52	1
877	53	1
877	4923	1
877	1309	1
879	3224	1
879	2295	1
882	21370	1
882	2955	1
884	141	4
884	625	4
884	1780	1
884	5268	1
884	11770	1
884	61	4
885	6568	1
885	4626	1
885	2627	1
885	2628	1
885	2629	1
886	561	1
886	565	1
887	5615	1
887	2005	1
887	2653	1
888	2641	1
888	10875	1
889	2189	1
889	7091	1
889	2191	1
893	6976	1
893	834	2
893	11142	1
894	62	1
894	1983	1
896	1309	1
897	20237	1
897	21383	1
900	3571	1
900	8635	1
900	18622	1
901	3305	1
901	21518	1
901	403	2
901	5782	1
903	10976	1
903	1907	1
903	1527	1
904	3205	1
904	1639	1
904	2312	2
904	2282	5
904	5071	1
904	3026	1
904	3383	2
904	8827	1
904	2332	1
905	6043	2
905	2094	1
906	388	1
906	5702	2
906	403	1
906	8666	1
906	6043	1
909	895	1
912	368	1
912	217	1
913	14827	1
913	5263	1
913	1821	1
913	10480	1
913	13227	1
913	1855	1
913	11218	1
913	18904	1
913	1753	1
913	17953	1
913	9083	1
915	2353	1
915	5702	1
915	5703	1
919	7565	1
919	6286	1
919	7572	1
919	17576	1
919	7465	1
919	18105	1
919	8513	1
919	8514	2
919	18115	1
919	7495	1
919	3274	3
919	18124	1
919	6285	1
919	7380	1
919	7398	2
919	6246	1
919	6248	2
919	6249	1
919	6250	1
919	6255	1
919	6257	1
919	7544	1
919	7423	1
920	16672	1
920	3432	1
920	73	1
920	18539	1
920	5135	1
920	5104	1
920	16692	1
920	9941	1
920	60	5
922	22755	1
922	14757	1
922	14758	1
922	1671	1
922	14760	1
922	2889	1
922	18839	1
922	19693	1
922	14257	1
922	1652	1
922	18838	1
922	14745	1
922	18840	1
922	2868	1
922	1658	1
922	1661	1
922	1662	2
924	8807	1
925	6400	1
925	4272	1
925	22782	1
929	12138	1
929	2211	1
930	1220	1
930	15	1
931	14504	1
931	14764	1
931	1661	1
931	1662	1
932	5454	1
933	21665	1
933	1828	1
933	3480	1
933	16767	1
934	465	1
934	694	1
937	1828	1
937	3537	1
937	3465	1
937	3498	1
937	5479	2
937	2983	2
937	3473	2
937	2969	2
938	10861	1
939	736	2
939	871	1
939	716	1
941	7436	1
941	7442	1
942	5435	1
942	11908	1
942	2986	1
942	3117	1
942	111	1
942	216	1
942	9795	1
942	5405	1
942	196	1
942	2703	1
942	7949	2
942	4349	1
942	5407	1
943	913	1
943	1650	1
943	107	1
944	14603	1
944	2235	1
944	9485	1
944	9463	1
945	1640	3
945	62	2
947	19858	3
950	8	1
950	3146	5
950	1128	1
950	1204	1
950	821	2
951	469	1
951	470	1
951	471	1
951	473	1
951	474	1
951	1917	1
953	732	1
954	7606	1
954	3566	2
955	14505	1
955	1674	1
955	1653	1
956	242	1
956	119	6
959	3224	1
959	3125	1
959	62	2
963	7495	1
963	6285	1
963	6286	1
963	6255	1
963	6256	1
963	7567	1
964	9030	2
964	17503	1
964	17509	1
965	6952	1
965	12135	1
966	28	1
966	651	1
966	18	3
966	1212	1
967	816	2
967	62	1
967	591	1
971	11244	1
971	7007	1
972	9722	1
972	3274	1
974	1130	1
974	18357	2
975	833	2
975	834	2
975	6952	1
975	22194	2
979	12768	1
979	4444	1
979	591	1
979	1974	1
979	700	1
980	10913	1
980	10914	1
980	10901	1
980	10902	1
981	849	10
981	10578	5
981	855	1
981	16504	12
983	24149	1
988	226	1
989	9024	1
989	7666	1
991	12129	1
991	11951	1
991	14607	1
992	776	1
992	1262	2
992	1310	4
992	6827	1
992	2605	1
992	9136	1
992	904	1
992	1338	1
992	61	2
992	1343	1
992	5185	1
992	458	1
992	80	1
992	13907	1
992	12002	1
992	1893	1
992	7275	2
992	750	1
992	1909	1
992	4415	2
994	15138	1
994	1586	1
995	1920	1
995	9859	1
995	9864	1
995	2986	2
995	9855	1
996	219	1
996	17414	1
998	2392	1
998	15708	1
1002	2177	1
1002	4100	1
1002	13734	1
1002	3025	1
1002	2394	1
1002	2333	1
1003	8	1
1004	4642	1
1004	4643	1
1004	1158	1
1004	4646	1
1004	4641	1
1004	1193	1
1006	4190	1
1008	852	1
1009	20721	1
1009	2798	2
1009	6452	1
1009	2805	1
1009	3926	1
1009	2809	1
1009	2811	1
1010	10472	23
1011	557	1
1014	650	1
1014	27	1
1015	792	1
1015	2553	1
1015	731	1
1015	465	1
1016	8514	1
1016	18124	1
1016	6248	1
1016	7529	2
1016	6284	1
1016	7502	1
1016	6287	1
1016	7566	1
1016	7414	1
1016	8505	1
1018	5945	1
1018	12738	1
1018	2331	3
1019	11520	1
1019	1545	1
1019	10508	1
1019	5012	1
1019	1942	1
1019	1944	1
1019	1945	1
1019	1946	1
1019	9243	1
1019	1948	1
1019	1949	1
1019	1950	1
1019	1951	1
1019	13996	2
1019	18077	1
1019	72	1
1019	459	1
1019	452	1
1019	456	1
1019	6219	1
1019	3150	1
1019	2139	1
1019	865	1
1019	9959	1
1019	2155	3
1019	108	1
1019	3821	1
1019	2163	1
1019	4340	1
1019	1530	1
1019	1534	1
1019	2047	1
1020	820	1
1021	12529	1
1021	106	1
1021	5411	1
1023	19282	2
1023	19299	1
1023	19294	1
1024	8	2
1024	487	1
1024	654	2
1024	1032	1
1024	3800	1
1024	1983	1
1026	1632	1
1026	7721	1
1030	625	2
1030	11598	1
1031	8474	1
1031	78	2
1031	8239	1
1032	3712	4
1032	3716	1
1032	10920	1
1032	1678	1
1032	1679	1
1032	23278	3
1033	11366	1
1033	11142	1
1034	3045	1
1034	8658	1
1034	2834	2
1034	2675	1
1034	2252	1
1034	3383	1
1034	6459	1
1034	3039	1
1035	6812	1
1035	18404	1
1035	3452	1
1035	1452	2
1035	4335	1
1035	740	1
1035	7258	1
1035	7163	1
1035	13852	1
1035	6750	1
1036	120	2
1037	10629	1
1037	8168	1
1037	8169	1
1037	8272	1
1037	17462	1
1038	8149	1
1038	1886	1
1038	199	1
1039	832	3
1039	834	2
1039	2405	1
1039	5063	1
1039	2040	1
1039	5085	1
1040	5664	1
1040	13920	1
1040	3084	1
1040	106	1
1040	2704	2
1041	11127	1
1041	491	1
1041	13994	1
1042	2553	1
1042	12010	1
1042	4476	1
1042	61	1
1046	832	1
1046	7589	1
1046	12748	1
1046	12753	1
1048	18724	1
1048	20017	1
1048	20790	2
1049	1309	1
1049	53	1
1050	832	1
1050	2227	1
1050	2228	1
1050	2239	1
1052	10946	1
1053	12170	1
1053	12779	1
1053	9549	1
1053	9532	1
1055	1345	1
1055	3258	1
1055	1429	1
1055	3767	1
1056	5141	1
1056	16516	1
1056	12570	1
1056	1956	1
1056	6181	1
1056	8360	1
1056	10539	1
1056	5045	1
1056	6465	1
1056	3821	1
1056	452	1
1056	2785	1
1056	10826	1
1056	4942	1
1056	722	1
1056	1504	2
1056	9232	1
1056	4999	1
1060	849	3
1060	10580	1
1060	10581	1
1062	2551	1
1063	4224	1
1063	196	1
1063	2118	1
1063	2119	1
1063	201	1
1063	635	1
1064	5475	1
1064	24581	1
1064	11175	1
1064	5542	1
1064	2631	2
1064	15843	1
1064	5492	1
1064	24583	1
1064	10938	1
1065	19299	1
1065	2027	1
1065	4173	2
1065	19282	2
1066	611	1
1066	3365	1
1066	3084	1
1066	1394	2
1066	2331	2
1066	2397	2
1066	5663	1
1068	7091	2
1068	3355	1
1068	5277	1
1069	854	2
1069	1032	2
1069	16403	1
1069	10532	1
1069	13990	1
1069	625	2
1069	2093	3
1069	2094	2
1069	2095	1
1069	3121	1
1069	24627	4
1069	24631	1
1069	5433	2
1069	5435	1
1069	2370	1
1069	17093	1
1069	2251	2
1069	17105	1
1069	852	2
1069	725	1
1069	9818	1
1069	2931	1
1069	7409	1
1070	11200	1
1070	12067	1
1070	23278	1
1070	15183	1
1070	12606	2
1070	16217	1
1071	5760	1
1071	17538	1
1071	413	1
1071	5815	1
1071	62	4
1071	22848	1
1071	195	1
1071	5793	1
1071	5710	1
1071	9828	1
1071	14952	1
1071	2040	1
1073	14382	1
1073	21592	1
1073	16408	1
1073	17851	1
1073	11452	1
1074	3320	2
1076	5314	1
1076	15761	1
1076	5365	1
1076	600	1
1077	1786	1
1078	6233	1
1078	411	1
1078	62	1
1079	9537	1
1079	12809	1
1082	235	6
1082	24878	1
1082	15761	2
1082	5365	1
1082	10495	2
1083	1528	1
1085	10640	8
1085	5621	1
1086	235	1
1086	7435	2
1086	22508	1
1086	5365	1
1086	7032	1
1086	7035	1
1089	11287	1
1091	8272	1
1091	2965	1
1091	2967	1
1091	2968	1
1092	3216	1
1092	322	1
1092	3654	1
1096	1745	1
1096	18	1
1096	1735	1
1096	1742	1
1096	1743	1
1097	824	1
1097	2898	1
1100	2529	1
1100	803	1
1100	19890	1
1101	16752	1
1101	5567	1
1101	14269	1
1102	1920	1
1102	8	1
1102	1987	1
1105	16031	1
1105	3887	2
1106	1920	1
1106	20963	1
1107	1600	1
1107	6537	1
1107	4985	1
1108	64	1
1108	196	1
1110	2736	1
1110	78	1
1110	2679	1
1111	14949	1
1111	6701	1
1111	2834	1
1111	443	1
1111	4444	2
1111	733	1
1111	6462	1
1111	735	1
1113	553	1
1113	13731	1
1113	6575	1
1114	14190	3
1115	4191	1
1116	19555	1
1116	2237	1
1117	2427	1
1117	25089	1
1117	62	1
1118	7410	1
1118	822	1
1118	22527	1
1120	10905	1
1120	10901	1
1122	1032	1
1122	7116	1
1122	2040	1
1122	5851	1
1124	145	1
1124	9797	1
1129	15693	1
1129	822	2
1130	16809	1
1131	6977	1
1131	6978	1
1131	14205	1
1131	13310	1
1132	622	1
1133	6152	1
1133	2121	1
1133	2517	1
1134	15096	1
1134	1849	2
1134	1686	2
1136	8514	1
1136	7462	1
1136	7529	2
1136	7564	1
1136	6249	1
1136	12186	1
1137	6949	2
1137	11366	1
1137	5389	1
1137	9454	1
1137	5390	1
1137	17177	1
1137	16446	1
1138	6626	2
1138	107	1
1138	10244	1
1138	1422	1
1139	14556	1
1139	113	1
1139	14546	1
1139	10455	1
1139	21562	1
1140	499	1
1140	8959	1
1141	6249	1
1141	8514	1
1141	6247	1
1141	7380	1
1141	7423	1
1142	3576	2
1142	19061	1
1142	10894	1
1143	591	1
1145	20027	1
1145	24364	1
1145	2958	1
1146	591	1
1146	2263	1
1147	19905	1
1147	25186	2
1148	1509	1
1148	13439	1
1148	8358	1
1148	4991	1
1149	3328	1
1149	10976	1
1149	2980	1
1149	2981	1
1149	1126	1
1149	1543	1
1149	1262	1
1149	2553	1
1149	1247	1
1151	1993	1
1151	6989	2
1151	6990	1
1151	2006	1
1151	6685	1
1151	6686	1
1156	2106	1
1156	2102	1
1157	2067	1
1157	7436	1
1157	1611	3
1157	708	2
1157	4413	1
1158	1920	1
1158	18630	1
1158	25230	1
1158	9906	1
1158	13179	1
1159	3152	3
1159	8444	1
1159	3749	1
1160	20065	1
1160	18724	1
1160	6462	1
1160	623	1
1161	1978	1
1162	5192	1
1162	5182	1
1162	1566	1
1163	6755	3
1163	1543	1
1163	6760	2
1163	4078	1
1163	1559	1
1163	6904	1
1164	5615	1
1165	9357	1
1165	14742	1
1167	14981	1
1167	2630	1
1168	15913	1
1168	3498	1
1168	3563	1
1168	5264	1
1168	14833	1
1168	5599	1
1170	3084	1
1170	14366	1
1171	2440	2
1171	9714	1
1171	206	1
1172	13731	1
1172	25292	1
1173	11569	1
1173	12467	1
1173	10455	1
1173	6559	2
1174	1032	2
1174	14058	2
1175	14918	1
1175	11751	1
1175	748	4
1175	2514	1
1175	1364	1
1177	4700	1
1177	4620	1
1177	1007	1
1179	19907	1
1179	4548	1
1179	11017	1
1179	78	1
1179	11024	1
1179	8950	1
1180	3473	1
1180	5599	1
1180	5486	1
1180	3511	1
1182	11985	1
1183	16739	1
1183	2453	1
1183	16668	1
1183	20895	1
1183	5589	1
1183	1630	1
1184	6281	1
1184	6039	1
1184	9754	1
1184	160	1
1184	2343	1
1184	2732	1
1184	2999	1
1184	8251	2
1184	22848	1
1184	68	1
1184	6085	1
1184	199	1
1184	5215	1
1184	3085	1
1184	1631	1
1184	6240	1
1184	5865	1
1184	2727	2
1184	4588	1
1184	2681	1
1184	2719	1
1184	8830	1
1185	13865	1
1185	6314	1
1185	18316	1
1185	18317	1
1185	23651	1
1185	19061	1
1185	822	2
1185	3480	1
1186	3329	1
1186	577	1
1186	19273	1
1186	586	1
1186	107	2
1186	581	1
1187	2192	1
1187	4358	1
1187	200	1
1187	202	1
1187	9710	1
1187	3663	1
1187	6008	1
1187	3130	1
1187	2459	1
1187	413	1
1188	1672	1
1188	14504	1
1188	1666	1
1188	1675	1
1189	4749	1
1189	821	1
1189	1007	1
1190	560	1
1190	4831	1
1190	559	1
1192	1120	1
1192	8628	1
1192	821	1
1193	6688	1
1193	19814	1
1193	19890	1
1194	3941	1
1194	3957	1
1195	2987	1
1195	25389	2
1195	3089	2
1195	11356	1
1196	1840	1
1196	2841	1
1197	1538	1
1197	1955	1
1197	1580	1
1197	110	1
1197	701	1
1198	834	2
1198	6312	2
1198	11085	1
1198	9488	1
1198	9494	2
1198	2234	5
1198	2235	6
1198	2236	2
1199	578	1
1199	574	1
1199	573	1
1199	582	1
1200	555	1
1200	4237	1
1201	17104	2
1201	6807	1
1202	10212	1
1202	10480	1
1202	20050	1
1202	9525	1
1202	16791	1
1203	3616	1
1203	14512	1
1203	11522	1
1203	3080	1
1203	1929	1
1203	1517	1
1203	14640	1
1203	1650	1
1203	3465	1
1203	1529	1
1204	1673	1
1204	1670	1
1204	1671	1
1206	2986	1
1206	11901	1
1206	6382	1
1207	1896	1
1207	20956	1
1207	3251	1
1207	1919	2
1208	6914	1
1208	10875	1
1208	10843	1
1208	12030	1
1209	1120	1
1209	4892	1
1210	2904	1
1210	19860	1
1211	816	3
1211	5247	1
1212	7555	1
1212	2022	2
1212	113	1
1212	25364	1
1212	25238	1
1213	6374	1
1214	8589	2
1214	8943	1
1215	6786	2
1215	4939	1
1215	14895	1
1217	5222	1
1217	5383	1
1218	555	2
1218	5428	1
1218	4628	1
1219	1376	2
1219	6057	1
1219	206	3
1219	2256	1
1219	8785	1
1219	9714	2
1219	179	1
1219	629	3
1219	4600	1
1219	5946	2
1219	62	16
1220	20768	1
1220	12326	1
1220	16475	1
1220	3444	2
1220	5435	2
1220	16478	7
1221	18624	1
1221	17667	1
1221	13268	1
1221	1366	2
1221	1911	1
1221	13274	1
1223	23240	1
1223	9818	1
1223	623	1
1224	6257	1
1224	7412	1
1224	8510	1
1225	17931	1
1225	15443	1
1225	8726	1
1226	1690	1
1226	15260	1
1226	13358	1
1227	13706	1
1227	16323	1
1227	11670	1
1230	1032	1
1230	5114	1
1230	15500	1
1231	1	1
1231	906	1
1231	907	1
1231	908	1
1231	909	1
1231	910	1
1231	2577	1
1231	1431	1
1231	1305	1
1231	1306	1
1231	1307	1
1231	1309	1
1231	1310	1
1231	1313	1
1231	10787	1
1231	9386	1
1231	11527	1
1231	1329	1
1231	5043	1
1231	52	1
1231	53	1
1231	6457	1
1231	59	1
1231	60	2
1231	897	1
1231	449	1
1231	9288	1
1231	3402	1
1231	463	1
1231	16722	1
1231	729	1
1231	91	1
1231	733	1
1231	481	1
1231	108	1
1231	1777	1
1231	754	1
1231	5238	2
1231	760	1
1231	761	1
1231	1535	1
1233	5152	1
1233	8355	1
1233	4998	1
1233	5195	1
1233	1426	1
1234	6809	1
1236	1672	1
1236	1673	1
1236	1674	1
1236	14505	1
1237	13159	1
1237	3536	1
1237	3701	1
1237	15096	1
1238	1676	1
1238	1653	1
1239	1090	1
1240	5169	1
1240	4045	1
1240	77	1
1240	2518	1
1240	87	1
1240	1727	2
1240	13343	1
1241	1673	1
1241	1674	1
1241	1662	1
1241	1671	1
1242	11200	1
1242	21666	1
1242	12067	1
1243	859	1
1244	1032	1
1244	834	1
1244	1026	1
1245	7154	1
1245	25556	1
1246	8592	1
1246	4937	1
1246	25562	1
1246	8468	1
1246	17628	1
1247	18173	1
1248	5440	1
1248	851	1
1248	853	2
1248	854	1
1248	5433	1
1249	14574	1
1249	2238	1
1250	6692	1
1250	8693	1
1250	9753	1
1250	1210	1
1250	2682	1
1251	23729	2
1251	6279	1
1251	5709	1
1251	16952	1
1251	146	2
1251	281	1
1251	4601	4
1251	2367	1
1252	4720	1
1252	4628	1
1254	7522	1
1254	2695	2
1254	7529	1
1254	107	1
1254	6284	1
1254	7502	1
1254	3625	1
1254	18108	1
1255	2219	1
1257	16842	1
1257	23267	1
1257	23272	2
1257	10922	1
1257	5458	1
1257	15918	1
1257	3537	1
1257	1683	1
1257	5492	3
1257	15865	3
1257	11163	1
1257	3548	1
1257	5501	1
1257	5535	4
1258	12738	1
1258	388	4
1258	19423	1
1258	22251	1
1258	1868	2
1258	3682	1
1258	814	1
1258	813	1
1258	5277	1
1258	1090	1
1258	440	1
1258	68	1
1258	3132	1
1258	1885	1
1258	1886	2
1258	2367	1
1259	5615	1
1259	16406	1
1259	21592	1
1262	6245	1
1262	7440	1
1262	8498	1
1264	2845	1
1264	12557	1
1265	8807	2
1265	17226	1
1266	4276	1
1266	5454	1
1268	3746	1
1268	8434	1
1268	2415	1
1268	816	1
1268	1106	1
1269	3668	1
1269	68	1
1269	3365	1
1270	10618	1
1271	23655	1
1271	6781	2
1273	2630	1
1274	1664	1
1274	1669	1
1274	6503	1
1274	1674	1
1274	14763	1
1274	1671	1
1274	18839	1
1274	1655	1
1274	1659	1
1275	640	1
1275	11156	2
1277	11956	1
1277	6245	1
1278	11406	1
1278	18320	1
1278	10527	1
1278	23721	1
1278	2093	2
1278	2095	1
1278	5424	1
1278	2097	1
1278	24631	1
1278	696	1
1278	5433	2
1278	5435	1
1278	5437	1
1278	5440	1
1278	17095	1
1278	5432	1
1278	851	1
1278	852	1
1278	853	1
1278	3444	1
1280	1	1
1280	907	1
1280	15591	1
1280	60	1
1280	6538	1
1280	487	1
1280	908	1
1280	909	1
1280	910	1
1280	733	1
1280	691	1
1280	21013	1
1280	1305	1
1280	1306	1
1280	1276	1
1280	14045	1
1280	2133	1
1281	8	1
1281	625	2
1281	834	1
1281	12127	1
1281	1879	1
1282	1196	1
1282	1197	1
1282	4703	1
1285	1	1
1285	5507	6
1285	3590	2
1285	1543	1
1285	3472	1
1285	5535	2
1285	3490	1
1285	3491	1
1285	16036	1
1285	10922	3
1285	15918	1
1285	3829	1
1285	12605	1
1285	11198	1
1285	15299	2
1285	1604	2
1285	710	1
1285	12618	2
1285	716	1
1285	1490	1
1285	5588	1
1285	2133	1
1285	3547	1
1285	5264	1
1285	5475	1
1285	871	2
1285	2538	1
1285	5490	1
1285	19699	2
1285	3701	4
1285	10230	1
1285	15866	1
1285	3838	1
1285	3199	3
1286	3897	1
1286	3898	1
1286	3915	1
1286	3900	1
1287	12450	1
1287	12467	1
1287	6552	1
1288	199	1
1289	7564	1
1289	7498	1
1289	6283	1
1289	8539	1
1290	2105	1
1290	2102	1
1291	10872	1
1291	813	1
1291	5310	1
1292	1920	2
1292	8905	1
1292	553	1
1293	23720	1
1293	10519	1
1294	2928	1
1294	2035	2
1294	16014	2
1295	78	1
1295	18	1
1295	2899	1
1295	859	2
1295	13790	1
1298	824	2
1298	18	2
1298	14979	1
1298	9620	1
1299	1987	1
1299	555	1
1299	5298	2
1299	3123	3
1299	4570	1
1302	107	3
1302	19699	1
1302	3703	3
1302	1727	3
1303	2212	1
1303	6951	1
1303	2216	1
1303	2217	1
1303	11601	1
1303	14607	1
1303	12145	1
1303	2227	1
1303	11287	1
1304	9008	2
1304	591	3
1305	6535	1
1305	19602	1
1305	18873	1
1306	16852	1
1306	4389	1
1306	1974	3
1307	17856	1
1307	11538	1
1308	2703	1
1309	10474	1
1309	6960	1
1309	18037	1
1309	19894	1
1309	10359	1
1309	18036	1
1310	25882	1
1310	591	1
1311	1669	1
1311	14504	1
1311	14761	1
1311	1675	1
1311	1676	1
1311	1672	1
1311	1653	1
1311	1654	1
1311	1659	1
1312	10976	2
1312	550	1
1312	5063	1
1312	5064	1
1312	553	2
1312	10455	1
1312	12467	2
1312	792	1
1312	39	1
1313	10497	1
1313	1539	1
1313	8356	1
1313	2509	1
1313	7629	1
1313	6801	1
1313	53	1
1313	1309	1
1313	2590	2
1313	1534	1
1315	14640	1
1315	2	1
1317	9812	1
1317	20953	1
1318	2641	1
1318	18127	1
1319	2848	1
1319	1974	1
1319	2983	1
1320	10518	1
1320	6750	1
1320	2845	1
1320	2838	1
1321	2035	2
1321	14070	1
1321	6807	1
1321	20734	1
1322	6245	1
1323	1668	1
1323	1669	1
1323	1671	1
1323	1673	1
1323	14743	1
1323	14758	1
1323	14765	1
1323	14768	1
1323	14769	1
1323	14770	1
1323	9969	1
1323	9970	1
1323	9971	1
1323	9972	1
1323	9973	1
1323	1655	1
1323	1657	1
1323	3580	1
1323	1662	1
1323	1663	1
1324	2671	1
1324	2653	1
1325	4834	1
1325	559	1
1325	574	1
1327	23351	2
1328	11915	1
1328	11916	1
1328	4365	1
1328	11918	1
1328	7881	1
1328	3301	1
1328	4364	1
1328	11985	1
1328	11986	1
1328	8031	1
1328	25957	1
1331	12066	1
1331	1679	2
1331	822	2
1331	21663	1
1332	7222	2
1332	1990	1
1332	2006	1
1333	1828	2
1333	15836	1
1333	16045	1
1333	3486	1
1333	5560	1
1333	16766	1
1334	6176	1
1334	1291	1
1334	6820	1
1334	5	1
1334	1286	2
1334	2571	1
1334	1265	2
1334	6102	1
1334	86	1
1334	709	1
1335	6094	1
1335	7465	1
1335	3274	2
1335	3307	1
1335	7502	1
1335	2329	1
1337	8161	1
1337	15706	1
1338	560	1
1338	569	1
1338	570	1
1338	559	1
1340	18649	1
1343	591	1
1343	3711	3
1344	1540	1
1344	6666	1
1344	701	1
1345	8161	2
1346	23240	1
1346	5435	3
1346	850	2
1346	7163	2
1348	5063	1
1349	14556	2
1349	18765	1
1349	11678	1
1349	22951	1
1350	4099	1
1350	19782	1
1350	16938	4
1350	5100	1
1350	7949	2
1350	62	2
1351	9752	2
1351	2073	2
1351	25663	1
1352	12161	1
1352	2211	1
1352	6952	1
1352	6953	1
1352	830	1
1352	12159	1
1353	3492	1
1353	6949	1
1353	3463	3
1353	25971	1
1353	14771	1
1353	19694	1
1353	5501	1
1353	14118	1
1353	10237	1
1353	2022	2
1354	4	1
1354	485	1
1354	1449	1
1354	1776	1
1354	1425	2
1354	5461	1
1354	1559	1
1354	7653	1
1356	18	1
1356	2987	2
1356	2035	1
1357	3587	1
1357	1676	1
1357	1757	1
1357	14262	1
1358	992	1
1358	23818	1
1358	654	1
1358	656	2
1358	28	1
1358	1045	1
1359	26062	1
1359	1679	1
1360	3716	1
1360	1710	1
1360	8721	1
1360	8726	1
1361	3746	1
1361	62	1
1362	1480	1
1362	10614	1
1363	10619	1
1363	17181	1
1363	11142	2
1366	10374	2
1366	8905	2
1366	8586	2
1366	8587	1
1366	824	1
1366	1040	1
1366	1480	1
1366	17823	1
1366	821	1
1366	2902	1
1366	7163	1
1366	23612	1
1367	8646	2
1367	11901	1
1367	11538	1
1367	856	1
1367	2841	1
1367	24123	2
1367	18173	1
1368	5452	3
1368	11501	2
1369	992	1
1369	841	1
1369	991	1
1371	2616	1
1371	6688	2
1373	7120	1
1373	1126	1
1373	20703	1
1375	25292	1
1375	549	1
1376	7465	1
1376	8498	1
1377	3626	1
1377	6244	1
1377	18117	1
1377	7502	1
1378	483	1
1378	8393	1
1378	8365	2
1378	11885	1
1378	689	1
1378	6646	1
1378	4975	1
1379	591	1
1379	2983	1
1380	3789	1
1381	11026	1
1381	12847	1
1381	2706	1
1381	11029	1
1381	11678	1
1381	14555	1
1381	14556	1
1382	1	1
1382	1893	4
1382	6182	1
1382	1287	1
1382	3466	1
1382	1549	1
1382	3246	1
1382	12047	1
1382	8369	1
1382	52	1
1382	3777	1
1382	1308	1
1382	1578	1
1382	4062	1
1382	10853	1
1383	2698	1
1383	111	1
1383	2700	1
1383	158	1
1383	2703	1
1383	5272	1
1383	411	1
1383	413	1
1383	3742	1
1383	2459	1
1383	422	1
1383	423	1
1383	2345	1
1383	298	1
1383	414	1
1383	2999	1
1383	11577	1
1383	64	1
1383	3393	1
1383	2118	1
1383	2119	1
1383	3663	1
1383	6236	1
1383	6237	1
1383	1886	1
1383	8799	1
1383	8800	1
1383	8801	1
1383	3682	1
1383	3044	1
1383	5415	1
1383	4591	1
1383	2293	1
1383	2294	1
1383	6008	1
1383	4349	1
1384	6286	1
1384	840	1
1384	6253	1
1384	7502	1
1384	7440	1
1384	625	2
1384	7572	1
1384	27	1
1385	257	1
1385	258	1
1385	5793	1
1385	126	1
1385	5977	1
1385	4383	1
1385	383	2
1386	656	1
1386	16497	1
1386	1106	1
1387	5535	1
1387	3498	1
1387	15918	1
1387	17967	1
1387	16577	1
1387	16842	1
1387	3537	1
1387	3548	1
1387	23267	1
1387	23268	2
1387	21606	3
1387	23272	2
1387	12265	1
1387	5501	1
1387	3572	1
1387	15865	1
1387	1660	1
1387	10922	2
1390	1923	1
1390	17931	1
1390	12715	1
1390	8736	1
1390	8737	1
1390	1060	1
1390	1067	1
1390	813	1
1390	14895	1
1390	816	2
1390	4918	1
1390	4922	1
1390	5310	1
1390	834	1
1390	4937	1
1390	5337	1
1390	16738	1
1390	443	1
1390	11390	1
1392	6145	1
1392	6147	1
1392	613	1
1392	714	3
1392	751	1
1392	4340	1
1392	470	1
1392	471	1
1392	472	1
1392	473	1
1392	474	1
1392	60	2
1394	20587	1
1394	17814	1
1395	1312	1
1395	2626	1
1395	2	1
1395	910	1
1395	12047	1
1395	2579	3
1395	1780	1
1395	3861	1
1395	2527	1
1396	18724	1
1396	2966	1
1397	8451	1
1398	21290	2
1398	107	1
1398	15834	1
1399	2671	1
1399	17232	1
1399	850	1
1399	696	1
1400	3962	1
1400	2822	1
1400	3975	1
1400	3913	1
1400	3915	2
1400	3916	1
1400	3917	1
1400	6453	1
1400	3898	1
1400	3900	1
1400	3901	1
1402	6816	1
1402	6147	1
1402	12299	1
1402	2159	1
1402	13333	1
1402	12380	1
1402	1342	3
1404	15324	1
1404	3454	1
1405	8768	1
1405	2094	1
1405	7120	1
1405	822	1
1407	5277	1
1407	822	3
1409	21669	1
1409	14918	1
1409	3149	1
1409	6132	1
1411	8599	2
1417	18525	1
1418	14248	1
1418	555	2
1418	8	1
1418	3604	1
1418	61	2
1418	703	1
1420	2979	1
1420	14038	1
1420	822	1
1421	14729	1
1421	11270	1
1421	14216	1
1421	2703	1
1421	4349	1
1421	2999	1
1421	111	1
1421	18652	1
1421	5405	1
1421	1886	1
1421	5407	1
1423	18651	1
1423	19390	1
1424	15456	1
1424	1827	1
1425	10402	1
1425	11972	1
1425	10405	1
1425	10406	1
1425	10407	1
1425	7884	1
1425	15629	1
1425	7885	1
1425	19188	1
1425	10421	1
1425	10390	1
1425	11992	1
1425	10654	1
1426	1026	1
1426	16323	1
1426	8975	2
1426	9583	1
1426	17151	1
1427	16517	1
1427	8805	1
1427	2133	1
1427	2550	1
1427	3078	1
1427	3069	1
1428	13733	3
1428	17104	1
1428	13845	1
1428	6750	3
1429	13913	1
1429	388	1
1429	78	1
1429	11079	1
1431	15953	1
1431	1618	1
1431	2139	1
1431	1538	1
1431	727	1
1432	3274	1
1432	7529	1
1433	12131	1
1433	829	1
1434	851	1
1435	9753	2
1435	2238	2
1436	700	1
1436	18316	1
1436	19358	1
1438	11146	1
1438	3117	1
1439	1769	1
1439	1678	2
1439	1684	2
1439	14975	1
1439	5471	1
1439	5533	1
1439	26303	1
1440	6952	1
1440	9497	2
1441	6977	1
1441	1026	2
1442	26041	1
1442	1500	1
1445	21606	1
1445	3537	1
1445	10922	1
1445	1650	1
1445	1679	1
1445	20894	1
1445	3487	1
1446	12676	3
1446	6532	2
1447	5427	1
1447	10525	1
1447	2670	1
1447	10527	1
1448	1155	1
1448	1156	1
1448	1157	1
1448	1158	1
1448	18357	1
1448	4630	1
1450	2848	1
1450	21168	1
1450	7271	1
1450	2983	1
1450	2002	1
1450	3422	7
1450	2969	1
1450	18942	4
1451	2928	1
1451	591	1
1452	9750	1
1452	10678	1
1452	16568	1
1452	2758	2
1452	17226	2
1452	20836	1
1452	3320	2
1452	13310	1
1453	11393	1
1453	1	1
1453	471	1
1453	730	1
1453	1312	1
1453	549	1
1453	550	1
1453	904	1
1453	1330	1
1453	692	1
1453	1332	1
1453	6850	2
1453	470	1
1453	472	1
1453	473	1
1453	474	1
1453	862	1
1453	487	1
1458	3074	2
1458	2163	1
1458	449	2
1458	3624	1
1458	3082	1
1458	16002	2
1458	462	1
1458	591	1
1458	2928	1
1458	1457	1
1458	10134	6
1458	11770	2
1458	6211	1
1459	12706	1
1459	10479	1
1459	78	1
1459	5623	1
1460	10248	2
1460	1031	2
1461	89	1
1461	1923	1
1461	1452	1
1461	460	1
1462	6608	1
1462	2067	1
1462	17883	1
1462	1772	1
1463	5475	2
1463	2574	2
1463	1032	1
1463	12530	1
1463	11219	1
1463	11220	1
1463	3578	2
1463	9083	1
1464	8952	1
1465	11142	1
1465	6668	1
1465	11427	3
1465	2216	1
1465	2245	1
1465	2212	1
1465	14058	1
1465	10348	2
1465	625	7
1465	6773	1
1467	555	1
1470	7258	1
1471	4736	1
1471	4737	1
1471	4741	1
1471	9	1
1471	10	1
1471	651	1
1471	654	1
1471	15	1
1471	16	1
1471	18	1
1471	27	1
1471	28	1
1471	944	1
1471	11441	1
1471	824	3
1471	608	1
1471	840	1
1471	1120	1
1471	656	1
1471	7163	1
1471	19195	1
1473	9497	1
1473	834	1
1473	2235	2
1473	6953	1
1474	18	1
1474	2150	1
1475	709	1
1475	8372	1
1475	14902	1
1476	18921	1
1476	1626	1
1476	1630	1
1477	25319	1
1477	5495	1
1477	3485	1
1478	6248	1
1478	7529	1
1478	3274	1
1478	7495	1
1478	6253	1
1478	7567	1
1478	17394	1
1478	7575	1
1478	7514	1
1478	8510	1
1480	18232	1
1480	17874	1
1480	5435	1
1480	2095	1
1481	10564	1
1481	591	1
1481	9008	2
1481	1711	1
1484	1995	1
1484	1975	1
1485	101	1
1485	3085	1
1485	2737	1
1485	196	1
1485	2748	1
1486	15809	1
1486	5475	1
1486	15908	1
1486	3465	1
1486	11221	1
1486	11173	2
1488	553	2
1488	4235	1
1488	25292	1
1488	2641	2
1489	10976	2
1489	18627	1
1489	6781	1
1489	78	1
1490	11299	2
1490	13865	1
1490	19245	1
1490	11151	1
1490	15996	1
1491	1744	1
1491	986	1
1491	4628	1
1491	4693	1
1492	36	2
1492	678	1
1492	70	1
1492	1548	1
1492	1453	3
1492	1294	1
1492	18607	1
1492	13910	1
1492	727	1
1492	4026	1
1492	2556	1
1492	3453	1
1492	1566	2
1492	15935	2
1493	11520	1
1493	6538	1
1493	7277	1
1493	691	1
1493	1304	1
1493	1441	1
1493	10787	1
1493	9386	1
1493	10284	1
1493	51	1
1493	9269	1
1493	823	1
1493	16702	1
1493	13249	1
1493	2133	1
1493	92	1
1493	482	1
1493	488	1
1493	6125	1
1493	11122	1
1493	16244	1
1493	893	1
1493	894	1
1494	803	1
1494	16428	1
1494	18169	1
1494	24859	1
1495	113	2
1495	6750	1
1495	622	2
1496	4130	1
1496	3956	1
1497	3051	1
1497	8311	1
1500	14752	1
1500	18838	1
1500	18840	1
1500	1658	1
1500	2889	1
1500	2866	1
1500	13358	1
1500	14748	1
1500	14833	1
1500	13362	1
1500	2888	1
1500	2870	1
1500	9975	1
1500	10938	2
1500	16028	1
1500	1661	1
1500	14750	1
1501	16504	1
1501	10578	1
1503	2661	1
1503	23721	1
1503	10519	1
1503	18320	1
1503	17093	1
1503	5431	1
1503	5432	1
1503	24631	1
1503	15646	1
1504	17	1
1504	4753	2
1504	26	1
1504	1840	1
1504	1456	2
1504	822	3
1504	824	10
1504	25028	1
1504	19782	1
1504	969	1
1504	14285	1
1504	2897	1
1504	2898	1
1504	2535	2
1504	5479	1
1504	878	1
1504	4721	1
1505	5509	1
1506	12112	1
1506	9561	1
1506	9690	1
1506	10940	1
1506	10943	1
1507	25608	1
1507	9515	1
1507	557	1
1507	17646	1
1507	5085	1
1507	25296	2
1507	561	1
1507	558	1
1507	570	1
1507	23742	1
1508	704	1
1508	6533	1
1508	683	1
1508	2124	1
1508	10547	1
1508	2553	1
1508	443	2
1508	2526	1
1509	553	1
1509	2987	1
1510	18312	1
1510	18314	1
1510	18316	1
1510	18317	1
1510	148	1
1510	7201	6
1510	6564	1
1510	6567	1
1510	6568	1
1510	4781	1
1510	822	1
1510	19384	1
1510	11577	1
1510	4668	1
1510	3393	1
1510	206	1
1510	207	1
1510	4688	1
1510	824	1
1510	14035	1
1510	14036	1
1510	859	1
1510	3044	1
1510	13929	1
1510	362	1
1510	11501	1
1510	111	1
1510	625	1
1510	2035	1
1510	2296	1
1511	14056	1
1511	625	2
1512	1709	1
1515	16938	1
1515	7531	1
1515	10614	1
1517	7438	1
1517	6287	1
1517	7441	1
1517	12064	2
1517	7480	2
1517	9795	1
1517	9796	1
1517	6244	1
1517	6246	1
1517	7414	1
1518	1673	1
1518	2866	1
1518	1658	1
1520	582	2
1520	2100	1
1520	2101	1
1520	572	1
1520	573	1
1520	578	2
1520	584	1
1520	3800	1
1520	4840	1
1520	18419	2
1521	7142	1
1521	7150	1
1524	22754	1
1524	2889	2
1524	2890	1
1524	19693	1
1524	2866	1
1524	18838	1
1524	1658	1
1524	1662	1
1525	3088	1
1525	425	1
1525	1631	1
1525	11827	1
1525	2983	1
1526	2661	1
1526	10580	1
1526	855	1
1526	62	2
1526	2687	1
1527	3962	1
1527	3959	1
1527	3975	2
1528	651	2
1528	973	1
1528	22717	1
1528	1205	1
1528	959	1
1529	546	1
1529	12446	1
1531	9347	3
1531	13192	3
1531	6439	1
1531	6535	1
1531	16054	1
1531	2871	1
1531	12605	2
1531	12618	1
1531	16207	1
1531	1772	2
1531	14959	1
1534	160	1
1534	2301	1
1534	62	1
1535	10369	1
1535	10372	1
1535	11025	1
1535	11042	1
1535	6571	1
1535	813	1
1535	12463	1
1535	12467	1
1535	5310	1
1535	19905	1
1535	19907	1
1535	5064	1
1535	18512	1
1535	10455	1
1535	10862	1
1535	8563	1
1535	10359	1
1536	17665	1
1536	2983	1
1536	468	1
1536	10121	1
1538	591	6
1539	3553	1
1539	6533	1
1539	619	1
1539	9421	1
1539	1425	1
1539	4541	1
1541	5217	1
1541	7055	1
1541	7074	1
1541	2336	1
1541	18858	1
1541	8113	1
1541	5966	1
1541	8659	1
1541	14223	1
1541	7137	1
1541	4464	1
1541	625	1
1541	5623	1
1542	20244	1
1542	591	2
1543	1772	1
1543	709	1
1544	19591	2
1544	13731	2
1544	20908	1
1544	25287	4
1544	15069	1
1544	1784	2
1544	23804	5
1545	13924	1
1545	23659	1
1545	9855	3
1546	14089	1
1546	834	2
1546	591	1
1547	3274	1
1547	591	2
1547	13746	1
1547	5365	1
1547	17471	1
1548	4225	1
1548	3138	1
1548	2758	1
1548	5383	1
1548	17634	1
1548	7018	6
1548	203	1
1548	2701	1
1548	5840	1
1548	3187	1
1548	635	1
1548	3114	2
1549	23333	1
1549	21606	1
1549	15378	1
1549	25851	1
1552	236	1
1552	2927	3
1552	5365	1
1552	591	2
1554	10976	2
1554	3616	1
1556	1	1
1556	2	1
1556	18858	1
1556	18859	1
1556	4464	1
1556	12113	1
1558	1922	1
1558	17155	1
1558	18438	1
1558	18439	1
1558	6667	1
1558	2060	1
1558	13443	1
1558	6805	1
1558	790	1
1558	9240	1
1558	1308	1
1558	9157	1
1558	9248	2
1558	13858	1
1558	8356	2
1558	6181	1
1558	13385	1
1558	55	1
1558	5177	1
1558	5179	1
1558	4415	1
1558	6595	1
1558	5188	2
1558	10181	2
1558	6345	1
1558	3767	1
1558	3148	1
1558	15587	1
1558	13860	1
1558	11745	1
1558	742	1
1558	1896	1
1558	5096	1
1560	5526	1
1560	1670	2
1560	1672	2
1560	1676	2
1560	9970	1
1560	1654	2
1560	1655	2
1560	3513	2
1560	10527	1
1561	7588	1
1561	141	1
1561	11927	1
1562	2052	1
1562	2340	1
1562	62	1
1562	2251	1
1562	4429	1
1562	8654	1
1562	7507	1
1562	2262	1
1562	2263	1
1562	8667	1
1562	8675	1
1562	13734	1
1562	2406	1
1562	7530	1
1562	7531	1
1562	19827	1
1562	18131	1
1562	2679	1
1563	1971	1
1563	23600	1
1563	488	1
1563	15531	1
1563	5101	1
1563	3853	1
1563	2128	2
1563	2162	1
1563	862	1
1563	1566	2
1563	5142	1
1563	4975	1
1563	892	1
1563	5118	1
1564	10528	1
1564	9818	1
1565	8451	1
1565	13705	1
1565	13706	1
1565	12179	1
1565	8468	1
1565	8469	1
1565	8470	1
1565	8472	1
1565	8473	1
1565	8474	1
1565	8476	1
1565	16302	1
1565	8239	1
1565	10675	1
1565	10297	1
1565	4289	1
1565	4214	1
1565	9983	1
1566	13564	1
1566	4139	1
1566	6446	1
1566	3898	1
1566	11486	1
1567	8563	4
1567	1072	1
1567	1075	1
1567	5310	1
1568	16425	1
1568	2652	1
1568	5615	1
1569	6245	2
1569	7462	1
1569	6247	1
1569	3274	1
1569	107	2
1569	812	1
1569	6286	1
1569	7379	1
1570	9542	1
1570	13489	1
1570	1493	2
1570	9561	1
1570	6683	1
1573	9103	1
1573	6687	1
1573	18544	1
1573	3624	1
1573	8747	1
1573	22961	1
1573	6990	1
1573	2002	1
1573	3706	1
1573	21604	1
1573	9578	1
1573	2928	1
1573	9204	1
1573	18549	1
1574	5264	1
1574	12067	1
1574	24315	1
1574	23615	1
1574	10282	1
1574	4144	1
1574	1650	1
1574	10260	1
1574	6647	1
1574	1706	1
1574	1855	1
1575	1786	1
1575	1684	1
1576	849	1
1576	5428	3
1576	24198	1
1577	227	1
1577	7434	1
1577	236	1
1578	4962	1
1578	59	1
1578	1270	1
1578	18087	2
1578	1448	1
1578	3242	1
1578	6827	1
1578	6133	1
1578	18638	1
1578	2578	1
1578	1299	1
1578	1774	1
1578	3830	2
1578	3767	1
1578	2047	1
1578	1307	1
1578	6213	1
1578	1311	1
1579	17024	1
1579	913	10
1579	1683	1
1579	14293	1
1579	9885	2
1580	5623	4
1580	13161	1
1580	25067	2
1580	78	2
1580	113	2
1580	19764	1
1580	1974	6
1581	2725	2
1581	201	2
1581	3376	4
1581	8658	2
1582	2657	1
1582	1133	1
1582	15653	1
1582	849	1
1582	2093	1
1582	1134	1
1582	1007	1
1582	2097	1
1582	16404	1
1582	854	1
1582	7209	1
1582	696	1
1582	4646	1
1582	16253	1
1582	10527	1
1583	9857	1
1583	10224	1
1583	6312	1
1583	107	4
1583	622	1
1583	1840	1
1583	9522	1
1583	26742	1
1583	13178	1
1584	11235	1
1585	651	1
1585	6801	1
1585	11502	1
1585	913	1
1585	1828	1
1585	4005	1
1585	1834	1
1585	1840	1
1585	5456	1
1585	14293	1
1585	472	1
1585	5475	4
1585	485	1
1585	19694	1
1586	487	1
1586	10670	1
1586	1299	1
1588	6147	1
1588	6277	1
1588	9990	1
1588	1575	3
1588	1448	1
1588	2985	2
1588	683	1
1588	2608	6
1588	1457	1
1588	5177	1
1588	9147	1
1588	7493	1
1588	13260	1
1588	10959	1
1588	472	1
1588	474	1
1588	488	2
1588	31	1
1588	10181	1
1588	3448	1
1588	4092	1
1588	893	1
1589	8459	1
1589	10372	1
1589	5063	3
1589	14552	1
1589	10357	1
1589	14550	2
1589	14551	1
1589	10360	2
1589	19902	2
1589	14549	1
1590	1698	1
1590	1676	1
1590	1711	1
1590	20886	1
1591	1480	1
1592	8451	1
1592	4934	1
1592	199	1
1592	17933	1
1592	11577	1
1592	17626	1
1592	11935	1
1592	8959	1
1593	7426	1
1593	7427	1
1593	7564	1
1593	6285	1
1593	7566	1
1593	7567	2
1593	12312	1
1593	7572	2
1593	12763	1
1593	17573	1
1593	8496	1
1593	8498	1
1593	18105	1
1593	6283	1
1593	7498	2
1593	8539	1
1593	7522	1
1593	7398	1
1593	6254	2
1593	6256	1
1593	6257	1
1593	7419	1
1593	7423	1
1594	16002	1
1594	10886	1
1594	1026	1
1594	14480	1
1594	913	1
1594	878	1
1594	2986	1
1594	9543	2
1594	23853	1
1594	6592	1
1594	1863	2
1594	78	1
1594	20050	2
1594	1512	1
1594	12910	1
1594	113	2
1594	7163	1
1594	12927	1
1595	4720	1
1595	2530	1
1595	12965	1
1595	4774	1
1595	1735	1
1595	1744	1
1595	1745	1
1595	16248	1
1595	4732	1
1596	18944	2
1596	20098	1
1596	18980	1
1596	3415	1
1596	3416	1
1596	11450	1
1597	2902	3
1597	2362	1
1601	4130	1
1601	4134	1
1601	4136	1
1601	13999	1
1601	13937	2
1602	7548	2
1602	7498	1
1602	6284	1
1602	18108	1
1603	1827	1
1603	26820	1
1603	13161	1
1603	3532	1
1603	10230	1
1603	24188	2
1603	16767	1
1604	7521	1
1604	22409	1
1604	8524	1
1604	7529	1
1604	18942	3
1604	18108	1
1604	12021	1
1606	14754	1
1606	14755	1
1606	14757	1
1606	14760	1
1606	14764	1
1606	14765	1
1606	15822	1
1606	1656	1
1607	69	1
1607	16070	1
1607	1289	1
1607	7276	1
1607	3473	2
1607	3546	1
1608	18465	1
1609	4732	2
1610	3085	1
1610	5793	1
1610	4383	1
1610	2337	1
1610	7074	1
1610	3624	1
1610	6072	1
1610	7239	1
1610	2367	1
1610	68	1
1610	1990	1
1610	6983	1
1610	591	1
1610	2000	4
1610	16853	1
1610	1631	1
1610	101	1
1610	4591	1
1610	4592	1
1610	18549	1
1610	16379	2
1610	125	1
1611	4740	1
1611	12680	5
1611	10506	1
1611	651	1
1611	4622	1
1611	656	1
1611	4626	1
1611	1220	1
1611	28	1
1611	673	1
1611	803	1
1611	821	1
1611	824	1
1611	2627	1
1611	2628	1
1611	2629	1
1611	4700	1
1611	8421	1
1611	2150	1
1611	107	3
1611	18	1
1611	22717	1
1612	3571	2
1612	5061	1
1612	20734	1
1615	7398	1
1615	14088	1
1615	11955	1
1615	7514	1
1616	6449	1
1616	24315	1
1616	20721	1
1616	10265	1
1616	4191	1
1616	3900	1
1616	4158	1
1617	1281	1
1617	9222	1
1617	1575	1
1617	617	1
1617	3056	2
1617	2130	1
1617	17814	1
1617	21225	1
1617	1534	1
1618	8736	1
1618	4922	2
1618	15427	1
1619	16312	1
1620	17639	1
1620	9418	1
1620	12748	1
1620	8915	4
1620	17628	1
1620	6589	5
1620	25471	1
1621	1667	1
1621	1668	1
1621	1670	1
1621	1671	1
1621	1673	1
1621	14743	1
1621	14755	1
1621	3109	1
1621	14758	1
1621	14760	1
1621	14766	1
1621	9971	1
1621	2869	1
1621	1674	1
1621	1655	1
1621	3288	1
1621	3290	1
1621	14757	1
1621	6503	1
1621	9970	1
1621	1652	1
1621	1660	1
1621	1661	1
1621	1662	1
1622	12043	1
1622	12	1
1622	16	1
1622	17	1
1622	18	1
1622	25	1
1622	26	1
1622	4764	1
1622	29	1
1622	6953	2
1622	11307	1
1622	1974	2
1622	9	1
1622	824	2
1622	10	1
1622	650	1
1622	844	1
1622	28	1
1622	16466	1
1622	6990	1
1622	859	1
1622	12124	1
1622	608	1
1622	2532	1
1622	999	1
1622	4721	1
1623	4620	1
1623	1220	1
1623	3918	1
1623	4191	1
1624	10941	1
1624	11087	1
1624	18302	1
1624	9677	1
1624	18317	1
1624	18301	1
1624	11666	2
1624	10942	1
1624	822	2
1624	9690	1
1624	11099	1
1624	9629	2
1624	9630	1
1625	3712	1
1625	3547	1
1625	14982	1
1625	107	2
1625	3703	2
1625	15224	1
1625	3705	1
1625	16207	1
1625	16030	1
1627	13731	1
1627	6252	3
1627	6250	3
1627	12503	1
1627	6572	3
1627	6544	1
1627	11569	1
1627	7414	7
1627	7529	2
1627	18105	4
1627	7514	1
1629	6571	2
1629	6572	1
1629	11026	1
1629	12433	1
1629	18514	1
1629	10355	1
1630	2225	2
1630	6949	1
1630	7375	2
1631	18419	1
1631	19884	2
1631	557	1
1632	1	1
1632	3862	1
1632	907	1
1632	908	1
1632	909	1
1632	910	1
1632	10774	1
1632	1305	1
1632	1498	2
1632	8349	1
1633	625	2
1633	19588	2
1633	443	1
1634	1026	2
1634	26883	1
1634	26884	1
1634	11398	1
1634	2704	1
1634	146	1
1634	147	1
1634	3221	1
1634	407	1
1634	414	1
1634	2337	1
1634	11304	1
1634	2694	1
1634	5927	2
1634	2344	1
1634	2345	1
1634	2346	1
1634	13739	1
1634	5681	1
1634	3509	1
1634	5945	1
1634	3275	2
1634	8779	1
1634	5709	1
1634	25553	1
1634	8787	1
1634	6996	1
1634	2263	1
1634	6233	1
1634	2397	1
1634	3807	2
1634	98	1
1634	7016	1
1634	2283	1
1634	8685	1
1634	14952	1
1634	1398	1
1634	2040	4
1634	24446	1
1634	19199	1
1636	7452	1
1636	62	1
1636	591	1
1637	1313	1
1637	2562	1
1637	1255	1
1637	75	1
1637	2031	1
1637	2069	1
1637	5238	1
1637	6904	1
1637	10714	1
1637	5615	2
1637	1276	1
1638	6952	1
1638	12138	1
1638	2235	1
1640	19814	1
1640	19406	2
1640	3567	1
1640	7154	2
1640	15693	1
1641	11904	1
1641	6532	1
1641	6535	1
1641	16232	1
1641	16205	2
1641	14959	1
1641	10920	1
1641	16019	1
1641	3716	1
1641	1727	5
1642	840	1
1642	2628	1
1642	4626	1
1642	4700	1
1642	2629	1
1643	4736	1
1643	10	2
1643	3090	1
1643	21140	1
1643	4789	1
1643	953	16
1643	22717	2
1643	2900	3
1643	2022	2
1643	22631	1
1645	4483	1
1645	472	1
1645	487	1
1645	3817	1
1645	3768	1
1645	2577	1
1645	470	1
1645	473	1
1645	474	1
1645	1309	1
1647	1134	1
1648	13176	1
1648	15516	1
1648	2860	1
1648	13895	1
1650	14763	1
1650	1282	1
1650	1667	1
1650	1668	1
1650	1670	1
1650	488	1
1650	14505	1
1650	2890	1
1650	1655	1
1650	2866	1
1650	1902	1
1650	1906	1
1650	3486	1
1650	9974	1
1650	15863	2
1650	2138	1
1650	2869	1
1651	162	1
1651	3210	1
1651	111	1
1651	10130	1
1651	3187	1
1651	5338	1
1652	25031	1
1652	5449	1
1653	22976	1
1653	18859	1
1653	555	1
1654	21604	1
1654	18250	1
1654	18544	1
1654	3711	2
1655	22852	1
1655	413	1
1656	23729	1
1656	11321	1
1656	7070	1
1657	7069	1
1657	822	1
1657	311	2
1658	9978	1
1658	1772	1
1658	13230	1
1660	5700	1
1660	3085	1
1660	1742	1
1660	1743	2
1660	1745	1
1660	17237	1
1660	13790	1
1660	62	1
1661	11524	2
1661	2287	1
1662	26883	1
1662	409	1
1662	395	2
1664	8113	1
1664	425	1
1666	422	1
1666	2419	1
1666	9731	1
1666	4563	1
1666	2420	1
1667	424	1
1667	398	1
1667	401	1
1667	822	1
1667	8666	1
1667	2427	1
1668	3216	1
1668	2728	1
1668	10192	1
1668	437	18
1669	388	1
1669	3123	1
1669	437	1
1669	1398	1
1669	1630	1
1670	15963	1
1671	146	1
1671	2262	1
1673	10192	1
1673	6459	1
1673	2324	1
1675	11009	1
1675	834	2
1675	553	2
1675	813	1
1675	12846	1
1675	7661	1
1675	2706	1
1675	11676	1
1675	5085	1
1675	1055	1
1676	921	1
1676	4749	1
1677	12556	1
1677	3182	1
1677	8339	1
1677	5143	1
1677	4344	1
1678	4485	1
1678	1257	2
1678	1287	1
1678	3180	1
1678	5043	1
1678	1561	1
1678	3452	1
1678	1279	1
1679	15435	1
1680	3400	1
1680	13464	1
1680	4344	1
1680	12828	1
1681	0	1
1681	5129	1
1681	2457	1
1681	3612	5
1681	1566	1
1681	51	1
1681	3380	1
1681	704	1
1681	6595	1
1681	3402	1
1681	591	2
1681	1492	1
1681	1366	1
1681	101	1
1681	4973	1
1681	1277	1
1682	1920	1
1683	1317	1
1683	748	2
1683	463	1
1683	15155	1
1683	53	2
1683	1304	1
1683	6141	1
1685	6913	2
1685	15144	1
1685	10125	1
1685	2512	1
1685	11891	1
1685	7632	1
1685	60	1
1686	32	1
1686	6533	1
1686	40	1
1686	1290	1
1686	1565	1
1686	6673	1
1686	52	1
1686	2069	1
1686	2135	1
1686	472	2
1686	1342	1
1686	12383	1
1688	1312	1
1688	8421	1
1688	742	1
1688	1257	1
1688	2155	1
1688	12017	1
1688	3859	1
1688	1304	1
1688	6140	1
1690	362	1
1690	1772	1
1690	258	1
1690	591	2
1690	625	1
1690	58	1
1691	6781	1
1691	4335	2
1692	902	1
1692	3400	1
1692	10125	2
1692	5105	1
1692	11127	1
1692	1272	1
1692	11515	1
1694	22527	1
1694	3571	3
1694	2035	1
1696	8	1
1696	6569	1
1696	1003	1
1696	4749	1
1696	936	1
1696	1243	1
1697	2645	1
1697	2589	1
1698	13354	2
1698	3830	2
1698	5127	1
1699	11424	3
1699	6672	1
1700	4033	1
1700	4971	1
1700	1453	1
1700	8373	1
1700	2133	1
1701	3489	1
1701	2884	1
1701	11176	3
1701	24583	1
1701	10092	1
1701	1827	1
1702	1920	2
1702	6817	3
1702	4962	2
1702	11813	1
1702	6760	1
1702	10121	1
1702	11375	1
1702	10836	1
1702	2162	1
1702	5107	1
1702	468	1
1702	13460	1
1702	9086	1
1703	6816	1
1703	3241	2
1703	5621	1
1703	61	2
1704	1026	2
1704	14459	2
1704	13354	1
1704	107	5
1704	1976	1
1704	9787	1
1704	1727	3
1705	3553	2
1705	1764	1
1705	1679	3
1706	1512	1
1707	5536	2
1707	3526	1
1708	1	1
1708	18937	1
1708	5	1
1708	6918	1
1708	2567	1
1708	780	1
1708	1935	1
1708	13355	1
1708	1299	1
1708	3182	1
1708	20894	2
1708	9925	1
1708	805	1
1708	11814	3
1708	3242	1
1708	19630	1
1708	3767	1
1708	6841	1
1708	4959	1
1708	61	1
1708	704	1
1708	701	1
1708	14530	1
1708	709	5
1708	13895	2
1708	8375	1
1708	1492	1
1708	23246	1
1708	6201	2
1708	2777	1
1708	2015	1
1708	485	2
1708	11881	1
1708	14958	7
1708	11375	4
1708	1779	1
1708	2553	1
1708	4988	1
1709	6695	1
1709	16379	1
1710	74	1
1710	1555	1
1710	4995	1
1711	20986	2
1711	1514	1
1712	2589	1
1712	1567	1
1713	611	1
1713	12336	1
1713	2411	1
1713	7200	1
1714	6112	1
1714	107	1
1714	3443	1
1714	21497	1
1714	703	1
1715	8180	1
1715	2295	1
1717	2122	1
1717	9426	1
1717	4998	1
1717	5031	1
1719	832	2
1719	834	1
1719	12131	1
1719	6952	1
1719	6953	1
1719	2222	1
1719	12149	1
1719	2235	1
1719	12159	1
1720	14784	1
1720	26033	1
1720	15237	1
1721	5122	1
1721	1572	1
1721	1586	1
1721	6643	1
1721	694	1
1722	3840	1
1722	10497	1
1722	1922	1
1722	5255	1
1722	1929	2
1722	1932	1
1722	3261	1
1722	2069	1
1722	790	1
1722	3099	1
1722	1565	1
1722	1566	1
1722	8356	1
1722	39	1
1722	905	1
1722	1457	1
1722	1974	2
1722	14903	1
1722	61	2
1722	1600	1
1722	8388	1
1722	6218	1
1722	9165	1
1722	3150	2
1722	16853	2
1722	2011	1
1722	10853	1
1722	614	1
1722	615	1
1722	4079	2
1722	2162	1
1722	2548	1
1722	3448	1
1723	107	3
1723	8381	1
1723	6416	1
1723	2035	4
1723	8344	2
1723	11837	1
1723	5118	1
1723	4543	1
1724	18621	1
1724	3566	1
1725	13362	1
1725	1620	1
1726	14747	1
1726	12605	1
1726	14750	1
1727	1536	1
1727	20065	1
1727	12012	1
1727	2600	1
1727	5257	2
1727	6122	1
1727	487	1
1727	10508	1
1727	10767	1
1727	51	1
1727	72	1
1727	39	1
1727	485	1
1728	2989	1
1728	730	5
1728	61	2
1729	1281	2
1729	1282	1
1729	6659	1
1729	1286	1
1729	6145	1
1729	905	1
1729	6538	1
1729	12048	1
1729	3857	1
1729	1562	1
1729	1308	1
1729	16286	1
1729	12580	1
1729	6	1
1729	1330	1
1729	691	1
1729	52	1
1729	17161	1
1729	59	1
1729	2632	1
1729	902	1
1729	92	1
1729	481	1
1729	869	1
1729	6634	1
1729	894	1
1729	20987	1
1729	6142	1
1730	449	2
1730	1893	1
1730	2635	1
1730	1292	1
1730	910	1
1730	3600	1
1730	53	1
1730	20822	2
1730	1559	1
1730	1304	3
1730	1306	1
1730	1614	1
1730	4986	1
1731	2517	1
1732	5490	1
1732	6229	1
1733	1320	1
1733	449	1
1733	1502	2
1733	2145	1
1734	487	1
1734	2602	1
1734	3182	1
1734	27088	2
1734	91	1
1734	11837	1
1734	13982	1
1735	10515	1
1735	1604	1
1735	23860	1
1735	3465	3
1735	5515	1
1735	2889	1
1735	17967	1
1735	403	1
1735	404	1
1735	14293	1
1736	1120	3
1736	1744	1
1736	1733	1
1736	4695	3
1736	1040	1
1736	978	1
1736	19	1
1736	1012	1
1736	1207	2
1736	4668	1
1737	27106	1
1737	6939	2
1737	7254	1
1738	7426	1
1738	6245	1
1739	5134	1
1739	12050	1
1739	2580	1
1739	2584	2
1739	3612	1
1739	1458	5
1739	1600	1
1739	3407	2
1739	82	1
1739	467	1
1739	11515	1
1739	4962	1
1739	15587	1
1739	5098	1
1739	2159	1
1739	2549	1
1739	2043	1
1739	3071	2
1740	1636	8
1740	1637	1
1740	2480	1
1740	3219	1
1740	2646	1
1740	5303	1
1740	2392	1
1740	6459	1
1742	8646	2
1742	8358	1
1742	72	1
1742	107	3
1742	5613	1
1742	5615	1
1742	20198	1
1742	18004	1
1742	2133	1
1742	5435	1
1742	6812	1
1745	7653	1
1746	68	1
1746	6659	1
1746	3140	1
1747	1920	2
1747	25067	2
1747	1031	3
1747	1262	1
1749	449	1
1749	902	1
1749	776	3
1749	462	1
1749	1310	1
1749	5013	1
1749	733	1
1749	3102	1
1750	5124	1
1750	2047	1
1750	6152	2
1750	73	1
1750	1611	1
1750	751	2
1750	82	3
1750	1267	1
1750	4054	1
1750	19663	1
1750	3453	1
1750	1534	1
1750	447	2
1751	17618	1
1751	3645	1
1753	110	1
1753	792	2
1753	12580	1
1753	2225	1
1753	2613	1
1753	2235	1
1753	61	2
1753	4542	1
1753	1609	1
1753	76	1
1753	13901	2
1753	6738	1
1753	750	1
1753	12017	3
1753	1529	1
1753	4991	1
1753	1535	1
1754	2626	1
1754	5190	1
1754	11837	1
1755	16352	1
1755	1345	1
1755	1287	1
1755	2060	1
1755	5170	1
1755	2516	2
1755	1332	1
1755	1342	1
1756	641	1
1756	9760	1
1757	2860	2
1757	5198	2
1759	784	1
1759	1330	1
1759	5013	2
1759	3097	1
1760	5152	2
1760	5027	2
1760	2788	1
1760	2055	1
1760	2601	1
1760	11788	2
1760	10767	1
1760	689	4
1760	5171	2
1760	8372	1
1760	5173	3
1760	1961	1
1761	8449	1
1761	12423	1
1761	8459	1
1761	6552	1
1761	2706	1
1761	21395	2
1761	11032	1
1761	11678	2
1761	545	3
1761	11042	1
1761	549	2
1761	550	2
1761	552	2
1761	14557	2
1761	19894	1
1761	11416	1
1761	12467	1
1761	21567	1
1761	5057	1
1761	20943	1
1761	18514	1
1761	18261	3
1761	18263	5
1761	5081	1
1761	5085	3
1761	14558	2
1761	10472	2
1761	10474	1
1761	14546	1
1761	18036	1
1761	18037	1
1762	12930	2
1762	6781	1
1762	591	1
1763	10760	2
1763	1753	1
1763	2035	2
1763	8597	4
1763	14070	1
1763	6809	1
1763	2649	7
1763	6462	1
1764	11457	1
1764	812	2
1764	206	1
1764	207	1
1764	2040	1
1764	2739	1
1764	4214	1
1764	10072	1
1764	7258	2
1765	482	1
1765	1547	1
1765	1956	1
1765	2057	1
1765	491	1
1765	2512	1
1765	617	1
1765	6202	1
1766	7217	1
1766	1026	1
1767	4992	2
1767	1281	1
1767	1547	1
1767	15884	1
1767	3859	1
1767	3612	2
1767	1950	1
1767	1441	1
1767	685	3
1767	9136	3
1767	1461	1
1767	2513	2
1767	1366	1
1767	87	3
1767	867	4
1767	5094	4
1767	11751	1
1767	488	2
1767	2546	2
1767	1909	1
1767	15953	1
1768	24675	1
1768	553	2
1768	1964	4
1768	3730	2
1768	11027	1
1768	1940	2
1768	17013	1
1770	3086	1
1770	3229	1
1770	2352	1
1770	2743	1
1770	440	1
1770	413	2
1770	6014	1
1771	1248	1
1771	3616	1
1771	3139	1
1771	1893	2
1771	871	1
1771	872	1
1771	37	1
1771	1555	1
1771	727	1
1771	5208	1
1771	892	1
1771	9085	1
1771	2133	1
1771	3071	1
1772	12768	1
1773	8352	1
1773	898	1
1773	1316	1
1773	73	2
1773	6178	1
1773	761	1
1773	2557	1
1774	16538	1
1774	17924	1
1774	17626	1
1775	6756	1
1775	711	1
1775	2057	2
1775	9421	1
1775	1582	2
1775	13343	2
1776	19588	1
1776	26254	1
1777	2524	1
1777	9	1
1778	13258	1
1778	4940	1
1778	1426	1
1778	687	1
1778	2035	1
1778	824	1
1778	701	1
1779	691	1
1779	6608	1
1779	2159	1
1780	734	1
1780	1537	1
1780	1316	1
1780	5254	1
1780	616	1
1780	8878	1
1780	2541	1
1780	78	1
1780	9149	1
1780	816	1
1780	1320	1
1780	84	3
1780	53	1
1780	1591	2
1780	1947	1
1780	3101	1
1780	1534	2
1780	16351	3
1781	3983	1
1781	3992	1
1781	3993	1
1781	4190	1
1781	3942	1
1781	3944	1
1782	7522	1
1782	6283	1
1782	61	1
1782	6285	1
1783	4961	1
1783	1026	2
1783	15144	1
1783	74	4
1783	16656	1
1783	5010	1
1783	234	1
1783	2170	1
1783	14459	1
1783	862	1
1784	3120	1
1784	480	1
1784	3180	1
1784	69	1
1784	3094	1
1785	487	1
1785	456	1
1785	1578	1
1785	1294	1
1785	6195	1
1785	1364	1
1785	5819	1
1785	10890	1
1786	20817	1
1786	12069	1
1786	1308	1
1786	709	1
1787	145	2
1788	8160	2
1788	5110	1
1788	1539	4
1788	2983	1
1788	1357	1
1788	621	1
1788	2163	2
1788	1556	3
1788	24878	1
1788	54	2
1788	3598	1
1788	2638	2
1789	8372	1
1789	4541	1
1789	9238	1
1790	7319	2
1790	5049	5
1790	21978	1
1791	9755	1
1791	8355	1
1791	201	1
1791	591	1
1791	2356	1
1791	3610	1
1791	1343	1
1791	895	1
1792	21665	1
1792	10247	1
1792	15821	1
1792	816	10
1792	625	3
1792	1650	2
1792	3480	1
1792	26303	1
1793	897	1
1793	4482	1
1794	3257	1
1794	468	1
1794	12023	1
1795	1429	1
1795	62	2
1795	111	1
1796	19593	1
1796	23853	1
1797	18088	2
1797	3078	1
1798	10497	1
1798	6665	1
1798	10125	1
1798	20754	1
1798	3862	2
1798	7622	1
1798	8359	3
1798	703	1
1798	5188	3
1798	13387	1
1798	2133	1
1798	1622	1
1798	6107	1
1798	3813	2
1798	488	2
1798	1575	1
1798	6769	1
1798	3448	1
1798	893	1
1799	6658	1
1799	491	1
1799	3149	1
1799	54	1
1799	60	1
1799	4541	2
1800	13458	1
1800	8404	1
1800	709	1
1800	8383	1
1801	2841	1
1801	746	1
1802	11788	1
1802	6620	1
1802	1286	1
1802	463	1
1803	729	1
1804	1272	1
1804	3513	1
1804	5507	1
1805	61	1
1807	3760	1
1807	1330	1
1807	782	1
1807	784	1
1807	2642	1
1807	1299	1
1807	1309	1
1808	1283	1
1808	76	1
1808	70	1
1808	1278	1
1809	10480	1
1809	2657	1
1809	61	1
1809	853	1
1809	9815	1
1810	17551	2
1812	2608	1
1812	1313	1
1813	2146	1
1813	5	3
1813	1322	2
1813	2	1
1813	689	1
1813	790	1
1814	10547	2
1814	2517	1
1814	726	1
1815	5	3
1815	6918	1
1815	6666	1
1815	6667	2
1815	3468	1
1815	3853	1
1815	2063	1
1815	3601	1
1815	5141	1
1815	1566	4
1815	2608	1
1815	54	1
1815	695	1
1815	6175	1
1815	76	2
1815	718	1
1815	1361	1
1815	1620	1
1815	16352	1
1815	620	1
1815	4079	2
1815	6646	1
1815	2132	1
1816	18755	1
1818	11168	1
1818	2553	1
1818	5127	1
1819	6579	1
1819	549	1
1820	4946	1
1820	476	1
1820	1343	2
1821	2516	1
1822	5256	1
1822	8459	1
1822	908	1
1822	2069	1
1822	6555	1
1822	3487	1
1822	5152	1
1822	553	1
1822	52	1
1822	3511	1
1822	11200	1
1822	4962	1
1822	107	7
1822	10230	1
1823	20013	3
1823	1879	2
1825	1594	1
1825	1353	1
1825	3069	1
1825	1497	1
1825	4986	1
1825	2556	1
1826	3136	1
1826	1900	1
1827	6697	1
1827	3706	1
1828	1920	2
1828	4740	1
1828	803	1
1829	16889	1
1829	12917	1
1830	1279	1
1830	2788	1
1830	15693	1
1830	5126	3
1830	2151	2
1831	3056	1
1831	1453	1
1831	752	1
1831	2582	1
1831	729	2
1831	730	1
1832	3553	1
1832	3460	1
1832	2630	1
1832	12105	2
1832	15242	1
1832	5514	1
1833	1580	1
1833	3613	1
1834	2133	9
1834	3069	1
1835	1536	1
1835	17675	2
1835	2739	1
1835	5211	3
1835	12867	1
1835	9109	1
1835	472	3
1835	5255	1
1835	701	3
1835	3102	1
1836	5740	1
1836	3256	1
1836	7163	2
1836	60	1
1837	2528	1
1837	1856	1
1837	3	3
1837	10774	2
1837	1495	1
1837	476	1
1837	2045	1
1837	12863	1
1838	12099	1
1838	16366	1
1839	5696	1
1839	2482	1
1839	13734	1
1840	14850	1
1840	10244	1
1840	902	1
1840	9352	2
1840	9357	1
1840	1684	1
1840	5141	1
1840	6850	1
1840	1300	1
1840	1698	1
1840	15271	1
1840	1711	1
1840	1727	1
1840	5185	1
1840	6470	1
1840	2120	1
1840	2638	1
1840	730	1
1840	1764	1
1840	15078	1
1840	487	2
1840	1260	1
1840	5161	1
1840	19582	1
1841	3440	1
1841	4482	1
1841	1411	1
1841	6	1
1841	481	1
1841	1296	3
1841	53	1
1841	5560	1
1841	731	2
1841	446	1
1842	2600	1
1842	38	1
1842	1254	1
1843	480	1
1845	1766	1
1845	3473	2
1845	1764	1
1846	9157	1
1846	454	1
1846	1330	1
1846	3442	1
1846	1268	1
1846	2069	1
1847	730	1
1847	1411	1
1847	4485	2
1847	902	2
1848	16801	1
1848	8498	1
1848	6245	1
1848	6254	1
1848	7463	1
1849	1540	1
1850	1248	1
1850	2555	1
1850	6917	1
1850	1254	1
1850	616	1
1850	459	1
1850	3596	1
1850	6704	1
1850	11543	1
1850	1304	1
1850	2139	1
1850	6277	1
1851	1312	1
1851	6201	2
1851	6414	1
1851	2055	1
1852	1330	1
1852	463	1
1853	2273	2
1853	68	1
1853	1631	1
1854	6690	1
1854	5425	1
1854	8457	1
1854	11406	1
1854	2093	1
1854	16504	1
1854	1210	1
1854	24859	1
1854	21215	1
1855	11299	1
1855	431	2
1856	709	1
1856	487	2
1856	4009	1
1856	3597	1
1856	2128	1
1856	732	1
1856	1565	1
1857	9136	1
1857	9288	1
1857	107	1
1857	23600	1
1857	11891	1
1857	2069	3
1857	4982	1
1857	1534	1
1857	4988	1
1857	1565	1
1857	5150	1
1859	4688	1
1859	18	1
1859	2574	1
1859	28	1
1859	796	1
1859	842	1
1859	4780	1
1859	1742	1
1859	1007	1
1859	1744	1
1859	11502	1
1859	914	1
1859	1749	1
1859	986	1
1859	1743	1
1859	4700	1
1859	4782	1
1860	1575	1
1860	12105	1
1860	15356	1
1860	2638	1
1860	2575	2
1860	6163	1
1860	694	1
1860	2073	3
1860	20956	1
1861	729	1
1861	1279	1
1863	25192	1
1863	553	2
1863	6555	2
1863	11036	1
1863	6559	1
1864	1947	1
1864	11814	1
1864	10134	1
1865	5337	1
1865	11362	1
1866	27106	1
1866	14646	1
1867	3073	2
1867	2	1
1867	2156	1
1867	1453	1
1867	73	1
1868	1284	1
1868	70	1
1868	1896	1
1868	1581	1
1868	1776	1
1868	1777	1
1868	59	1
1868	1309	1
1870	1600	1
1870	1320	1
1870	3867	7
1870	11745	1
1870	11807	2
1871	480	1
1871	5137	1
1871	4009	1
1871	491	1
1871	4333	1
1871	686	1
1871	2577	1
1871	732	2
1872	468	2
1872	1262	1
1874	3536	1
1874	1969	1
1875	6778	1
1875	6643	1
1875	11788	1
1876	4076	1
1876	60	1
1876	487	1
1877	11588	1
1877	2343	1
1877	6281	1
1877	2736	1
1877	10200	1
1878	1539	1
1878	1429	2
1879	15929	1
1879	60	1
1879	1543	1
1880	5793	1
1880	4358	1
1880	201	1
1880	5104	4
1880	2331	1
1880	2526	2
1882	4992	1
1882	3428	1
1882	5256	1
1882	491	1
1882	6132	1
1882	1430	1
1883	107	1
1883	78	2
1883	6759	1
1885	60	1
1885	1278	1
1885	2022	1
1885	694	1
1886	707	1
1886	6533	1
1886	12159	1
1886	13257	1
1886	2013	1
1886	2067	1
1886	1425	1
1886	6952	1
1886	2515	10
1886	56	1
1886	703	2
1886	1589	1
1887	1286	2
1887	5197	1
1887	1519	2
1887	3245	1
1887	6522	1
1889	849	2
1889	8457	1
1889	11406	1
1889	5425	1
1889	5428	1
1889	854	1
1889	2652	1
1890	13858	1
1890	711	1
1890	709	1
1890	11206	2
1890	5479	1
1890	1896	1
1890	2539	1
1890	468	1
1890	26999	1
1890	5501	1
1890	5535	1
1891	2784	1
1891	1956	1
1891	1254	1
1891	1575	1
1891	2603	1
1891	5037	1
1891	3598	1
1891	4944	1
1891	5169	1
1891	1316	1
1891	1498	1
1891	2362	1
1891	70	1
1891	477	1
1893	1254	1
1893	3624	1
1893	7436	1
1893	3245	1
1893	7440	5
1893	9136	1
1893	1521	1
1893	85	1
1893	6805	1
1893	9109	1
1893	2139	1
1893	95	1
1895	10913	1
1895	10914	1
1895	4940	1
1895	3859	1
1895	2580	1
1895	1622	1
1895	2139	1
1895	16284	1
1895	1277	1
1895	31	1
1896	9418	1
1896	16846	1
1896	4378	1
1897	897	1
1897	60	1
1897	487	1
1898	1317	2
1898	5202	1
1898	3443	1
1898	823	1
1898	1596	1
1898	479	2
1899	5211	1
1899	62	1
1900	6338	1
1900	4557	1
1900	2598	1
1901	2112	2
1901	7641	1
1901	1507	1
1901	16424	1
1901	849	2
1901	17096	1
1901	11407	1
1901	627	2
1901	2107	1
1901	2653	1
1901	2654	1
1902	15328	1
1905	5233	1
1905	9941	1
1906	1427	1
1908	1536	1
1908	772	2
1908	16517	1
1908	1549	1
1908	1300	1
1908	1429	1
1908	1575	1
1908	2608	1
1908	3402	1
1908	1611	2
1908	4944	1
1908	2134	1
1908	732	1
1908	871	1
1908	2154	1
1908	761	1
1908	11770	2
1908	2556	1
1910	2642	1
1910	1893	1
1911	4288	1
1911	555	1
1913	1744	1
1913	13179	1
1913	4740	2
1914	8785	1
1914	1375	1
1915	18937	6
1915	15069	2
1916	14850	1
1916	5477	3
1916	3495	8
1916	3885	1
1916	15183	1
1916	9648	2
1916	25426	1
1918	553	1
1918	591	2
1918	6791	1
1919	3681	1
1919	12069	1
1919	14058	1
1919	17325	1
1919	2482	1
1919	3125	1
1919	3002	1
1919	62	1
1920	8737	1
1920	8732	1
1920	17923	2
1920	3750	1
1920	4937	1
1920	4938	1
1920	8588	1
1920	17933	2
1920	8733	1
1920	4914	1
1920	15443	1
1920	4920	1
1920	4921	1
1920	4922	1
1920	4923	1
1920	4924	1
1920	4925	1
1920	8734	1
1920	8735	1
1921	6810	1
1921	2014	1
1921	1918	1
1922	6753	1
1922	3398	1
1922	1830	1
1922	17640	1
1922	78	2
1922	114	1
1922	4981	1
1922	8732	1
1922	4541	1
1922	8878	1
1924	11210	1
1924	3536	1
1924	9974	1
1924	14794	1
1925	13832	1
1925	128	1
1925	15321	1
1926	12192	1
1926	822	3
1926	20491	1
1928	12035	1
1928	26200	1
1928	1947	2
1928	15138	1
1928	6827	1
1928	5169	1
1928	53	1
1928	1982	1
1928	13382	1
1928	6219	1
1928	18000	1
1928	728	1
1928	487	2
1928	1896	1
1928	746	1
1928	10751	1
1929	6440	1
1929	4045	1
1929	19342	1
1930	1273	1
1930	59	1
1931	1453	1
1931	2590	4
1932	736	1
1932	6803	1
1933	2626	1
1933	11427	1
1933	6801	1
1933	10123	1
1933	9218	1
1933	3441	1
1933	2069	1
1933	2553	1
1933	1500	1
1934	1896	1
1935	6754	1
1935	1431	1
1937	17628	2
1937	4913	2
1937	4915	1
1937	8444	2
1938	10248	2
1938	1808	1
1938	4435	1
1938	822	1
1938	5211	3
1938	13245	1
1938	1727	1
1939	12026	1
1939	5156	1
1939	1309	1
1940	2986	1
1940	2739	2
1940	1983	1
1941	113	2
1941	7163	1
1941	11313	1
1942	2881	2
1942	18858	1
1942	1808	1
1944	6374	1
1945	3616	1
1945	5156	1
1945	3097	1
1945	904	1
1945	9300	1
1945	53	1
1945	3095	1
1945	728	1
1945	6329	1
1945	6330	1
1945	2589	1
1945	12287	1
1946	5153	1
1946	491	1
1946	42	1
1946	2763	5
1946	622	1
1946	463	1
1946	2773	2
1947	3136	1
1947	16321	1
1947	2787	3
1947	1281	1
1947	1345	1
1947	4076	1
1947	1262	1
1947	3443	1
1947	86	2
1947	7290	1
1947	476	1
1947	94	1
1948	1360	1
1948	3604	1
1948	17968	1
1950	3596	1
1950	2	1
1950	732	1
1950	3453	1
1950	3055	1
1951	13920	1
1951	11270	1
1951	4422	2
1951	203	1
1951	7119	1
1951	1626	1
1953	468	1
1953	34	1
1953	732	1
1953	3453	1
1954	22787	1
1954	3754	1
1954	2640	2
1954	62	5
1954	25471	4
1955	1313	1
1955	4	1
1955	471	1
1955	473	1
1955	474	1
1955	475	1
1956	165	1
1956	265	1
1956	7012	1
1956	197	1
1956	268	1
1956	1389	1
1956	403	1
1956	3348	1
1956	2999	1
1956	18652	1
1956	4349	1
1958	7200	1
1958	6048	1
1958	6018	1
1958	5893	1
1958	5670	1
1958	2507	1
1958	2255	1
1958	5334	1
1958	5977	1
1958	431	2
1958	413	1
1959	6930	1
1959	9731	1
1959	5837	1
1960	5858	1
1960	3659	1
1960	8830	1
1960	423	1
1961	4100	1
1961	5276	1
1961	5848	1
1961	2332	1
1961	5949	1
1961	8255	1
1963	7530	1
1963	3051	1
1963	4429	1
1963	10737	1
1963	3348	1
1963	7607	2
1963	3227	1
1963	62	3
1964	2992	1
1964	4429	1
1965	3047	1
1965	5681	2
1965	2387	1
1965	13310	1
1966	2755	1
1966	62	1
1966	463	1
1968	5947	1
1968	611	1
1968	4524	1
1969	6993	1
1969	5407	1
1969	6930	1
1969	2331	1
1969	2719	1
1970	498	1
1970	10626	1
1970	1637	1
1970	8119	1
1971	2393	1
1971	3206	1
1971	1885	2
1971	662	1
1971	13719	1
1972	7137	1
1972	8776	1
1972	2401	1
1972	2456	1
1973	4328	1
1973	3346	1
1973	7390	1
1974	3232	1
1974	3065	2
1974	662	3
1975	6282	1
1975	493	2
1976	7200	1
1976	2754	1
1976	99	1
1976	5893	1
1976	6018	1
1976	431	2
1976	2353	1
1976	5977	1
1978	2754	2
1978	3659	1
1978	2475	1
1978	2287	1
1979	64	3
1979	5281	1
1979	322	1
1979	4586	1
1979	3659	1
1979	11596	1
1979	24848	1
1979	3267	1
1979	6232	1
1979	2340	1
1988	1549	1
1988	5043	1
1988	1304	1
1988	761	1
1988	1309	1
1988	734	1
1989	26884	2
1989	3205	1
1989	2694	2
1989	5132	1
1989	3230	1
1989	3231	2
1989	6427	1
1989	14634	2
1989	1885	1
1989	8120	2
1989	8130	2
1989	3656	1
1989	8696	1
1989	8147	1
1989	1625	1
1989	5338	1
1989	5216	1
1989	20841	1
1989	20842	1
1989	8685	1
1989	8693	1
1989	6007	1
1989	6008	1
1989	11645	1
1989	24447	1
1990	5153	1
1990	463	1
1991	608	1
1991	2532	1
1991	10	1
1991	656	1
1992	3100	1
1994	19892	1
1994	9980	4
1994	11415	3
1995	897	1
1995	3102	1
1995	1313	1
1995	1320	1
1995	1321	1
1995	1329	1
1995	692	1
1995	3766	2
1995	4033	1
1995	6338	1
1995	2124	1
1995	463	1
1995	470	1
1995	471	1
1995	472	1
1995	473	1
1995	474	1
1995	5156	1
1995	487	1
1995	747	1
1995	751	2
1995	3056	1
1995	2578	1
1995	1270	1
1995	895	1
1996	6550	1
1996	11034	1
1996	546	1
1996	553	3
1996	10684	1
1996	21567	1
1996	9741	1
1996	5072	1
1996	5081	1
1996	14557	1
1996	18030	1
1998	13417	1
1998	9354	1
1998	19339	1
1998	9357	1
1999	3571	1
1999	78	1
2000	1627	1
2000	5284	1
2003	2642	1
2003	732	1
2003	733	1
2003	463	1
2004	9515	1
2004	8950	1
2004	543	1
2005	14213	2
2005	9707	1
2005	2641	1
2005	9726	1
2007	3318	1
2007	3348	1
2008	9	1
2008	598	1
2008	2929	1
2009	1296	1
2009	2035	1
2009	8894	1
2010	2281	1
2010	62	2
2010	553	1
2011	7200	1
2011	2755	1
2011	3173	1
2011	2758	1
2011	11596	1
2011	5669	1
2011	5798	1
2011	3120	1
2011	4401	3
2011	1394	1
2011	3065	1
2011	3132	1
2011	4581	1
2012	552	1
2012	18263	1
2013	1431	1
2013	61	2
2013	2693	1
2014	3376	1
2014	67	1
2014	2640	1
2014	7026	1
2014	3285	1
2014	406	1
2014	440	1
2014	420	2
2014	8666	1
2015	2928	1
2015	19178	2
2015	12532	1
2016	2091	2
2016	7030	1
2016	13734	1
2016	2507	1
2016	3133	1
2016	3059	1
2016	662	1
2016	1371	1
2016	285	1
2017	1026	3
2018	2689	1
2018	5901	2
2018	13847	1
2018	2715	1
2018	11804	2
2018	4101	1
2018	1955	1
2018	422	3
2018	167	1
2018	2737	1
2018	6963	1
2018	53	2
2018	2748	1
2018	61	2
2018	195	2
2018	2757	1
2018	16329	1
2018	2679	2
2018	8397	1
2018	6094	1
2018	2255	1
2018	8787	1
2018	2646	2
2018	729	1
2018	731	2
2018	101	1
2018	11240	1
2018	2926	1
2018	15471	1
2018	9847	1
2018	2040	1
2018	2685	2
2018	14718	1
2019	9795	1
2019	9796	1
2019	25238	1
2019	11142	1
2019	201	1
2019	9485	1
2019	25364	1
2019	24693	1
2019	13829	1
2020	5386	1
2020	8778	1
2020	3045	2
2021	1640	2
2021	812	1
2021	62	4
2021	3135	1
2022	2180	1
2022	5132	1
2022	5941	1
2022	5974	1
2023	5752	1
2023	2737	1
2023	3135	1
2024	226	1
2024	3274	1
2024	2732	1
2024	3117	3
2024	16014	1
2024	8434	2
2024	9844	1
2024	7451	1
2025	2040	1
2026	2755	2
2026	11146	1
2026	20151	1
2026	5211	1
2027	3364	1
2027	11468	1
2027	7253	1
2027	822	1
2028	2091	1
2028	413	1
2030	12550	1
2030	8904	3
2030	2411	1
2030	8954	1
2030	62	2
2031	7776	1
2031	6241	1
2031	1026	2
2031	12843	1
2031	176	1
2031	3066	1
2031	3676	1
2032	2251	1
2032	440	1
2032	4570	1
2032	3676	1
2032	2463	2
2033	195	1
2033	2710	1
2033	2332	1
2033	3229	1
2034	3650	3
2034	7239	1
2034	8	3
2034	553	2
2034	78	4
2034	79	3
2034	2900	1
2034	2489	1
2034	2457	2
2034	16926	1
2035	11024	1
2035	417	1
2035	18826	2
2036	104	1
2036	2293	1
2037	2037	4
2037	10525	1
2037	2670	1
2037	6462	1
2037	5615	1
2038	11135	1
2038	19390	1
2039	8643	1
2040	9537	1
2040	107	2
2043	5966	1
2043	1808	1
2043	913	1
2043	2393	2
2043	2749	1
2044	5225	1
2044	20151	1
2044	8311	1
2044	1394	1
2046	6626	1
2046	1619	2
2046	6971	1
2046	796	1
2046	1117	1
2046	6750	1
2048	2980	1
2048	1126	1
2048	1867	1
2048	16851	1
2048	822	3
2048	19383	1
2049	389	1
2049	19434	1
2049	145	1
2049	12446	1
2050	2754	1
2050	5603	1
2050	1444	1
2050	5974	1
2050	3085	1
2050	2255	1
2050	440	1
2050	3380	2
2050	118	1
2050	5972	3
2050	2748	2
2051	1304	1
2051	2577	1
2051	4482	1
2051	6820	1
2051	4485	1
2052	3682	1
2052	12843	1
2052	148	1
2053	3785	1
2053	2380	2
2053	8658	1
2053	6025	1
2053	5946	1
2053	2367	1
2053	2295	2
2054	1267	1
2054	84	4
2054	741	1
2054	742	1
2054	479	1
2055	22275	1
2055	398	1
2055	2322	1
2055	14681	2
2055	2343	1
2055	13739	1
2055	3117	2
2055	5940	1
2055	2743	1
2055	62	5
2055	18755	1
2055	3268	1
2055	2759	2
2055	8267	1
2055	591	2
2055	7507	1
2055	3420	1
2055	3422	2
2055	8800	1
2055	9714	2
2055	21370	2
2056	12032	1
2056	1312	1
2056	3620	1
2056	5798	1
2056	1564	1
2056	2732	1
2056	1325	1
2056	1779	1
2056	2613	1
2056	4415	1
2056	4416	1
2056	3777	1
2056	2638	1
2056	9424	1
2056	87	1
2056	3807	1
2056	869	3
2056	487	1
2056	751	2
2056	1776	1
2056	2419	1
2057	5063	1
2057	3305	2
2057	586	1
2057	555	2
2057	3020	1
2057	2706	2
2057	5078	1
2057	2616	1
2057	3833	1
2058	5667	1
2058	4422	1
2058	1415	1
2058	11524	1
2058	3166	2
2059	611	1
2059	4355	1
2059	2758	1
2059	5225	1
2059	7055	1
2059	2704	1
2059	2675	3
2060	8837	1
2060	5357	1
2060	2324	1
2060	288	2
2060	3106	1
2060	3141	1
2060	5705	1
2060	10187	1
2060	6226	1
2060	25178	1
2060	7531	1
2060	493	1
2060	25582	1
2060	3060	1
2060	4599	1
2060	12948	2
2061	11122	1
2061	3180	1
2061	9309	1
2061	3773	1
2062	498	1
2063	11682	1
2063	2697	1
2063	10636	1
2063	62	4
2064	4416	4
2064	865	2
2064	4485	1
2064	615	1
2064	1614	1
2064	86	1
2064	91	1
2064	446	1
2065	5985	1
2065	5989	1
2065	2999	2
2065	14700	1
2065	2641	5
2065	3347	1
2065	23733	1
2065	2712	1
2065	9754	1
2065	2719	1
2065	5407	1
2067	1673	1
2067	14763	1
2067	1660	1
2067	1669	1
2067	1653	1
2068	26401	1
2068	14118	1
2068	8	1
2068	10282	2
2068	13587	1
2068	13628	1
2068	3325	3
2069	9752	3
2069	2986	8
2069	4444	4
2069	5615	1
2073	12002	1
2073	1548	1
2073	1327	1
2073	476	1
2073	3773	1
2074	4481	1
2074	729	1
2075	902	1
2075	1032	2
2075	26254	1
2075	3103	1
2075	5156	1
2075	1321	1
2075	2987	1
2075	1326	1
2075	6335	1
2075	71	1
2075	1353	1
2075	5006	1
2075	6692	1
2075	867	1
2075	747	1
2075	1572	1
2075	2553	1
2075	1535	1
2076	15617	1
2076	7341	1
2076	3310	1
2077	5989	1
2077	20842	1
2077	5991	1
2077	7721	1
2077	8685	1
2077	20841	1
2077	2712	1
2077	2718	1
2077	2719	1
2078	391	1
2078	4358	1
2078	5255	1
2078	2283	1
2078	760	1
2079	2830	1
2082	4244	1
2082	2986	1
2082	2364	1
2083	3996	1
2083	6452	1
2083	6453	1
2083	3994	1
2083	3900	1
2084	13937	1
2084	11482	1
2085	7776	2
2085	640	2
2085	2331	1
2085	101	1
2085	4358	1
2085	5793	1
2085	5993	2
2085	203	2
2085	3085	2
2085	8830	1
2085	10375	1
2085	5946	1
2085	1631	3
2085	11644	1
2085	199	1
2085	4383	2
2087	3084	1
2087	197	1
2088	2965	1
2088	7163	2
2089	851	1
2089	18397	1
2091	3454	2
2092	554	1
2092	555	3
2092	2111	1
2093	897	1
2093	4485	2
2093	902	1
2093	769	1
2093	7278	2
2093	463	1
2093	2644	2
2093	472	1
2093	2553	1
2093	730	1
2093	59	1
2093	733	1
2094	729	1
2094	730	1
2094	733	1
2094	1310	1
2095	15620	1
2096	3716	1
2096	2925	1
2097	912	1
2097	107	1
2097	1455	1
2098	2670	1
2098	21488	1
2098	5427	1
2098	696	1
2098	10527	1
2099	625	1
2100	1920	1
2100	2022	2
2100	3302	1
2100	7881	1
2100	10416	1
2100	14216	1
2100	2332	1
2101	1072	1
2101	1090	1
2101	11364	1
2101	1077	1
2101	5310	1
2102	6241	1
2102	11908	1
2102	101	1
2102	2118	1
2102	201	1
2102	4369	1
2102	5989	1
2102	13239	1
2102	11270	1
2102	5660	1
2102	158	1
2102	4101	1
2103	897	1
2103	741	1
2103	3766	1
2105	7882	2
2106	2641	1
2106	6596	1
2106	10684	1
2108	4646	1
2108	4712	1
2108	1161	1
2108	1194	1
2108	4715	1
2108	1196	1
2108	26626	1
2108	16497	1
2108	4700	1
2108	4703	1
2109	4761	1
2109	996	1
2110	2657	1
2110	17570	1
2110	4741	1
2110	6807	1
2110	2093	2
2110	10578	1
2110	14070	1
2110	2649	4
2110	11205	1
2110	21215	2
2111	6200	1
2111	451	1
2111	3071	1
2112	803	1
2112	821	1
2114	2288	2
2114	402	2
2114	2331	1
2114	10615	1
2115	1184	1
2115	4732	1
2115	3319	1
2116	731	1
2116	53	1
2116	615	1
2118	19385	1
2118	19390	1
2118	11151	1
2120	20512	5
2120	2080	1
2120	11313	1
2120	14987	1
2120	9676	1
2120	12244	1
2120	12256	1
2120	9658	1
2120	9565	6
2120	9599	1
2121	14979	3
2121	23366	1
2121	12073	1
2121	12267	2
2121	9594	1
2121	9561	2
2123	11080	1
2123	5612	1
2123	11356	1
2124	678	1
2124	6	1
2124	487	1
2124	691	1
2124	692	1
2124	60	2
2125	4413	1
2126	18826	1
2127	3716	1
2127	14853	3
2127	5510	2
2127	3464	1
2127	1940	1
2127	3887	1
2127	15286	2
2127	3573	1
2127	15810	2
2127	5456	1
2127	3537	1
2127	16218	1
2127	15069	9
2127	23272	1
2127	20973	1
2127	3829	1
2127	10232	1
2128	3873	1
2128	15074	1
2131	744	1
2131	3097	1
2132	10244	1
2132	912	1
2132	20013	1
2132	1727	1
2133	7367	4
2133	7370	1
2133	10385	1
2134	3085	1
2134	3473	1
2134	2331	1
2134	5406	1
2134	5407	1
2134	15918	1
2134	2719	1
2134	62	1
2134	5700	1
2134	2630	1
2134	5704	1
2134	207	1
2134	2641	1
2134	1886	1
2134	5490	1
2135	7367	3
2135	27549	1
2137	5815	1
2138	3688	3
2138	5834	1
2138	5967	1
2138	3667	1
2138	5945	1
2138	5881	1
2140	1412	1
2140	742	1
2140	1549	1
2140	754	2
2140	729	1
2142	20262	1
2142	24364	1
2142	236	3
2142	2958	1
2142	2969	1
2143	3590	1
2143	26855	1
2143	12618	1
2143	3826	1
2143	16052	1
2143	5533	1
2143	15260	1
2145	11200	1
2145	5510	2
2146	16771	1
2146	1703	1
2146	19341	1
2146	15823	1
2146	14853	3
2149	2030	1
2149	6807	1
2150	20675	1
2150	18315	1
2150	16275	1
2151	3523	1
2151	3532	1
2151	4780	2
2151	654	4
2151	656	1
2151	4754	1
2151	25	1
2154	627	1
2154	7200	1
2154	2619	1
2154	8260	1
2154	11366	1
2154	4840	1
2154	3691	1
2154	2222	2
2154	4883	1
2154	4383	1
2156	6277	1
2156	18439	1
2156	78	2
2156	8468	1
2156	822	1
2156	3324	1
2157	4995	1
2157	744	1
2157	60	1
2157	747	1
2157	77	1
2157	1311	1
2157	2553	1
2157	871	1
2157	694	1
2157	1896	1
2157	2595	1
2157	5156	1
2157	59	1
2157	1276	1
2157	5023	1
2158	17954	1
2158	10244	2
2158	3532	1
2158	1849	1
2159	5510	4
2159	3464	2
2159	1684	1
2159	1311	1
2159	6178	1
2159	3494	1
2159	1449	2
2159	3888	4
2159	9524	3
2159	9911	1
2159	3261	1
2159	704	1
2159	15810	2
2159	12611	2
2159	26564	3
2159	6484	1
2159	4062	1
2159	3428	1
2159	8805	1
2159	13158	2
2159	10216	3
2159	5490	2
2159	3573	1
2159	1786	1
2159	10491	1
2159	2557	2
2160	25	1
2160	959	1
2160	27	11
2161	4886	1
2162	5510	1
2162	10084	1
2162	10092	2
2162	26033	1
2162	3460	1
2162	24868	1
2163	26401	1
2163	10282	1
2163	14137	1
2163	7050	1
2163	2022	1
2164	16774	1
2164	1711	1
2164	1808	1
2164	1647	1
2165	1698	2
2165	107	3
2165	19341	1
2165	1647	5
2165	1650	1
2165	13166	1
2165	1727	1
2166	3473	1
2166	1829	1
2166	3504	2
2166	1856	1
2166	5588	1
2166	5464	1
2166	21669	1
2166	22753	1
2166	11235	1
2166	3578	1
2168	3216	1
2168	12738	1
2168	5838	2
2169	3288	1
2169	3376	1
2169	62	2
2170	26820	2
2170	4019	2
2170	13364	1
2170	19065	1
2170	5476	2
2172	15905	1
2172	12101	1
2172	17958	1
2172	18637	1
2172	1711	1
2172	19059	1
2172	26041	1
2173	11200	1
2173	12067	1
2173	3526	1
2173	1772	1
2173	622	1
2173	1839	1
2173	1716	1
2173	1753	1
2173	24188	2
2173	3487	1
2175	5670	1
2175	2703	2
2175	2998	1
2175	6039	1
2175	8793	1
2175	9754	1
2175	62	2
2175	1727	1
2176	5536	1
2176	3523	1
2176	5479	2
2176	1650	1
2176	20912	1
2176	9522	1
2176	15866	1
2178	15809	1
2178	1026	4
2178	14982	1
2178	3473	1
2178	10026	1
2178	20587	1
2178	10233	1
2178	3199	2
2179	5313	1
2179	10532	2
2179	357	3
2179	556	1
2179	2926	1
2179	591	4
2179	16478	1
2180	5510	1
2180	11163	1
2180	15913	1
2180	10216	1
2180	10223	4
2180	15865	1
2180	1855	1
2181	5472	1
2181	1472	1
2181	3524	3
2181	15699	1
2181	9556	1
2182	12635	1
2182	476	1
2183	2022	2
2183	7629	1
2183	719	1
2183	4976	1
2183	727	1
2183	10959	1
2183	61	2
2184	20491	1
2184	5421	1
2184	16404	1
2184	10009	1
2184	10527	1
2184	10532	3
2184	16807	1
2184	23723	2
2184	2093	3
2184	2094	2
2184	17851	1
2184	8646	2
2184	17095	1
2184	17096	1
2184	20688	1
2184	854	2
2184	9815	1
2184	16478	3
2184	5435	2
2184	5615	2
2184	3444	1
2185	859	1
2185	16774	1
2185	15	1
2185	840	1
2185	9	1
2185	2535	1
2185	9838	1
2185	913	1
2185	27	1
2185	796	1
2186	10920	1
2186	3828	1
2186	2040	1
2186	15866	1
2186	20540	2
2186	62	2
2187	10254	4
2187	10255	4
2187	1808	2
2187	196	1
2187	3746	1
2187	15411	1
2187	21562	1
2187	3135	1
2187	68	1
2187	203	1
2187	25562	1
2187	2401	2
2187	101	1
2187	107	4
2187	6647	1
2187	4219	1
2188	2000	1
2188	9577	1
2188	3611	1
2189	19860	1
2189	6567	1
2190	11908	1
2190	7051	1
2190	6039	1
2190	2331	1
2190	5406	1
2190	423	1
2190	2738	1
2190	196	2
2190	197	1
2190	199	1
2190	202	1
2190	5707	1
2190	5838	1
2190	5972	1
2190	5475	1
2190	11240	1
2190	107	1
2190	5996	1
2190	2040	1
2190	3578	1
2190	4349	1
2191	24581	1
2191	5486	1
2191	9524	1
2192	1698	1
2192	10223	1
2193	5221	1
2193	9004	1
2193	11926	1
2193	17503	1
2194	1995	1
2194	2006	1
2194	9787	1
2194	9791	1
2195	824	1
2195	1920	1
2196	1109	1
2197	11684	1
2197	1975	1
2197	3706	2
2197	1978	1
2198	12423	1
2198	25905	1
2198	6579	1
2198	543	3
2199	480	4
2199	2848	1
2199	1974	1
2199	22727	1
2199	21164	1
2199	491	3
2199	2638	1
2199	16852	1
2199	13941	1
2199	1942	2
2199	1591	1
2200	8161	3
2200	20026	1
2200	26916	1
2202	1939	1
2202	3870	2
2202	16054	1
2202	15305	1
2202	15201	2
2202	18921	1
2202	23404	1
2202	15865	2
2202	6506	2
2203	23424	1
2203	11139	2
2203	833	1
2203	11287	1
2203	14084	2
2203	2220	1
2203	2222	2
2203	2223	1
2203	2238	1
2203	12192	2
2203	11604	1
2203	19797	1
2203	9444	1
2203	9450	1
2203	9454	1
2203	10619	2
2204	6400	1
2204	574	1
2206	4626	1
2206	10001	1
2206	2629	1
2207	2759	1
2207	4426	1
2207	2675	1
2207	9710	1
2207	8913	2
2207	3123	1
2207	8116	1
2207	14681	1
2207	3050	1
2207	5786	1
2208	24848	1
2208	4574	1
2208	6045	1
2208	27454	4
2209	64	1
2209	2456	1
2210	20613	1
2210	651	1
2210	5275	1
2210	1822	2
2210	3504	1
2210	3494	3
2210	555	3
2210	3756	1
2210	1456	1
2210	2485	1
2210	824	1
2210	14786	3
2210	196	2
2210	27752	1
2210	622	4
2210	2035	1
2210	502	3
2210	5623	1
2210	11901	1
2211	2107	1
2211	2103	1
2213	1920	2
2213	10491	1
2213	1575	1
2213	12556	1
2213	464	1
2213	3411	1
2213	62	2
2214	644	1
2214	25957	2
2214	11971	1
2214	7355	1
2214	7358	1
2217	4995	1
2217	776	1
2217	779	1
2217	780	1
2217	1325	1
2217	5010	1
2217	56	1
2217	892	1
2217	4415	1
2218	6181	1
2218	73	1
2218	1808	1
2218	11156	1
2218	2069	1
2218	3199	1
2219	2287	1
2220	1920	8
2220	1547	2
2220	742	1
2220	13857	1
2220	678	86
2220	8747	4
2220	2608	1
2220	20914	1
2220	60	3
2220	459	1
2220	9425	2
2220	10962	1
2220	1456	1
2220	477	3
2220	1887	1
2220	6116	2
2220	1253	2
2220	6118	1
2220	5740	1
2220	6132	6
2220	24181	1
2221	4834	3
2221	3800	2
2222	1536	1
2222	897	1
2222	5253	1
2222	905	1
2222	7050	5
2222	907	1
2222	909	1
2222	110	1
2222	5145	1
2222	1306	1
2222	3616	1
2222	8356	1
2222	95	1
2222	1455	1
2222	1458	2
2222	469	1
2222	58	1
2222	59	2
2222	1440	1
2222	16323	1
2222	21188	1
2222	1994	1
2222	1995	1
2222	6989	1
2222	463	1
2222	16853	1
2222	1618	1
2222	85	1
2222	470	1
2222	471	1
2222	472	1
2222	473	1
2222	474	1
2222	2362	2
2222	4062	1
2222	2789	1
2222	6626	1
2222	18531	1
2222	740	1
2222	10853	1
2222	1512	2
2222	491	3
2222	1774	1
2222	2159	1
2222	1780	1
2222	3706	2
2222	14459	7
2222	3071	1
2223	8017	1
2224	3587	1
2224	20613	2
2224	10260	1
2224	1821	1
2224	14771	1
2224	5560	1
2224	26041	1
2224	15905	1
2224	18637	1
2224	1753	1
2224	4244	1
2226	11777	1
2226	11119	1
2226	18859	1
2226	12174	1
2226	12112	1
2226	10930	1
2226	9591	1
2226	9519	1
2227	2040	1
2228	12768	1
2228	803	1
2228	22852	1
2228	8905	2
2228	2287	1
2228	62	6
2230	8934	1
2230	10871	1
2231	12034	1
2231	780	1
2231	3097	1
2231	3610	1
2231	6812	1
2231	1441	1
2231	3242	1
2231	683	1
2231	16684	1
2231	6331	1
2231	11836	1
2231	6213	1
2231	10892	1
2231	9911	1
2231	15953	1
2231	13781	1
2231	4063	1
2231	488	2
2231	18540	1
2231	4079	1
2231	5233	1
2231	6133	2
2231	12287	1
2232	8465	1
2232	8590	1
2232	913	1
2232	8727	2
2232	20895	1
2232	3624	2
2232	20894	1
2232	27054	1
2232	10940	1
2232	1855	1
2232	21666	1
2232	19694	1
2232	9561	1
2232	10714	1
2232	3547	1
2232	9594	1
2232	22753	1
2232	23268	1
2232	2926	1
2233	9538	1
2233	3750	1
2233	12550	1
2233	904	1
2233	678	1
2233	4469	1
2233	12790	2
2233	4922	1
2233	2517	1
2235	3459	2
2235	7271	1
2235	18942	2
2237	8481	1
2237	13831	2
2237	623	1
2237	13845	1
2237	1974	1
2238	13493	1
2238	27524	2
2238	23333	1
2238	5108	1
2238	3838	1
2238	9630	1
2238	9628	1
2238	16575	1
2239	953	1
2239	29	1
2239	12038	1
2240	2692	1
2240	1418	1
2240	5903	1
2240	3742	1
2240	3757	1
2240	2480	1
2240	5682	1
2240	2485	1
2240	4414	1
2240	22852	1
2240	5446	1
2240	5814	1
2240	6996	1
2240	11238	1
2240	5991	1
2240	11240	1
2240	5993	1
2240	5996	1
2240	5992	1
2240	14706	1
2240	5357	1
2240	20842	1
2241	545	1
2241	546	1
2241	18030	1
2241	14549	1
2241	14550	1
2241	539	1
2242	10006	2
2243	6545	2
2243	20242	1
2243	5389	3
2243	3166	1
2243	11286	1
2243	4444	2
2243	5917	1
2243	23742	2
2243	21567	1
2246	5443	2
2246	16809	1
2246	3793	1
2246	62	3
2246	63	1
2247	1569	1
2247	1281	1
2247	904	2
2247	476	1
2247	1550	1
2247	752	1
2247	12018	1
2247	5208	1
2247	6875	1
2247	60	5
2248	3393	3
2248	2405	3
2248	6241	1
2248	3656	1
2248	20842	1
2248	203	1
2248	625	1
2248	2679	1
2248	8315	3
2248	7069	2
2249	17923	1
2249	4918	1
2250	6400	1
2250	1507	1
2252	651	1
2252	4796	1
2253	5472	1
2253	3494	2
2253	3465	2
2253	5533	3
2253	20894	1
2253	10230	2
2253	12056	1
2253	3483	1
2254	20086	1
2254	5478	1
2254	12105	2
2254	7094	1
2254	15866	1
2254	3493	1
2255	2529	1
2255	12038	1
2255	16836	1
2255	1749	1
2255	10584	1
2255	607	1
2256	10403	1
2256	12395	1
2256	7884	1
2256	10642	1
2257	803	1
2257	17189	1
2257	1164	1
2257	16466	6
2257	1234	2
2259	25353	1
2259	11235	2
2262	148	1
2262	411	1
2262	3229	1
2262	7074	1
2262	5702	1
2262	3378	1
2262	4358	1
2262	2118	1
2262	5703	1
2262	4424	1
2262	5707	1
2262	207	1
2262	206	1
2262	99	1
2262	5221	1
2262	5865	1
2262	9714	1
2262	6008	1
2262	7075	1
2262	8830	1
2265	6246	1
2265	6251	1
2265	6252	1
2265	7407	1
2265	7414	1
2267	68	1
2267	4224	1
2267	98	7
2267	99	1
2267	3268	1
2267	197	1
2267	198	1
2267	199	1
2267	201	1
2267	196	1
2267	386	1
2267	4358	1
2267	5407	1
2267	4219	1
2267	3285	6
2267	3510	1
2267	2999	1
2267	5977	1
2267	6043	1
2267	4349	1
2267	2719	1
2268	13161	1
2268	3486	1
2269	1920	1
2269	9877	1
2269	3485	3
2269	805	2
2269	3494	3
2269	11178	4
2269	1964	1
2269	16431	1
2269	10547	1
2269	1856	1
2269	709	1
2269	3526	1
2269	713	1
2269	14285	2
2269	1829	1
2270	4349	1
2270	5407	1
2272	19905	1
2272	546	1
2272	11025	1
2273	8611	1
2273	549	1
2273	11025	1
2273	8109	1
2273	18030	1
2273	5073	1
2273	10356	1
2273	19895	1
2273	11678	1
2274	2345	1
2274	3210	1
2274	6039	1
2274	8311	1
2274	5883	1
2274	413	1
2274	414	1
2275	25188	1
2276	16129	1
2276	10372	1
2276	18826	1
2276	8343	6
2276	6544	1
2276	6552	2
2276	411	1
2276	6557	1
2276	543	1
2276	11040	2
2276	423	2
2276	9514	3
2276	62	2
2276	592	46
2276	5073	3
2276	10360	1
2276	26495	11
2277	14438	1
2277	5082	1
2277	24149	1
2277	10359	1
2277	11034	1
2277	14557	1
2278	22807	1
2278	21370	4
2279	10997	1
2279	16014	2
2280	6462	2
2280	19561	1
2280	1866	1
2280	2093	1
2280	11406	1
2280	2095	1
2280	1808	1
2280	2035	1
2280	2094	1
2280	854	1
2280	5615	1
2280	6750	2
2281	1026	2
2281	4801	1
2281	26200	1
2281	458	1
2281	12112	1
2281	824	1
2281	4626	1
2281	1749	1
2281	12790	1
2281	16504	2
2281	6651	2
2282	14088	1
2282	8476	1
2282	2228	1
2282	12179	1
2282	2241	1
2282	12358	1
2282	12368	1
2282	18612	2
2282	6377	1
2282	10480	1
2282	3571	5
2282	2881	1
2283	11984	1
2283	7881	1
2283	10411	1
2283	11973	1
2284	5425	1
2284	24198	1
2284	17105	1
2285	7776	1
2285	4108	1
2285	3311	1
2286	5634	1
2286	2758	1
2286	169	1
2286	5963	2
2286	176	1
2286	12021	2
2286	2251	1
2286	20841	1
2286	3002	1
2286	8828	1
2287	4743	1
2287	17390	1
2287	10006	1
2287	12064	1
2287	3634	1
2287	16329	1
2287	16330	2
2287	2902	1
2287	15321	1
2287	15323	1
2287	12767	1
2287	3170	1
2287	2926	2
2287	16497	1
2288	2644	1
2288	1530	1
2288	1411	1
2288	902	1
2289	4033	3
2289	709	1
2289	3402	7
2289	6743	1
2289	12012	1
2289	10703	3
2289	3441	2
2289	51	3
2289	13908	1
2289	9942	2
2289	9943	1
2290	1412	1
2290	1263	1
2291	17423	1
2291	7452	1
2291	7453	1
2291	18724	1
2291	3630	1
2291	3631	1
2292	842	1
2292	21140	1
2292	918	1
2292	4666	1
2292	607	1
2293	5881	1
2293	12871	1
2294	3232	1
2294	2393	2
2294	13818	1
2294	5629	1
2295	6690	1
2295	4611	2
2295	6692	1
2295	1119	1
2295	656	1
2295	4741	1
2295	4740	1
2296	15719	4
2297	13990	1
2297	11406	1
2297	11407	2
2297	17847	1
2297	10521	1
2300	11299	1
2300	2980	1
2300	4389	2
2300	1126	1
2300	1995	1
2300	1867	1
2300	78	1
2300	2002	2
2300	822	4
2300	2362	2
2300	4668	1
2301	26363	1
2301	549	3
2301	5071	1
2301	553	1
2301	9514	2
2301	6575	2
2301	8570	1
2301	591	3
2301	62	1
2301	1061	1
2302	561	1
2302	4873	1
2302	19882	1
2302	559	1
2302	569	1
2302	2616	1
2302	570	1
2302	2111	1
2302	19932	1
2302	4831	1
2303	21162	4
2303	6989	1
2303	8479	1
2304	1205	1
2305	6743	1
2305	5013	1
2305	3766	1
2306	1	1
2306	1543	1
2306	907	1
2306	908	1
2306	909	1
2306	910	1
2306	7319	1
2306	1305	1
2306	1306	1
2306	13274	1
2306	1453	1
2306	7606	1
2306	10172	1
2306	716	1
2306	77	1
2306	13268	1
2306	469	1
2306	470	1
2306	471	1
2306	472	1
2306	473	1
2306	474	1
2306	92	1
2306	26254	1
2306	13410	1
2306	13414	1
2306	13415	1
2306	1559	1
2306	3566	1
2306	4335	1
2307	12715	1
2307	11670	1
2308	736	1
2308	1449	1
2308	451	1
2308	477	1
2309	768	2
2309	4485	1
2309	7277	1
2309	1302	1
2309	1303	2
2309	1304	2
2309	1307	1
2309	1309	1
2309	1311	4
2309	1312	1
2309	1429	1
2309	3371	1
2309	10284	1
2309	11122	1
2309	11400	1
2309	16735	1
2309	2613	1
2309	16702	1
2309	3767	2
2309	91	1
2309	2015	1
2309	868	2
2309	9911	1
2309	6125	2
2309	1266	1
2309	6140	1
2310	2150	1
2310	652	3
2310	5615	3
2310	2896	1
2310	11441	1
2310	16275	1
2310	798	1
2310	990	1
2311	4628	1
2311	821	1
2311	4661	1
2312	651	2
2312	16836	1
2312	3755	1
2312	654	3
2313	11715	1
2313	18549	1
2313	8750	1
2313	2000	1
2313	18546	1
2313	2005	1
2313	2006	2
2313	1975	1
2313	9208	1
2313	7221	1
2313	6685	1
2313	6686	1
2313	15701	1
2316	992	1
2316	803	2
2316	4625	1
2316	4683	1
2316	4661	2
2316	7967	2
2317	580	1
2317	581	1
2317	582	1
2321	3422	1
2322	9257	1
2322	3566	1
2322	1427	1
2322	71	1
2323	9636	1
2323	9671	1
2323	15356	1
2323	16557	1
2323	12205	1
2324	2553	1
2324	1316	2
2324	9238	1
2324	2983	1
2324	6920	1
2324	10121	1
2324	9162	1
2324	591	1
2324	2969	1
2324	7163	1
2324	6643	1
2324	6345	1
2324	1366	1
2324	727	2
2324	6905	1
2324	2043	1
2324	8421	1
2325	1749	1
2327	5057	1
2327	18033	1
2327	19892	1
2327	821	1
2327	2706	1
2327	11032	1
2327	11026	1
2328	9	1
2328	2574	1
2328	1194	1
2328	986	1
2328	1179	1
2329	2902	1
2330	4743	1
2330	4777	1
2330	935	1
2330	4780	1
2330	1197	1
2330	4702	1
2331	908	1
2331	6550	1
2331	26012	1
2331	2591	1
2331	545	1
2331	2595	1
2331	549	3
2331	9512	1
2331	1581	1
2331	26287	1
2331	9288	1
2331	21567	2
2331	19905	2
2331	910	1
2331	5063	2
2331	5064	1
2331	592	1
2331	14548	1
2331	4062	1
2331	6224	1
2331	1780	1
2331	10358	1
2331	25079	2
2331	18041	2
2331	892	1
2331	14551	1
2334	77	1
2334	5023	1
2335	6966	1
2336	11302	1
2336	2719	1
2337	8	1
2337	1644	2
2337	17237	2
2337	5449	1
2338	897	1
2338	6604	1
2338	6190	1
2338	11375	1
2338	4054	1
2338	3767	1
2339	5443	1
2339	2683	1
2339	2732	1
2339	111	1
2339	27124	1
2339	2331	1
2339	14718	1
2341	2094	1
2341	17232	1
2341	5427	1
2341	5428	1
2341	10527	1
2341	2035	2
2342	22	2
2345	3453	2
2345	54	1
2346	17096	1
2346	10532	1
2346	5428	1
2348	2082	1
2349	66	1
2350	1371	1
2350	10374	2
2350	8905	1
2350	2040	1
2350	5945	1
2350	63	2
2351	1281	1
2351	75	1
2351	469	1
2351	470	1
2351	471	1
2351	472	1
2351	473	1
2351	474	1
2351	53	1
2352	2386	1
2352	2733	1
2353	4225	1
2353	2283	1
2354	6545	1
2354	12847	1
2354	11031	1
2356	1394	1
2356	10130	1
2356	7069	1
2357	3020	2
2358	25186	1
2358	19895	1
2358	5063	1
2358	11274	1
2358	1415	1
2358	11025	1
2358	10356	1
2358	7030	2
2358	8951	1
2359	10619	1
2359	11286	1
2360	3744	1
2360	1418	1
2360	2680	1
2360	3039	1
2360	5949	1
2360	5375	1
2361	2462	1
2361	15775	1
2362	91	1
2363	162	1
2363	18127	1
2364	176	1
2364	1378	1
2364	2054	1
2366	3785	1
2368	2273	1
2368	3365	1
2368	4424	1
2368	6261	1
2369	7721	1
2369	3123	1
2369	9755	1
2369	10131	1
2369	3390	3
2370	640	2
2370	641	5
2370	2251	1
2371	729	1
2372	2727	1
2372	3670	1
2372	111	1
2373	709	1
2373	15953	1
2373	1429	1
2373	14998	1
2373	1279	2
2373	2556	1
2373	4062	1
2373	1893	5
2374	1378	1
2374	3176	1
2374	733	1
2374	4076	1
2374	782	1
2374	463	1
2374	20150	1
2374	61	1
2375	2689	1
2375	13302	1
2375	4385	1
2377	4796	1
2378	6976	1
2378	2370	1
2378	3089	1
2378	8	1
2378	2089	1
2378	6759	1
2378	3756	1
2378	5329	1
2379	2545	1
2379	3603	1
2379	727	1
2380	6913	2
2380	8355	1
2380	4958	1
2380	2145	1
2381	1575	1
2381	14506	1
2381	2638	2
2381	1591	1
2381	1272	1
2382	1498	1
2382	1549	1
2383	2626	1
2383	9317	1
2383	1453	1
2383	2605	2
2383	16722	1
2383	54	1
2383	1496	1
2384	897	1
2385	490	1
2385	388	1
2385	3114	1
2385	5903	1
2385	3151	1
2385	2287	1
2385	413	1
2385	62	2
2385	11519	1
2386	3398	1
2386	2056	1
2386	2125	1
2386	11885	1
2386	20690	1
2386	8373	1
2386	13466	1
2387	1539	1
2387	1542	1
2387	8359	1
2387	12023	1
2387	1772	1
2387	2576	2
2387	2067	1
2387	2551	1
2387	701	1
2387	703	2
2388	3442	1
2388	462	1
2389	4544	3
2389	1498	1
2389	1586	1
2389	6834	1
2389	454	2
2390	2979	3
2390	3494	1
2390	3536	1
2390	25971	1
2390	15863	2
2391	1283	1
2391	2163	1
2391	3	1
2391	60	5
2392	864	1
2392	1313	1
2392	6339	1
2392	6116	1
2392	1772	1
2392	74	1
2392	1900	3
2392	6270	1
2392	13907	1
2392	3605	1
2392	3450	1
2392	2556	1
2392	1438	4
2392	95	2
2393	14248	1
2393	5008	1
2393	13387	1
2395	6816	2
2395	706	2
2395	3441	1
2395	9143	1
2396	9152	1
2396	482	2
2396	12035	1
2396	1425	1
2396	16244	1
2396	2043	1
2396	732	1
2397	8	2
2397	824	2
2397	2	1
2397	61	3
2399	507	1
2399	1462	1
2400	6377	1
2402	8736	1
2402	15443	1
2402	8734	1
2402	8735	1
2403	11175	1
2403	27752	1
2403	5486	1
2404	9569	1
2404	13509	1
2404	15078	1
2404	12230	2
2404	19591	1
2404	9547	1
2404	27613	1
2404	9656	1
2404	1493	7
2404	16863	1
2404	10941	2
2405	3828	1
2405	6509	1
2406	107	3
2406	1808	1
2406	9975	1
2406	443	1
2407	2848	1
2407	60	1
2407	94	1
2408	9537	1
2408	1493	3
2408	9565	1
2410	15080	1
2410	1757	1
2412	23424	1
2412	11952	1
2412	4290	1
2412	8451	1
2412	4293	1
2412	2695	2
2412	4295	1
2412	2220	1
2412	107	4
2412	4300	1
2412	78	1
2412	12176	1
2412	8584	1
2412	8473	1
2412	8475	1
2412	11390	1
2413	27106	1
2413	1830	1
2413	3495	2
2413	5464	1
2413	1723	1
2413	5567	1
2414	27616	1
2416	472	1
2416	473	1
2416	474	1
2416	1971	1
2417	1856	1
2417	12100	1
2418	61	2
2418	454	1
2419	9664	1
2420	4995	1
2420	869	1
2420	10826	1
2420	717	1
2420	8357	1
2420	27301	1
2420	9233	1
2420	707	1
2420	6132	3
2420	94	1
2420	1564	1
2421	16594	1
2421	1493	4
2421	9654	1
2422	1764	2
2422	14982	2
2422	10922	2
2422	75	1
2422	15918	1
2422	17883	1
2423	27616	1
2423	107	1
2423	14960	1
2424	1840	1
2424	9669	1
2424	19694	1
2425	9569	1
2425	23333	1
2425	27613	1
2425	9669	1
2426	6592	2
2426	5737	1
2426	78	3
2426	27166	1
2427	21606	1
2427	9676	1
2427	9519	1
2427	15378	5
2427	9596	1
2427	16575	5
2428	2969	1
2428	14958	1
2429	3941	1
2429	6449	2
2429	20721	2
2429	6452	1
2429	7606	1
2429	3993	1
2430	1600	3
2430	16257	1
2430	1543	1
2430	1575	1
2430	1559	1
2430	87	1
2430	60	3
2430	447	1
2431	24505	1
2432	769	1
2432	2578	1
2432	3094	1
2432	3610	1
2432	2595	1
2432	5156	1
2432	2607	1
2432	1330	1
2432	51	1
2432	2612	1
2432	2613	1
2432	55	8
2432	1337	1
2432	53	1
2432	70	1
2432	728	1
2432	2785	1
2432	4076	1
2432	1773	1
2432	6651	1
2433	3398	1
2433	2601	1
2433	11889	2
2433	690	1
2433	5129	1
2433	713	1
2433	59	3
2433	2559	1
2434	2520	1
2434	1590	1
2437	14248	2
2437	2601	1
2437	13462	1
2437	1609	1
2438	2561	6
2438	5203	1
2438	10788	2
2438	613	1
2438	4338	1
2438	78	2
2438	6898	5
2438	8451	1
2438	8878	1
2438	6646	1
2438	15516	2
2438	1533	1
2438	11806	10
2439	8425	1
2439	684	1
2439	7629	1
2439	1519	1
2439	2546	1
2439	2067	1
2439	1309	1
2439	10814	1
2441	1512	1
2442	2112	2
2442	1	4
2442	2113	1
2442	4873	1
2442	555	2
2442	18540	1
2442	557	1
2442	12909	1
2442	626	1
2442	562	1
2442	9140	1
2442	14453	1
2442	3832	1
2442	569	1
2442	572	1
2442	61	3
2442	1918	1
2443	0	1
2443	1282	1
2443	14340	1
2443	1290	2
2443	17164	1
2443	5134	1
2443	5012	1
2443	6827	3
2443	2611	1
2443	54	33
2443	451	3
2443	13385	1
2443	460	1
2443	10964	1
2443	617	2
2443	3817	1
2444	15531	1
2444	555	9
2444	944	1
2444	18	2
2445	1234	1
2445	821	1
2446	16204	1
2446	12605	1
2447	61	1
2448	7585	1
2448	5475	1
2448	14052	1
2448	2885	2
2448	2289	1
2448	5481	1
2448	2031	1
2448	700	1
2448	145	1
2448	5170	1
2448	2545	1
2448	5490	1
2448	23255	1
2448	16536	1
2448	3460	1
2448	92	1
2448	5535	1
2449	448	1
2449	6816	1
2449	4753	1
2449	72	1
2449	10825	1
2449	4549	1
2449	3756	1
2449	1614	1
2449	6568	1
2449	3090	1
2449	1273	1
2449	17823	1
2449	1343	2
2451	12256	1
2451	803	3
2451	12261	1
2451	21606	1
2451	107	4
2451	3756	2
2451	12813	2
2451	9644	1
2451	822	1
2451	19860	1
2451	9547	2
2451	7163	1
2451	9565	2
2452	5316	1
2452	5361	1
2452	11594	1
2452	3047	1
2452	3345	1
2452	3123	2
2452	5301	1
2452	2678	1
2452	6745	3
2453	107	2
2453	20734	2
2453	822	2
2453	6791	2
2454	107	2
2454	16766	1
2454	2695	1
2456	3730	1
2456	1939	1
2457	3985	1
2457	6450	1
2457	3956	2
2457	4150	1
2458	6241	1
2458	2344	1
2458	4565	2
2458	2301	1
2459	11729	1
2459	19284	1
2459	19286	1
2459	4183	1
2460	487	1
2461	5253	1
2461	1543	2
2461	2225	1
2461	906	3
2461	12299	2
2461	784	1
2461	1425	1
2461	13331	1
2461	1622	3
2461	11543	1
2461	11287	1
2462	2785	1
2462	3492	1
2462	5489	1
2462	2031	1
2462	1343	2
2462	16791	1
2462	13370	1
2462	895	1
2463	5505	2
2463	904	1
2463	10920	2
2463	107	2
2463	5456	1
2463	15305	1
2463	3486	1
2463	10230	1
2463	16023	1
2463	5472	1
2463	3511	1
2463	11198	3
2463	69	1
2464	1	1
2464	2626	1
2464	483	1
2464	772	1
2464	709	1
2464	1289	2
2464	4076	1
2464	1583	1
2464	1521	10
2464	1429	1
2464	1430	1
2464	4344	1
2464	1593	1
2465	1517	1
2465	7624	1
2465	12691	1
2465	4982	1
2465	2590	1
2466	1312	1
2466	3251	1
2466	9369	1
2466	3257	1
2466	1498	1
2467	61	1
2468	58	2
2468	3428	1
2468	2	1
2468	70	1
2468	1453	1
2469	19750	1
2469	812	2
2469	78	1
2469	625	1
2469	61	1
2469	9109	1
2470	21188	1
2470	13831	1
2470	8	2
2470	1975	1
2470	13740	1
2470	6989	1
2470	6685	1
2470	821	1
2470	2006	1
2470	6686	1
2471	18169	1
2471	6690	2
2472	3777	1
2472	730	1
2473	608	1
2473	1627	1
2473	2150	1
2473	2535	1
2473	8	1
2473	2282	1
2473	2574	1
2473	111	1
2473	18	1
2473	8899	1
2473	859	1
2473	4668	1
2473	2986	1
2475	14341	1
2475	1032	1
2475	7241	1
2475	1644	1
2475	591	1
2475	3569	1
2475	3571	1
2475	62	2
2476	3365	1
2476	2422	1
2477	4426	1
2477	7070	1
2478	3097	1
2478	746	1
2478	5043	1
2478	4485	1
2478	734	1
2479	203	1
2479	5958	1
2480	9789	1
2481	15506	1
2481	1031	1
2482	5945	3
2482	27467	1
2482	5883	1
2483	952	1
2484	5297	1
2484	14084	1
2484	2409	1
2484	14609	1
2485	2553	1
2485	2578	1
2485	73	1
2485	3767	1
2486	165	1
2486	8	1
2486	395	1
2486	1868	1
2486	591	1
2486	2675	1
2487	1642	1
2487	387	1
2489	1234	1
2489	13897	1
2489	3134	1
2491	2252	1
2491	62	1
2493	3325	1
2495	865	1
2495	1538	1
2495	487	1
2495	906	1
2495	1330	1
2495	6226	2
2495	761	1
2496	20608	1
2496	3682	1
2496	203	1
2496	5943	1
2496	10192	1
2496	8152	1
2496	5272	1
2496	3508	1
2496	2461	2
2497	4570	1
2497	3042	1
2497	3107	4
2497	4422	1
2497	8138	1
2497	111	1
2497	3789	1
2497	591	4
2497	2331	1
2497	3386	1
2497	3387	1
2497	20540	1
2497	413	5
2498	1316	1
2498	1330	1
2498	1412	1
2498	53	1
2499	11346	1
2499	3042	1
2499	2307	1
2499	5604	1
2499	14609	1
2499	5297	1
2499	8138	1
2499	5963	1
2499	12322	1
2499	4600	1
2499	14084	1
2499	8251	1
2500	729	1
2500	2638	1
2500	741	1
2500	742	1
2500	13847	1
2501	1885	1
2501	4574	1
2502	3316	1
2502	2506	2
2502	14884	1
2503	3688	1
2503	145	1
2503	4534	1
2504	640	1
2504	3042	1
2504	3045	1
2504	14887	1
2504	19434	2
2504	493	1
2504	15506	1
2504	5690	1
2504	25957	1
2505	19339	1
2505	1703	1
2505	1707	1
2505	1709	1
2505	5486	1
2505	655	1
2505	1845	1
2505	1718	1
2505	1723	1
2505	845	1
2507	21666	1
2507	8646	1
2507	2094	1
2507	2099	1
2507	5428	1
2507	853	1
2507	11479	1
2507	696	1
2507	2653	1
2507	62	2
2507	10527	1
2508	3523	1
2508	19339	1
2508	10925	1
2508	689	1
2508	3069	1
2508	31	1
2509	5536	1
2509	12104	1
2510	6135	1
2510	751	1
2511	5297	1
2511	15286	1
2512	6917	1
2512	614	1
2512	487	1
2512	1324	1
2512	472	1
2512	60	2
2513	15843	1
2513	822	2
2513	17958	2
2513	812	2
2513	3404	1
2513	5462	1
2513	861	1
2513	9215	1
2514	12450	1
2514	5063	1
2514	10455	1
2514	18512	1
2514	12467	1
2514	10359	1
2514	11513	1
2516	12689	1
2516	26495	2
2519	2848	1
2519	1026	1
2519	15719	2
2519	1974	2
2521	18512	1
2521	6551	1
2523	5063	2
2523	25608	1
2523	12423	3
2523	6549	2
2523	14552	1
2523	5085	3
2524	26363	1
2524	11390	1
2524	23742	1
2525	14051	1
2527	10402	1
2527	7884	1
2527	10411	1
2527	10643	1
2527	10642	1
2527	10424	1
2527	18201	1
2527	10654	1
2528	2736	1
2528	201	4
2528	3376	2
2528	2482	1
2528	6003	1
2529	5156	1
2529	3095	1
2529	4557	1
2529	9300	1
2529	6335	1
2530	644	1
2530	2364	2
2530	406	1
2531	3762	1
2531	4485	2
2533	1284	1
2533	2151	1
2533	2513	2
2533	2526	1
2533	12570	1
2533	2590	1
2534	76	1
2536	902	1
2536	1622	1
2537	3876	1
2537	12645	1
2537	1031	2
2537	15305	1
2537	13364	1
2538	1026	1
2538	1955	1
2538	202	1
2538	3691	1
2538	1625	1
2538	61	2
2540	202	3
2540	5222	1
2540	662	1
2541	98	2
2541	611	1
2541	8181	1
2541	4534	1
2543	5211	2
2543	2739	1
2545	2040	1
2545	913	1
2546	11020	1
2546	11070	1
2548	545	1
2548	6550	1
2550	10416	1
2550	10648	1
2551	8658	2
2551	662	1
2552	2284	1
2552	4426	1
2552	3379	1
2553	25067	2
2553	10984	1
2553	3146	3
2553	107	2
2553	141	1
2554	4934	12
2554	8906	2
2554	8589	1
2554	8934	1
2554	8760	1
2554	17626	8
2555	3264	4
2555	6016	1
2555	611	1
2555	832	1
2555	9479	1
2555	10619	1
2555	5643	1
2555	834	2
2555	2222	1
2555	12336	1
2555	3795	1
2555	662	2
2555	2239	1
2555	6975	1
2556	413	1
2556	2343	1
2556	6045	1
2557	761	1
2557	3618	1
2557	91	1
2558	2507	1
2558	396	6
2558	2416	1
2558	5816	1
2558	5945	1
2558	3742	1
2559	4422	1
2559	1631	1
2560	10345	1
2560	189	1
2561	388	3
2561	5893	1
2561	400	1
2561	2353	2
2561	3275	1
2561	3169	1
2561	5604	1
2561	4589	1
2561	3316	1
2561	9847	1
2561	3065	4
2561	2302	1
2562	5640	2
2562	553	2
2562	11277	1
2562	2367	1
2563	1769	3
2563	8811	1
2564	571	1
2564	822	2
2565	1632	1
2565	1640	1
2565	12938	1
2565	5303	1
2565	922	1
2565	124	1
2566	20675	1
2566	3089	2
2566	19383	1
2566	19384	1
2567	2401	1
2567	1381	1
2567	167	1
2567	6063	1
2567	8789	1
2567	3382	1
2567	2683	1
2567	1886	1
2568	2192	1
2568	2722	1
2568	4579	2
2568	19909	1
2568	424	1
2568	553	2
2568	111	2
2568	14864	1
2568	6558	1
2568	6296	2
2568	4575	1
2568	5405	1
2568	4574	2
2569	2048	1
2569	162	1
2569	5701	1
2569	493	2
2570	3216	2
2570	503	1
2570	6971	1
2570	62	7
2571	3221	1
2571	62	1
2573	1376	1
2573	2693	1
2573	2695	2
2573	2090	1
2573	625	1
2573	3190	1
2573	6073	1
2573	730	1
2576	422	1
2576	2983	1
2576	10345	4
2577	2256	1
2577	5826	3
2577	100	2
2577	4358	1
2577	24848	1
2577	5334	1
2577	5271	1
2577	3130	1
2577	8959	1
2578	729	2
2578	902	1
2580	7367	1
2580	27462	1
2580	10657	3
2582	5819	1
2582	4233	1
2582	1418	1
2582	8117	2
2582	8315	1
2583	10341	1
2583	2726	1
2584	11267	2
2584	8140	1
2584	11566	4
2584	3348	1
2587	2369	1
2587	9980	15
2587	2367	1
2588	897	1
2588	2163	1
2588	1457	1
2588	1299	1
2588	1780	1
2588	3764	1
2588	59	1
2588	2589	1
2590	2701	1
2590	5277	1
2592	12138	1
2593	3691	1
2593	2054	2
2593	4586	1
2593	3275	1
2593	3212	2
2593	5881	1
2593	17438	2
2594	1026	1
2594	68	1
2594	201	1
2594	3084	1
2595	389	1
2595	391	1
2595	5386	1
2595	12738	1
2595	10130	1
2595	9750	1
2595	6297	1
2595	6045	1
2595	2339	1
2595	2759	1
2595	8238	1
2595	5940	1
2595	17438	1
2595	8116	1
2595	2749	1
2595	2754	1
2595	12871	1
2595	4563	1
2595	8144	1
2595	3667	1
2595	2262	1
2595	14681	1
2595	1631	1
2595	14492	1
2595	3050	1
2596	6983	1
2596	5667	1
2596	68	10
2596	3142	1
2596	15430	1
2596	2119	2
2596	20841	1
2596	3210	2
2596	396	1
2596	2738	2
2596	2422	1
2596	3159	2
2596	5848	1
2596	388	1
2597	1330	1
2597	774	1
2598	1377	1
2598	2756	1
2598	3190	2
2599	7968	1
2599	859	1
2599	4668	1
2599	650	1
2599	4720	1
2599	4721	1
2599	26	1
2599	4667	1
2599	796	2
2599	798	2
2600	3285	2
2600	12693	1
2600	406	1
2600	2331	1
2600	12821	1
2601	5306	1
2601	7214	1
2602	160	1
2602	18342	1
2602	4401	1
2602	10873	1
2602	1886	2
2603	3785	1
2603	3790	1
2603	1631	1
2604	12038	1
2604	16845	1
2605	23729	1
2605	8789	2
2605	11321	2
2606	2728	1
2606	8315	1
2606	5686	1
2607	7456	1
2607	234	2
2607	3146	1
2608	5848	1
2608	728	1
2611	553	2
2611	11022	2
2611	11569	1
2611	6555	1
2612	4485	2
2612	1310	1
2613	3056	1
2613	897	1
2613	463	2
2614	2624	1
2614	12034	2
2614	1576	1
2614	13996	1
2614	3595	3
2614	3596	1
2614	6818	1
2614	1490	2
2614	2133	1
2614	1431	1
2614	1304	1
2614	476	1
2614	16661	1
2615	1248	1
2615	1281	1
2615	488	4
2615	2602	1
2615	615	1
2615	4976	1
2615	616	1
2615	11738	2
2615	1947	1
2616	9968	2
2616	864	1
2617	864	2
2617	11006	1
2618	2987	1
2618	13179	1
2618	622	1
2619	5122	1
2620	1542	1
2620	15884	1
2620	10769	1
2620	12564	1
2620	1559	1
2620	774	1
2620	2600	1
2620	2607	1
2620	701	1
2620	13907	1
2620	2012	1
2620	864	3
2620	12012	1
2620	4079	1
2620	12017	2
2620	6898	1
2620	1780	1
2620	2170	1
2621	40	1
2621	3818	1
2621	107	2
2622	1932	1
2622	18607	1
2622	1500	1
2623	12011	1
2624	8355	1
2624	617	1
2624	1583	1
2624	464	4
2624	52	2
2624	16661	1
2624	6904	1
2624	6201	2
2624	1498	1
2624	1534	2
2624	6847	3
2625	7275	1
2625	485	1
2625	1893	1
2626	6240	1
2626	26883	1
2626	11596	1
2626	413	1
2626	2420	1
2626	14453	1
2626	6294	1
2626	10327	1
2626	411	1
2626	1500	1
2626	61	3
2626	5909	1
2627	15299	2
2627	26062	1
2628	1338	1
2628	1893	1
2629	2600	1
2629	1345	1
2629	1313	1
2629	1549	1
2629	2601	1
2630	7275	1
2630	1909	2
2630	477	1
2631	7606	1
2631	18622	1
2632	11520	1
2632	867	1
2632	485	3
2632	714	1
2632	2155	2
2632	1943	1
2632	13340	1
2632	2170	1
2632	1566	1
2633	6147	1
2633	1511	1
2633	904	3
2633	491	2
2633	2520	1
2633	18075	2
2634	1248	1
2634	1316	1
2634	2567	1
2634	1547	2
2634	17968	1
2634	12017	1
2634	467	1
2634	87	1
2634	1304	1
2634	1499	1
2634	3612	1
2634	16702	1
2635	619	1
2635	3778	1
2635	13907	1
2636	2785	1
2636	2	3
2636	54	4
2636	487	2
2636	904	1
2636	77	1
2636	1518	1
2636	464	2
2636	86	2
2636	1591	1
2636	8381	1
2637	1974	2
2637	10857	2
2637	7275	4
2637	2987	1
2637	1526	1
2637	11816	1
2637	1976	3
2637	1977	1
2637	1822	1
2639	713	1
2639	3468	1
2639	693	1
2640	37	1
2640	1896	3
2640	3853	1
2640	4946	3
2640	8408	3
2640	703	1
2641	864	1
2641	2121	1
2641	2571	1
2641	1780	1
2641	53	1
2642	2587	1
2643	12681	1
2643	3149	1
2644	10040	2
2644	1490	5
2644	2549	1
2645	6330	1
2646	864	4
2646	3139	2
2646	12003	1
2646	4985	1
2646	1918	1
2646	95	4
2647	2785	1
2647	69	1
2649	58	1
2649	6875	1
2649	4075	1
2650	1966	1
2650	1939	3
2650	5471	1
2651	2016	1
2651	3596	1
2651	3571	2
2651	1430	1
2651	1304	2
2651	4415	1
2651	1822	1
2651	16351	2
2652	7482	2
2652	1893	1
2652	1822	2
2653	1264	1
2653	482	2
2653	460	2
2653	1957	1
2653	13910	1
2654	1922	4
2654	1932	1
2654	3091	1
2654	17390	1
2654	1430	2
2654	5062	1
2654	553	2
2654	6570	1
2654	10668	1
2654	3117	1
2654	26287	1
2654	3893	1
2654	2624	1
2654	5063	1
2654	3149	1
2654	591	1
2654	13994	1
2654	15322	2
2654	15324	1
2654	2785	1
2654	6626	1
2654	615	1
2654	10856	1
2654	107	5
2654	3566	1
2654	1521	2
2654	6643	1
2654	6646	1
2655	2603	1
2656	4971	1
2656	10767	1
2656	6646	1
2656	8346	1
2657	23938	1
2657	867	1
2657	463	1
2657	3099	1
2657	9138	1
2657	6900	1
2657	9081	1
2657	1947	1
2657	4063	1
2658	1312	1
2658	19721	2
2658	2156	1
2658	1917	1
2659	3089	1
2659	482	1
2659	700	1
2659	1909	1
2659	2525	1
2660	3520	1
2660	17968	1
2660	868	1
2660	5	1
2660	774	2
2660	2785	2
2660	108	2
2660	61	1
2660	1360	2
2660	2129	1
2660	3425	1
2660	11542	1
2660	1272	1
2660	1273	1
2660	1309	1
2661	1312	3
2661	3448	1
2661	12002	1
2661	1253	1
2661	456	1
2661	1445	1
2661	3151	1
2661	9968	1
2661	1521	3
2661	114	1
2661	4340	1
2661	694	1
2661	10040	2
2661	479	1
2662	80	2
2662	40	1
2663	10788	2
2663	742	1
2663	2129	3
2663	2121	2
2663	10854	1
2663	16351	1
2663	12017	1
2663	3859	1
2663	9140	1
2663	1430	2
2663	1943	1
2663	4985	1
2663	447	1
2664	12034	1
2664	867	1
2664	5481	1
2664	1548	1
2664	87	1
2664	4540	1
2664	11806	1
2665	1253	1
2665	3598	1
2665	1555	1
2665	684	1
2665	5037	1
2665	691	1
2665	1589	1
2665	5184	1
2665	714	1
2665	9934	1
2665	84	3
2665	2139	2
2665	2012	1
2665	2014	1
2665	613	1
2665	464	2
2665	867	3
2665	485	1
2665	1427	2
2665	2553	2
2666	18624	1
2666	1026	2
2666	12358	1
2666	8	5
2666	12351	1
2666	1998	1
2666	503	2
2666	18621	1
2667	482	1
2667	6533	1
2667	1329	1
2667	1896	1
2667	2155	1
2667	19662	1
2667	2568	1
2667	51	1
2667	1774	1
2667	2139	1
2667	3453	1
2667	1534	1
2667	10853	1
2668	1	1
2668	16661	1
2668	2017	1
2668	1960	1
2668	18076	1
2668	10668	1
2668	3149	1
2668	2543	1
2668	16722	1
2668	467	1
2668	7290	1
2668	86	2
2668	9081	1
2668	58	1
2668	3859	1
2668	3069	2
2669	4993	1
2669	6818	1
2669	904	1
2669	460	1
2669	2063	1
2669	89	1
2669	479	1
2670	3900	1
2670	822	1
2670	2022	1
2670	4191	1
2671	2788	2
2671	9421	1
2671	22767	1
2671	6801	1
2671	4981	1
2671	9238	1
2671	31	1
2672	11778	1
2672	16070	1
2672	11176	1
2672	16041	3
2672	5486	1
2672	1966	1
2672	26041	1
2672	15294	1
2673	1313	1
2673	2126	1
2674	744	1
2674	1313	1
2674	491	3
2674	1613	1
2674	1431	1
2675	51	1
2675	3431	1
2675	5171	1
2675	6768	6
2675	2067	1
2675	1590	1
2675	732	1
2675	3071	1
2676	2580	1
2676	15886	2
2677	3596	1
2677	1427	1
2677	1432	1
2677	5182	1
2678	17467	1
2678	78	1
2678	678	1
2678	8239	1
2679	5110	2
2680	864	1
2680	1609	1
2680	9082	1
2681	4415	1
2681	463	1
2682	51	1
2682	11816	5
2682	18539	1
2682	1267	1
2682	9365	1
2683	7275	1
2683	1254	1
2684	8	1
2684	2039	1
2685	1600	1
2685	1360	1
2685	11522	1
2685	2115	1
2685	36	1
2685	902	1
2685	1545	1
2685	13996	1
2685	109	1
2685	1518	1
2685	1549	1
2685	1296	1
2685	1364	1
2685	18082	1
2685	4340	1
2685	1308	1
2685	3453	1
2685	6892	1
2686	6812	1
2686	1521	1
2686	6152	2
2686	18793	2
2686	3819	1
2686	1326	2
2686	733	1
2686	1896	2
2686	4946	1
2686	691	2
2686	1623	1
2686	2140	1
2686	61	1
2686	1982	2
2687	2035	1
2687	61	1
2688	21476	1
2688	25319	1
2688	11176	1
2688	26062	1
2688	5486	1
2689	13258	1
2689	2518	1
2691	1056	2
2691	813	2
2691	591	3
2691	401	1
2691	4597	1
2692	3056	1
2692	3097	1
2692	13847	1
2693	68	1
2693	3135	1
2694	1453	1
2694	5239	1
2696	2587	1
2696	906	1
2696	908	1
2696	53	1
2696	1590	1
2696	1306	1
2696	59	1
2696	1309	1
2697	1635	1
2697	6003	2
2700	5406	1
2700	68	1
2700	822	2
2700	7119	1
2701	2401	1
2701	3667	1
2701	27467	1
2701	2998	1
2701	2758	1
2702	305	1
2703	98	4
2703	4355	1
2703	3365	1
2703	199	1
2703	106	2
2703	8238	1
2703	6231	1
2703	5977	2
2703	5901	1
2703	4591	1
2704	10497	1
2704	5130	1
2704	5132	1
2704	3268	1
2704	3229	1
2704	5150	1
2704	2757	1
2704	2332	2
2704	1580	1
2704	1588	1
2704	68	1
2704	202	1
2704	8654	1
2704	2516	2
2704	470	1
2704	472	1
2704	6085	1
2704	100	1
2704	101	1
2704	1639	1
2705	23823	1
2705	7163	2
2707	8905	1
2707	10870	1
2708	4416	1
2708	1313	1
2708	1431	1
2708	902	1
2708	1909	1
2708	465	1
2708	6058	1
2708	7275	1
2708	1614	1
2708	2736	1
2708	3217	1
2708	2132	1
2708	1262	1
2708	1270	2
2708	2040	3
2708	1272	1
2709	3045	1
2709	1639	1
2709	8643	1
2709	812	1
2709	2380	1
2709	8654	1
2709	662	1
2709	3224	1
2709	8858	1
2710	388	2
2710	422	1
2710	5996	1
2710	196	1
2710	8797	1
2711	742	1
2711	902	1
2711	743	1
2711	744	1
2711	1431	1
2711	1337	1
2711	3770	1
2711	3771	1
2711	741	1
2712	662	1
2712	4233	1
2713	22848	1
2714	164	1
2714	165	1
2714	235	2
2714	8173	1
2714	13241	1
2714	3348	2
2714	2969	1
2714	10622	1
2714	5301	3
2716	1313	1
2716	2568	1
2716	5548	1
2716	3760	2
2716	1329	1
2716	1289	1
2716	1567	2
2717	5664	1
2717	2336	1
2717	162	1
2717	5787	1
2717	14884	1
2717	422	1
2717	3212	1
2717	3276	1
2717	206	1
2717	207	1
2717	629	1
2717	5814	1
2717	5663	1
2718	736	1
2718	1558	1
2719	724	1
2719	2958	1
2720	4364	1
2720	822	1
2721	969	1
2721	591	2
2721	820	1
2721	4405	2
2723	62	2
2723	7390	1
2723	61	1
2724	7089	1
2724	14223	1
2725	5943	1
2725	27467	1
2725	15519	1
2726	6816	1
2726	1611	1
2726	2115	1
2726	867	1
2726	491	1
2726	3148	1
2726	685	1
2726	18638	1
2726	1517	1
2726	9104	1
2726	72	1
2726	3860	1
2726	2169	1
2726	2777	4
2726	5023	1
2726	12863	1
2728	902	1
2730	11984	1
2730	11985	1
2730	11973	1
2730	4110	1
2732	3047	1
2732	8776	1
2733	2698	1
2733	6087	1
2733	2119	1
2734	1267	1
2734	3773	1
2734	3102	1
2737	625	1
2737	2986	1
2737	196	1
2738	18	1
2738	4620	1
2738	1007	1
2740	3956	1
2741	1606	2
2741	1591	1
2741	1452	1
2741	1582	1
2741	87	1
2741	732	1
2742	8	1
2742	553	1
2745	10412	1
2745	10416	1
2745	4116	2
2745	7358	2
2748	11070	1
2750	15500	1
2750	25389	2
2750	20703	1
2751	10617	1
2751	10467	1
2752	2986	1
2753	2641	1
2754	491	1
2754	8355	1
2754	3079	1
2755	78	4
2755	14552	1
2756	21663	1
2756	26455	2
2757	6427	1
2757	65	1
2757	9755	1
2758	23393	1
2758	23368	3
2758	12782	1
2758	12779	2
2758	9549	3
2758	12237	1
2758	16594	1
2758	13493	1
2758	13494	1
2758	12260	2
2759	9537	1
2759	16866	1
2759	24871	1
2759	16584	1
2759	12809	1
2759	13516	1
2759	11087	1
2759	9520	1
2759	11095	1
2759	10939	1
2759	9629	2
2759	18302	1
2761	3571	2
2761	3564	1
2762	5900	1
2762	3508	1
2762	3065	1
2762	1631	1
2763	591	1
2763	9795	1
2763	11777	1
2764	16640	1
2764	11087	1
2764	12241	4
2764	16632	2
2764	15354	2
2764	11103	1
2764	13528	1
2764	9565	3
2765	24107	1
2765	13509	1
2765	9660	2
2765	9677	1
2765	12782	1
2765	9519	1
2765	13489	1
2765	13549	1
2765	26172	1
2766	12809	1
2766	12208	1
2766	24871	1
2766	12205	1
2766	9520	1
2766	16584	1
2766	9537	1
2766	9538	2
2766	9677	1
2766	11087	1
2766	26328	1
2766	16866	1
2766	15353	2
2766	18301	1
2766	18302	1
2767	12256	2
2767	9550	1
2767	9617	1
2767	9656	1
2767	9594	5
2767	9565	1
2769	23366	1
2769	13480	1
2769	9628	1
2769	9547	3
2769	9648	1
2769	13494	1
2769	9561	1
2769	25851	1
2770	10016	1
2770	3512	1
2770	23272	1
2770	3701	1
2770	6484	1
2770	12661	4
2770	15865	1
2770	6488	2
2771	9638	1
2771	8617	1
2771	776	1
2771	2517	1
2771	5161	1
2771	3771	1
2771	2645	1
2772	20512	4
2772	9538	1
2772	9700	1
2772	16622	4
2772	13540	1
2772	9660	1
2773	21162	1
2773	9643	1
2773	12113	1
2774	9629	1
2776	11106	1
2776	9550	1
2776	13490	1
2776	13494	1
2776	6394	2
2779	423	1
2779	14634	2
2779	111	1
2779	9008	3
2779	2387	1
2779	2926	1
2779	16185	1
2779	2459	1
2779	19434	1
2779	1631	5
2780	14224	1
2780	2641	1
2782	5162	1
2782	5155	1
2782	4477	1
2782	731	1
2785	2568	1
2785	107	2
2785	11122	1
2785	3859	1
2785	822	2
2785	1307	1
2786	5161	1
2786	74	1
2786	2638	2
2786	6224	1
2786	1363	1
2786	3097	1
2786	734	1
2788	1309	1
2788	2638	1
2788	4479	1
2790	19405	1
2790	27029	1
2791	5162	1
2791	53	1
2791	3773	1
2793	4467	1
2795	11080	1
2795	1472	1
2797	6680	1
2798	5152	1
2798	491	1
2798	70	1
2798	1287	1
2798	6955	1
2798	1519	1
2798	2069	1
2799	11522	1
2799	1254	1
2799	1322	1
2799	34	1
2799	1947	1
2800	3616	1
2800	1026	2
2800	2789	1
2800	10892	1
2800	10542	1
2800	2557	1
2800	3605	1
2800	790	3
2800	20698	1
2800	3260	1
2800	9149	2
2801	7493	1
2801	910	1
2801	2120	12
2801	6537	1
2801	469	1
2801	907	1
2801	908	1
2801	6829	1
2801	909	1
2801	751	2
2801	17667	1
2801	1305	1
2801	1311	1
2802	1411	1
2802	902	1
2802	2567	1
2802	776	1
2802	1296	1
2802	4995	1
2802	3860	1
2802	14997	1
2802	1304	1
2802	3102	1
2802	1311	1
2802	1312	2
2802	18082	1
2802	2595	1
2802	9511	1
2802	14509	2
2802	6174	1
2802	73	2
2802	13908	1
2802	729	1
2802	730	3
2802	865	1
2802	6125	1
2802	2591	1
2802	1531	4
2802	5246	1
2802	5141	1
2803	28324	1
2804	80	1
2804	4076	1
2804	1543	2
2805	904	1
2805	1260	1
2805	6608	2
2805	1588	2
2805	2069	1
2805	6646	1
2805	2584	1
2805	4981	1
2806	3078	1
2806	1031	1
2806	107	2
2806	2031	1
2806	3069	1
2806	5211	1
2806	61	2
2807	11171	1
2807	2605	1
2807	5038	1
2807	3759	1
2807	6275	1
2807	87	1
2807	6200	1
2807	9243	1
2807	5149	1
2807	1343	1
2808	482	1
2808	722	1
2808	51	1
2808	61	1
2808	894	1
2809	11424	12
2809	1547	1
2809	718	1
2809	1586	1
2809	2131	1
2809	2553	1
2810	2625	1
2810	8418	1
2810	5	1
2810	2518	1
2810	491	1
2810	3598	1
2810	5137	1
2810	6646	1
2810	5239	1
2810	9369	1
2810	54	4
2812	23600	2
2812	27088	1
2813	10125	1
2814	1312	2
2814	16257	1
2814	18082	1
2814	6918	1
2814	3841	1
2814	3852	1
2814	19725	1
2814	9934	1
2814	2561	1
2814	9941	1
2815	11041	1
2815	11042	1
2815	4548	1
2815	549	1
2815	550	1
2815	5063	1
2815	5064	1
2815	14903	1
2815	11026	1
2815	78	1
2815	11024	1
2815	11025	1
2815	2706	1
2815	10356	1
2815	18037	1
2815	10359	1
2815	5061	1
2816	16257	1
2816	12034	1
2816	6918	1
2816	3852	1
2816	30	1
2816	10542	1
2816	1458	1
2816	60	1
2816	10046	1
2816	15935	2
2816	5192	1
2816	461	1
2816	8404	1
2816	1498	1
2816	3056	1
2817	11558	11
2817	19663	1
2817	470	1
2817	471	1
2817	473	1
2817	474	1
2817	60	1
2818	14656	1
2818	3403	1
2818	1893	1
2819	2625	1
2819	483	1
2819	3400	1
2819	2045	1
2819	6609	1
2819	11859	1
2819	54	2
2819	8376	1
2819	5149	2
2820	13460	2
2820	1564	1
2820	8352	1
2820	1578	2
2820	15163	1
2820	60	1
2820	447	1
2820	704	1
2820	70	1
2820	713	1
2820	11859	1
2820	87	1
2820	3428	1
2820	13349	1
2820	483	1
2820	2788	1
2820	491	1
2820	18540	1
2820	18288	1
2821	16771	2
2822	3841	1
2822	2163	1
2822	1893	1
2822	16518	1
2822	871	1
2822	74	1
2822	12559	1
2822	1489	1
2822	9426	1
2822	3443	1
2823	12560	1
2823	2145	1
2823	52	1
2824	2784	1
2824	2164	1
2824	13349	1
2824	6918	1
2824	2047	1
2824	72	2
2824	31	1
2824	26187	1
2824	468	1
2824	12564	2
2824	3253	1
2824	10774	2
2824	9369	2
2824	1498	1
2824	3451	2
2824	3069	1
2824	1951	2
2825	51	2
2825	6923	1
2825	709	1
2825	1559	1
2825	7637	1
2825	4951	1
2825	1520	1
2825	1425	3
2825	1586	1
2825	691	4
2825	1364	1
2825	2133	3
2825	1779	1
2825	15935	1
2825	1503	1
2825	3069	1
2825	894	2
2825	2527	5
2826	6923	1
2826	709	1
2826	4999	1
2826	1559	1
2826	1578	1
2826	4951	1
2826	51	2
2826	691	3
2826	1779	1
2826	7637	1
2826	1564	2
2826	12570	1
2826	894	1
2826	2133	2
2827	3371	1
2827	5255	1
2827	784	2
2827	9233	2
2827	1427	1
2827	10542	1
2827	1559	1
2827	3777	1
2827	3998	2
2827	4130	1
2827	4132	1
2827	4133	1
2827	1953	1
2827	680	2
2827	2987	1
2827	4142	1
2827	13999	1
2827	4144	1
2827	10167	1
2827	8382	1
2827	4128	1
2827	6596	1
2827	1893	1
2827	9171	1
2827	2739	3
2827	727	1
2827	4190	1
2827	8805	1
2827	12048	1
2827	4962	1
2827	10171	1
2827	485	2
2827	6888	1
2827	18539	1
2827	14190	1
2827	4136	1
2827	1522	1
2827	13939	1
2827	10488	1
2828	8584	1
2828	18438	1
2828	12680	1
2828	3466	1
2828	3595	1
2828	3598	1
2828	15887	2
2828	6416	1
2828	20754	1
2828	3431	1
2828	1559	1
2828	3610	1
2828	30	1
2828	31	1
2828	4293	1
2828	6819	1
2828	678	1
2828	2856	1
2828	2602	1
2828	10539	1
2828	16684	1
2828	1453	1
2828	686	1
2828	3080	1
2828	56	1
2828	15929	1
2828	4926	1
2828	4290	1
2828	4294	1
2828	4297	1
2828	714	1
2828	1611	1
2828	4942	1
2828	461	1
2828	1489	1
2828	83	1
2828	13781	1
2828	4998	1
2828	1497	2
2828	78	1
2828	4295	1
2828	1503	1
2828	4064	1
2828	8417	1
2828	1355	1
2828	16302	1
2828	1511	1
2828	488	3
2828	2556	1
2828	4939	1
2828	15591	1
2828	2131	1
2828	4214	1
2828	7290	1
2828	10491	1
2828	9085	1
2828	5141	1
2829	5145	1
2829	12558	1
2829	53	1
2829	2133	1
2829	457	1
2830	5250	1
2830	6438	1
2830	3402	1
2830	15884	1
2830	61	1
2830	1488	1
2830	1519	1
2831	2131	1
2831	3852	4
2831	1779	1
2831	87	1
2832	456	1
2832	3598	1
2832	15953	1
2832	11004	2
2832	733	1
2832	1247	1
2834	2697	1
2834	11645	1
2835	6240	1
2835	5660	1
2835	1418	1
2835	2427	1
2835	12948	2
2838	22642	1
2838	2834	2
2838	832	1
2840	5944	1
2840	62	1
2841	2721	1
2841	2339	6
2841	2694	1
2841	3393	1
2841	5642	1
2841	3659	1
2841	5603	1
2841	1394	2
2841	9731	1
2841	10678	1
2841	2456	1
2841	5775	1
2842	6016	1
2842	2683	2
2842	6966	1
2842	105	1
2842	8152	1
2842	5328	1
2842	8145	2
2842	10345	1
2842	14366	1
2842	662	2
2842	440	1
2842	3326	1
2842	1385	1
2843	6625	1
2843	2222	1
2843	2209	1
2844	4569	1
2845	4227	1
2845	5895	1
2845	2716	1
2845	2338	1
2845	186	1
2845	5443	1
2845	5447	1
2845	111	2
2846	64	2
2846	5793	1
2846	7721	1
2846	4383	1
2847	2306	1
2847	2279	1
2847	3047	1
2847	11588	1
2848	265	1
2848	5851	1
2848	5652	1
2848	7095	1
2849	12704	1
2849	5669	1
2849	5963	1
2849	3667	1
2849	15337	1
2849	8186	1
2849	8189	1
2850	5634	3
2850	3205	1
2850	390	1
2850	5770	1
2850	3217	1
2850	3218	1
2850	15507	1
2850	5663	1
2850	3104	1
2850	2338	1
2850	6053	1
2850	7079	1
2850	6317	1
2850	5814	1
2850	5943	2
2850	10680	1
2850	5664	1
2850	3267	1
2850	3269	1
2850	8265	1
2850	14666	1
2850	3276	1
2850	8913	1
2850	3667	1
2850	185	1
2850	6232	1
2850	2256	1
2850	27372	1
2850	5998	1
2850	4584	1
2850	4599	1
2850	11260	1
2850	14718	1
2851	4446	1
2851	2095	1
2853	3941	1
2853	3943	1
2853	3944	1
2853	3994	1
2853	4191	1
2854	2535	1
2854	3144	1
2854	15719	1
2854	7438	1
2854	591	1
2854	4720	1
2854	4664	1
2854	2898	1
2854	824	2
2857	741	1
2857	3103	1
2857	743	1
2857	53	1
2857	727	1
2858	768	1
2858	61	1
2859	6377	1
2860	4344	1
2860	2057	1
2860	51	1
2861	8451	1
2861	4934	2
2861	8910	1
2861	27054	1
2862	5392	1
2862	6600	1
2862	9397	1
2863	4076	1
2863	8239	1
2863	2608	1
2863	82	1
2863	9140	1
2863	1909	1
2863	6202	1
2863	1275	2
2863	61	1
2864	8926	1
2864	27181	1
2865	17931	1
2865	8926	1
2866	16106	1
2866	19181	1
2867	6817	2
2867	748	1
2867	70	1
2867	13382	2
2867	5168	1
2867	1452	1
2867	2159	3
2867	3841	1
2867	6802	1
2867	1366	1
2867	4344	1
2867	8889	1
2867	1274	1
2867	15516	2
2867	14909	1
2868	8451	1
2868	822	1
2868	8903	1
2869	3749	1
2869	3750	1
2869	5345	1
2869	9419	1
2869	5392	1
2869	8590	1
2869	8725	1
2869	8952	1
2869	9405	1
2870	3393	2
2870	6229	1
2871	5345	1
2871	12550	1
2871	16846	1
2871	8589	1
2871	8952	1
2871	8919	3
2871	8600	1
2872	24482	1
2872	798	1
2872	2533	1
2873	17626	1
2874	13818	1
2874	1626	1
2875	736	1
2875	5006	2
2875	53	1
2875	3103	2
2876	5345	1
2876	8910	1
2876	3117	1
2876	78	3
2877	8728	1
2877	8589	1
2878	8625	1
2878	16539	1
2879	12208	1
2879	9636	1
2879	9648	2
2879	12241	2
2879	12795	1
2881	10369	2
2881	3210	1
2881	11027	1
2881	148	2
2881	12846	1
2881	5405	1
2881	6048	1
2881	162	1
2881	553	2
2881	11455	1
2881	2754	2
2881	2118	1
2881	201	3
2881	13914	1
2881	2703	1
2881	10345	1
2881	2415	2
2881	10356	1
2881	8899	1
2881	25079	1
2881	2682	1
2882	6781	1
2883	23424	1
2884	8954	1
2885	8591	1
2885	4915	4
2885	17627	1
2886	21728	1
2886	3750	1
2886	1863	2
2886	8719	1
2886	19928	1
2887	1304	1
2887	52	1
2887	744	1
2888	21188	4
2888	8741	1
2888	15441	1
2888	18547	1
2888	2356	1
2888	8152	1
2888	8444	1
2888	6686	1
2890	8454	2
2890	8589	1
2890	8590	1
2890	8719	1
2890	8727	1
2891	4416	1
2891	8577	1
2891	59	1
2891	5096	1
2891	3180	1
2891	5548	1
2891	733	2
2891	9397	1
2891	728	1
2891	463	1
2891	4444	2
2891	8733	2
2891	2645	1
2892	8899	6
2892	388	1
2892	201	1
2892	8906	3
2892	4915	3
2892	662	1
2892	3002	1
2892	62	2
2894	9419	1
2894	9831	2
2895	487	1
2895	1287	3
2895	5001	3
2895	7627	1
2895	3597	1
2895	13454	1
2895	1427	1
2895	4982	1
2895	10035	1
2896	5647	1
2896	3346	2
2896	3318	1
2896	3355	3
2897	2353	1
2897	99	1
2897	395	1
2897	62	1
2898	9824	3
2898	2739	2
2898	9784	1
2899	5059	1
2899	5062	1
2899	5063	1
2899	18031	1
2899	18032	1
2899	18033	1
2899	6549	1
2899	8951	1
2899	14552	1
2900	10866	1
2901	2400	1
2901	10873	1
2901	2725	1
2902	11189	4
2902	11672	1
2902	11675	1
2904	11040	1
2904	18756	2
2904	22951	1
2904	25608	1
2904	6575	1
2904	10760	1
2904	822	1
2905	16484	2
2905	6737	2
2905	1866	1
2905	2926	1
2905	625	1
2905	10006	1
2905	16164	1
2905	4740	1
2907	22951	1
2907	6575	1
2907	17648	1
2907	822	1
2908	12704	1
2908	3659	1
2908	14635	1
2908	196	1
2908	3685	1
2908	5224	1
2908	3275	6
2908	2701	1
2908	3656	1
2908	12947	1
2908	660	1
2908	7131	1
2909	20877	1
2909	8594	2
2910	1210	1
2910	4683	1
2911	3097	1
2911	6330	1
2911	4485	1
2912	1394	1
2912	2437	1
2912	2094	1
2913	832	1
2914	12422	1
2914	14556	1
2914	5085	1
2915	2640	1
2915	3785	1
2915	3275	1
2915	62	1
2917	5446	1
2918	1920	1
2918	3048	1
2919	1394	1
2919	834	1
2920	75	1
2920	16045	1
2920	20086	1
2920	21663	1
2921	443	1
2921	5615	2
2923	833	1
2923	14574	1
2923	9430	1
2923	2233	1
2927	11648	1
2927	2177	1
2927	2326	1
2927	2193	1
2927	6094	1
2927	8145	1
2927	8689	1
2927	3669	1
2928	73	1
2928	2156	1
2928	2135	1
2929	4385	1
2929	6094	1
2929	3224	1
2929	5628	1
2930	64	1
2930	841	1
2930	322	1
2931	554	1
2931	3335	1
2931	3807	1
2932	5628	1
2933	1538	1
2933	10171	1
2933	6188	1
2933	733	2
2933	906	1
2934	2651	2
2934	6807	1
2935	9617	1
2935	16557	1
2937	13528	1
2937	16557	1
2940	15397	1
2940	23368	1
2940	15374	1
2940	12241	2
2940	9624	7
2941	9617	2
2941	16584	1
2941	13489	1
2941	16542	1
2941	15382	1
2941	13528	1
2941	10939	1
2941	21606	1
2941	10942	1
2941	16863	1
2942	3329	3
2942	9989	4
2942	20491	1
2942	8470	1
2942	8475	1
2942	2977	2
2942	2980	2
2942	16807	1
2942	9644	1
2942	822	6
2942	19273	1
2942	22596	1
2942	20680	1
2942	3404	1
2942	7119	1
2942	1126	3
2942	21225	1
2942	20734	1
2942	11135	2
2943	10912	1
2943	10897	1
2943	10909	1
2943	10902	1
2943	10911	1
2944	5211	1
2944	7119	1
2945	2416	1
2945	9731	1
2945	413	1
2946	12208	1
2946	27524	1
2947	16640	1
2947	12228	1
2947	14985	1
2947	12260	1
2947	12213	1
2947	12777	1
2947	15353	2
2947	6394	1
2948	12195	2
2948	11119	1
2948	1822	1
2948	16566	2
2948	15353	1
2948	9694	1
2949	21606	1
2949	12112	1
2949	9558	1
2950	9561	1
2950	15378	2
2951	1026	2
2951	16323	1
2951	6978	1
2953	9641	1
2953	9644	2
2953	13490	1
2953	9664	5
2953	12244	1
2953	11088	1
2953	13549	4
2953	11119	2
2954	10939	1
2954	16557	1
2954	12213	1
2955	14984	1
2955	12782	1
2956	9656	1
2956	12258	1
2956	13514	1
2957	11089	1
2957	12237	1
2957	13549	1
2958	9569	2
2958	9638	1
2959	16640	1
2959	15372	4
2959	9592	1
2959	9688	1
2959	10943	1
2960	17923	1
2960	6598	1
2960	78	1
2960	4915	1
2960	8952	1
2961	11108	1
2961	9638	3
2961	11119	1
2961	23351	1
2961	20063	1
2962	8736	2
2962	8737	1
2962	9700	1
2962	4937	1
2962	4938	1
2962	17933	2
2962	18301	1
2962	15443	2
2962	17628	1
2962	12237	1
2962	4920	1
2962	17626	1
2962	4924	1
2962	8733	1
2962	8734	1
2962	8735	1
2963	9547	1
2963	9549	1
2964	9859	2
2964	27166	1
2965	201	1
2965	7767	2
2965	2297	1
2966	2386	1
2966	2421	1
2967	12034	1
2967	12680	1
2967	10506	1
2967	12564	1
2967	18082	1
2967	1955	1
2967	6182	1
2967	5034	1
2967	3767	1
2967	9144	1
2967	8381	1
2967	1348	1
2967	15587	3
2967	1498	1
2967	1502	1
2967	1503	1
2967	483	1
2967	1893	1
2967	3062	1
2967	4986	1
2967	1578	1
2967	20991	1
2968	3474	1
2968	15263	1
2970	1920	2
2970	107	3
2970	11181	1
2970	78	1
2970	1709	1
2970	13454	1
2970	3513	2
2970	15834	1
2970	11194	1
2970	3486	2
2970	2133	1
2971	13829	1
2971	5366	1
2973	4565	1
2973	2646	1
2974	6003	1
2974	78	2
2974	8239	1
2974	4924	3
2976	4485	1
2976	9110	1
2977	2	1
2977	750	1
2977	487	1
2978	3566	1
2979	2048	1
2979	5006	1
2979	1554	1
2979	730	1
2979	4059	1
2980	6545	1
2981	4211	1
2981	5375	1
2983	4355	1
2983	2726	1
2984	8768	1
2984	11908	1
2984	12322	1
2984	5660	1
2984	1418	1
2985	322	3
2986	11908	1
2986	2535	1
2986	8	1
2986	1641	1
2986	2252	1
2986	13742	1
2986	179	1
2986	1205	1
2986	1210	1
2986	11390	1
2987	578	1
2987	579	1
2987	4244	1
2987	572	1
2987	573	1
2987	574	1
2988	8353	1
2988	2788	1
2988	1774	1
2988	1287	1
2989	8	1
2989	145	1
2989	503	1
2992	201	1
2992	3691	1
2992	662	1
2993	11267	1
2993	1381	1
2993	25582	1
2993	14674	1
2993	7032	1
2993	7033	1
2993	7034	1
2994	5297	1
2994	834	2
2995	553	1
2995	5634	1
2998	3749	1
2998	18858	1
2998	824	1
2998	1203	1
2998	2900	1
2998	952	3
2998	13790	1
2999	2251	1
2999	61	1
3001	741	1
3001	4486	1
3001	908	1
3001	742	1
3001	52	1
3001	902	1
3001	2583	1
3001	1306	1
3002	6612	1
3002	615	1
3003	107	1
3003	4237	1
3003	2040	1
3003	7003	2
3004	1026	2
3004	553	1
3004	598	1
3005	6569	2
3005	13845	1
3006	1920	2
3006	834	1
3006	8646	1
3006	11560	1
3006	557	1
3006	591	2
3006	849	1
3006	12125	1
3006	6750	1
3007	14706	1
3007	5701	1
3007	7030	1
3010	2377	1
3010	20244	1
3010	12021	1
3010	3224	1
3010	2457	1
3012	2737	2
3012	419	1
3012	10615	2
3014	4586	1
3015	7355	1
3016	24484	1
3016	11142	1
3016	14607	1
3016	5297	1
3016	9566	1
3016	2234	1
3016	12188	1
3016	2206	1
3017	3376	1
3017	62	2
3018	8650	1
3018	9014	1
3018	7663	1
3019	3659	1
3019	14700	1
3019	158	1
3019	2710	1
3019	6231	1
3020	5153	1
3020	1410	1
3020	5548	1
3020	61	1
3024	1317	1
3024	9912	1
3024	2577	1
3024	2643	2
3024	1300	1
3024	728	1
3024	731	1
3025	19905	1
3025	6555	1
3025	26012	1
3027	5153	1
3027	1316	1
3029	480	1
3029	59	1
3029	7629	1
3031	4934	1
3031	17933	1
3031	4913	1
3032	2633	1
3032	73	2
3032	10923	1
3032	15849	1
3032	1566	1
3033	706	1
3033	1956	1
3034	7163	1
3036	553	2
3036	1026	1
3037	1604	2
3037	5492	1
3037	3486	1
3037	16668	2
3038	774	1
3038	1287	1
3039	7364	1
3040	21419	1
3040	12671	1
3043	1330	1
3043	3069	1
3044	1780	1
3044	733	1
3045	5486	3
3045	14838	2
3045	12927	1
3046	613	1
3046	1286	1
3046	487	1
3046	6923	1
3046	4045	1
3046	11861	1
3046	20984	1
3046	1511	1
3046	1309	1
3047	27106	1
3047	3078	1
3048	2625	4
3048	451	1
3048	71	2
3048	40	1
3048	76	1
3048	17968	1
3048	1521	1
3049	5194	1
3049	1299	1
3053	2979	1
3053	9988	1
3053	17115	1
3053	553	1
3053	16807	1
3053	15513	1
3053	7163	5
3055	1920	2
3055	1286	1
3059	10521	1
3059	2094	1
3059	2095	1
3064	7683	1
3064	9004	3
3064	7666	4
3065	15060	1
3065	10013	1
3065	15049	1
3066	13410	1
3066	13411	1
3066	13412	1
3066	13414	1
3066	13417	1
3066	2989	2
3068	5664	1
3068	2675	1
3068	3217	1
3068	2415	1
3068	4401	1
3068	6014	2
3068	7253	1
3068	6046	1
3068	4351	1
3071	1345	1
3071	196	1
3071	1292	1
3071	78	2
3071	5169	1
3071	1429	1
3071	8726	1
3071	8151	1
3071	92	1
3071	1949	1
3071	2398	1
3074	11400	1
3074	4557	1
3074	1326	2
3074	751	1
3074	4483	1
3074	13460	1
3074	1307	1
3075	4385	1
3075	2998	4
3079	5195	1
3079	1589	1
3083	4358	1
3083	4233	1
3083	5660	1
3083	6046	1
3083	11572	1
3083	62	3
3083	11457	1
3083	2255	1
3083	10345	2
3083	106	1
3083	2411	1
3083	5993	1
3083	11645	1
3084	640	1
3084	9797	1
3084	10407	1
3084	10421	1
3084	61	2
3092	3216	1
3092	2269	1
3092	63	1
3093	1743	1
3098	3656	1
3098	8696	1
3098	6427	1
3099	2958	1
3099	808	1
3101	1667	1
3101	1668	1
3101	1669	2
3101	1670	1
3101	1671	1
3101	1673	1
3101	1655	1
3101	1662	1
3103	10528	1
3103	17839	1
3103	849	2
3106	3065	1
3106	146	1
3106	147	1
3106	5709	1
3109	7522	1
3109	6245	1
3110	5433	1
3110	5426	1
3110	16481	1
3112	4328	1
3112	1422	1
3112	4304	1
3112	2641	1
3112	3346	1
3113	196	1
3113	4358	1
3113	201	1
3113	434	1
3113	2488	1
3114	101	1
3114	2292	1
3114	3224	1
3114	5851	8
3114	3230	1
3114	2725	2
3115	7776	1
3117	11984	1
3117	11985	1
3117	11993	1
3117	2719	1
3118	10385	1
3118	10388	1
3118	8567	1
3119	2131	1
3119	483	1
3119	10774	1
3119	26199	1
3120	12555	3
3120	12828	1
3122	2040	1
3123	834	2
3123	8	2
3123	10619	1
3123	7007	1
3124	12850	1
3124	731	1
3124	3764	1
3124	13389	1
3125	4296	1
3125	443	1
3125	6589	1
3125	4926	1
3126	197	1
3126	5967	1
3127	864	1
3127	4045	1
3127	80	1
3127	1909	2
3127	476	1
3128	774	1
3128	95	2
3129	480	1
3129	734	1
3130	1920	2
3130	13154	4
3130	9859	1
3130	10536	1
3130	107	1
3130	1519	1
3130	59	1
3130	12532	1
3130	5049	1
3130	1500	1
3131	2561	1
3131	2562	1
3131	678	2
3131	872	1
3131	1581	1
3131	3598	1
3131	5122	1
3131	1425	1
3131	2638	1
3131	727	1
3131	91	1
3131	9084	1
3131	9149	1
3132	32	1
3132	3074	1
3132	1925	1
3132	1254	1
3132	3079	1
3132	460	1
3132	1360	1
3133	2693	1
3133	5222	1
3136	2392	1
3136	3135	1
3136	2295	1
3137	14516	1
3137	2550	1
3137	5038	1
3137	15887	1
3139	17856	1
3140	9315	1
3140	11190	1
3142	1032	1
3142	591	1
3142	118	1
3143	6929	1
3143	2790	1
3143	591	1
3144	1867	1
3144	650	1
3147	5043	1
3147	5013	1
3149	4390	1
3149	8905	2
3149	7253	1
3149	2697	1
3153	2576	1
3153	2	1
3153	5548	1
3153	2014	1
3155	5272	1
3155	7241	1
3155	2295	1
3157	859	1
3157	62	3
3158	8843	1
3158	9789	1
3158	6989	1
3159	227	2
3159	18970	1
3161	2233	1
3161	11138	1
3161	11286	2
3161	7438	1
3164	2929	2
3164	24646	1
3164	3135	1
3165	18342	1
3165	2736	2
3165	147	1
3165	7030	1
3165	5629	1
3166	3103	1
3166	1309	1
3166	1535	1
3167	388	1
3167	4586	1
3167	5851	1
3167	4524	1
3167	2725	1
3168	5392	1
3168	3749	1
3169	8	1
3169	4203	1
3169	1644	1
3169	11997	1
3169	189	1
3169	7007	1
3170	16644	1
3170	3229	3
3175	730	1
3175	1955	1
3175	1453	1
3175	902	1
3177	3307	1
3177	2756	1
3177	1886	1
3179	3675	1
3179	5979	1
3179	388	1
3179	14701	3
3179	5407	1
3180	5443	1
3180	6059	1
3180	10345	1
3180	203	1
3180	493	2
3180	13742	1
3180	2453	1
3180	8899	1
3180	8858	1
3180	5660	1
3181	8480	1
3181	1026	1
3181	2539	1
3181	3759	1
3181	9204	1
3181	61	1
3181	862	1
3182	25957	1
3182	11973	1
3183	7721	1
3183	8186	1
3184	17538	1
3184	5132	1
3184	5815	1
3184	2040	1
3184	6297	1
3185	1371	1
3185	197	1
3185	3790	1
3185	1631	1
3188	5277	1
3189	3224	2
3189	136	1
3189	62	2
3189	591	2
3191	3355	1
3191	3225	1
3191	8275	1
3191	3654	1
3192	440	1
3195	7241	1
3195	8905	1
3199	1296	1
3199	760	1
3199	6467	1
3200	22852	1
3200	2292	1
3200	6268	1
3200	2646	1
3204	422	1
3204	12755	1
3204	185	1
3205	2282	1
3205	14635	1
3205	6966	2
3205	12700	1
3206	3089	1
3206	107	1
3206	10479	1
3208	3764	1
3208	446	1
3210	64	1
3210	2119	1
3210	3275	1
3210	2999	1
3210	664	1
3210	2719	1
3210	63	1
3211	4485	1
3211	53	1
3212	3384	1
3212	4223	1
3213	3066	1
3213	8799	1
3217	8152	1
3217	5707	1
3217	2719	1
3219	3900	1
3219	2030	1
3219	19286	1
3223	104	1
3223	5946	1
3224	11274	1
3225	5285	1
3225	2675	2
3225	406	1
3225	2461	1
3225	8147	1
3227	4969	1
3228	2517	1
3228	13430	1
3229	15080	1
3230	864	1
3230	61	2
3231	1920	1
3231	72	2
3231	1490	1
3231	6643	1
3232	53	1
3233	3689	1
3234	4328	1
3234	5329	1
3234	11572	1
3235	555	1
3235	2198	1
3236	2338	1
3236	3382	1
3237	11588	3
3237	5131	1
3237	11274	2
3238	13920	1
3238	3106	1
3238	5413	1
3238	3356	1
3238	2461	1
3238	4383	1
3239	9309	1
3239	741	1
3240	298	1
3240	5701	1
3242	8	1
3242	798	1
3242	3319	1
3243	16329	1
3243	62	1
3244	3167	1
3245	13279	1
3246	420	1
3246	5927	1
3247	5334	1
3247	11997	1
3247	2463	1
3248	3279	1
3248	2333	2
3249	7776	1
3249	15494	1
3249	10376	1
3249	19215	1
3249	10680	1
3250	17113	1
3250	853	1
3250	854	1
3250	2037	1
3252	6046	1
3253	14224	1
3253	8198	1
3253	6054	1
3253	14666	3
3253	5776	1
3253	5793	1
3253	4223	1
3256	2091	5
3258	3840	1
3258	1512	1
3258	71	1
3258	12561	1
3258	10967	1
3258	15610	1
3258	60	1
3260	707	1
3260	73	1
3260	1290	1
3260	2548	1
3260	4059	1
3260	31	1
3261	2298	1
3261	5317	1
3261	422	1
3262	1457	1
3262	5255	1
3263	616	1
3263	1917	1
3266	3590	4
3266	3480	3
3266	2841	1
3266	3483	1
3266	5510	2
3266	9522	1
3266	11195	1
3266	5472	1
3266	22754	1
3266	5478	3
3266	10216	1
3266	5486	2
3266	15865	2
3266	10237	4
3268	10012	1
3268	3703	1
3268	20973	1
3268	5457	2
3268	3699	1
3269	622	3
3269	1711	1
3269	5530	1
3269	6651	1
3270	3505	2
3270	1650	1
3270	21290	1
3270	3573	2
3271	17958	2
3271	1500	1
3271	2143	1
3271	15918	4
3271	1808	1
3271	3473	2
3271	1519	2
3271	26199	1
3271	5471	2
3271	3548	2
3271	3838	1
3272	20953	1
3272	1316	1
3272	701	1
3273	1856	1
3273	5476	3
3273	13207	1
3274	9354	1
3274	1939	1
3274	9556	1
3275	3478	1
3276	3460	1
3278	26303	1
3279	480	1
3279	4	2
3281	19344	1
3281	3553	2
3281	5490	1
3283	3480	1
3283	8416	1
3284	5458	1
3284	1676	1
3284	1679	1
3285	10208	3
3285	26303	1
3286	1856	1
3286	5479	1
3287	5475	1
3287	39	1
3287	2140	1
3287	1322	1
3287	71	1
3287	12909	1
3287	4946	2
3287	56	1
3287	60	1
3288	24627	3
3288	4740	1
3289	2848	1
3289	1026	2
3289	18858	1
3289	814	1
3289	10479	1
3289	816	2
3289	9787	1
3289	5310	1
3290	3861	1
3290	461	1
3291	6816	2
3291	2789	2
3291	6822	1
3291	3403	2
3291	1458	1
3291	613	1
3291	80	2
3291	3442	3
3291	4340	1
3291	6777	1
3291	1498	1
3292	5234	1
3292	16348	1
3293	2748	1
3293	6930	1
3293	5998	1
3293	13756	1
3294	24627	1
3294	10532	1
3295	729	1
3296	1360	1
3296	1320	1
3296	904	1
3296	13982	1
3297	2553	1
3297	1502	1
3297	39	1
3298	400	1
3298	5328	1
3298	4387	1
3298	388	5
3298	5221	1
3298	5806	1
3298	2703	1
3298	2736	3
3298	5816	1
3298	1636	1
3298	8251	2
3298	2398	4
3299	3384	3
3299	16185	1
3299	496	1
3299	6975	1
3301	906	2
3301	1614	1
3301	3773	1
3302	15500	1
3303	15587	1
3303	7622	1
3303	6198	2
3304	1906	1
3304	3	1
3304	691	1
3305	9354	2
3305	9358	1
3305	8814	1
3306	10013	1
3306	10918	1
3308	5393	1
3309	9418	2
3309	8588	2
3309	17610	1
3310	7722	1
3311	18376	1
3311	5776	1
3311	3635	1
3311	10616	1
3314	8732	1
3315	7502	1
3316	5993	1
3316	413	1
3316	2461	1
3317	423	1
3318	3097	1
3318	6125	1
3319	3097	1
3319	2638	1
3320	7289	1
3320	6930	1
3322	13249	1
3322	2587	1
3322	2591	1
3324	430	1
3325	2848	3
3325	1977	3
3325	6989	1
3325	1974	4
3327	864	1
3327	2060	1
3327	687	1
3328	8275	1
3331	824	1
3331	565	1
3333	4672	1
3333	4668	1
3333	10	1
3333	4628	1
3333	1135	1
3333	16	1
3333	18289	1
3333	9	1
3333	1049	1
3333	26	1
3333	859	1
3333	4732	1
3333	861	1
3333	990	1
3335	1896	1
3335	60	1
3337	15049	1
3337	16018	1
3337	11206	1
3337	16766	1
3338	20528	2
3338	9532	1
3340	5728	1
3340	19725	1
3340	6163	1
3340	61	1
3342	1860	1
3342	5486	1
3344	4581	2
3344	14887	3
3344	4368	1
3344	2677	1
3344	8311	1
3344	3161	1
3346	4096	2
3346	7371	2
3349	841	1
3349	3454	1
3350	1270	1
3350	774	1
3351	65	2
3351	202	1
3354	197	1
3354	181	1
3354	16014	1
3356	878	1
3356	10942	1
3358	4130	1
3358	4132	1
3358	4133	1
3358	4134	1
3358	4136	1
3358	4139	1
3358	4142	1
3358	3998	1
3359	10654	1
3359	23183	1
3367	1696	1
3367	3874	1
3367	1684	2
3367	3873	1
3372	1026	1
3372	6989	1
3373	3412	1
3373	3414	1
3373	3063	1
3373	3419	2
3373	3420	1
3373	3421	2
3373	3422	2
3376	2784	1
3376	2561	1
3376	9959	1
3376	4333	1
3376	23600	1
3376	4340	1
3376	59	1
3376	60	1
3376	2782	1
3377	448	3
3377	6816	1
3377	482	1
3377	10171	1
3377	2550	1
3378	4544	6
3378	11843	1
3379	277	3
3379	1375	2
3380	996	1
3380	555	1
3380	559	1
3380	560	1
3380	2107	1
3380	2109	1
3380	2110	1
3382	196	1
3382	2416	1
3382	16926	1
3382	4223	1
3383	20242	1
3384	7027	1
3385	3201	1
3385	258	1
3385	1379	1
3385	3048	1
3385	22251	1
3385	257	1
3385	118	1
3385	285	1
3387	388	1
3387	8958	1
3389	12948	1
3390	8	1
3390	8656	2
3390	147	1
3390	62	2
3391	5740	1
3392	2692	1
3392	2758	1
3392	5639	1
3392	23729	1
3392	5652	1
3392	5271	1
3395	8779	1
3395	12124	1
3395	2231	1
3396	98	1
3396	203	2
3396	388	1
3396	202	1
3396	1394	1
3396	8117	1
3396	2750	1
3398	5958	1
3398	8134	1
3398	496	1
3398	4369	1
3398	7289	2
3399	498	2
3400	4937	1
3400	15443	2
3400	16539	2
3400	25471	1
3401	288	1
3401	2262	1
3403	1994	1
3403	6686	1
3403	6687	1
3404	6240	1
3404	1634	1
3404	388	1
3404	13241	1
3404	2192	1
3404	5848	1
3404	3510	1
3404	2345	1
3404	664	1
3404	6234	1
3404	413	1
3404	414	1
3407	1296	1
3407	735	1
3408	591	1
3409	2843	1
3409	4460	1
3410	17024	1
3410	1893	1
3410	8905	2
3410	782	2
3410	1808	1
3411	1512	1
3411	2881	1
3411	2082	1
3412	22976	1
3412	18858	1
3412	113	2
3412	5623	1
3412	7163	1
3412	9980	2
3413	906	1
3413	868	1
3413	1317	1
3415	2251	1
3415	2646	1
3417	487	1
3417	4485	1
3417	2983	1
3418	10366	1
3418	23742	1
3418	591	1
3420	3089	2
3420	822	1
3420	1983	1
3423	1158	1
3423	10001	1
3423	1133	1
3423	4625	1
3423	4628	1
3423	4662	1
3423	23	1
3423	1007	3
3423	4700	1
3425	1384	1
3425	5411	1
3425	5958	1
3425	423	1
3425	27368	1
3425	14700	1
3425	2415	1
3425	11321	1
3425	5690	1
3425	2331	1
3426	5793	1
3426	6063	1
3427	2848	1
3427	22958	1
3427	22959	1
3427	22961	1
3427	15700	1
3427	22231	1
3428	2975	1
3428	196	1
3428	62	1
3428	591	1
3429	11524	1
3431	724	1
3431	2965	1
3431	2967	1
3431	2968	1
3431	2969	1
3433	202	1
3433	5338	2
3433	3229	1
3434	19362	8
3437	1971	1
3437	3861	1
3437	9943	1
3437	92	1
3437	1503	1
3438	2040	1
3438	3275	1
3438	2302	1
3443	608	1
3443	2530	1
3443	844	1
3443	26	1
3443	27	3
3443	1212	1
3444	8980	1
3444	17503	1
3445	23729	1
3445	1383	1
3445	7588	1
3445	7070	2
3446	6023	1
3446	1385	1
3446	8778	1
3446	10861	1
3446	11190	1
3446	15742	1
3447	709	1
3448	1893	1
3448	1343	1
3449	1537	1
3449	9387	1
3449	1272	1
3449	59	1
3449	3452	1
3450	897	1
3450	13443	1
3450	8358	1
3450	487	2
3450	4970	1
3450	10767	1
3450	3645	1
3450	446	1
3451	617	4
3451	6274	1
3452	25904	1
3452	5169	1
3453	2122	1
3453	11376	1
3453	4977	3
3453	21468	1
3453	1533	1
3454	1672	1
3454	1663	1
3454	1983	2
3455	6850	1
3455	18438	2
3455	5254	1
3455	727	1
3455	13257	1
3455	3867	1
3456	3659	1
3456	1635	1
3456	2283	2
3456	3218	1
3456	111	1
3456	6226	1
3456	4373	1
3456	4410	1
3456	8797	1
3457	1361	1
3457	3612	1
3458	484	1
3458	2055	2
3458	72	2
3458	713	2
3458	77	1
3458	3853	1
3458	1960	1
3458	5171	2
3458	18004	1
3458	1430	1
3458	1946	1
3459	10912	1
3459	13377	1
3459	3495	1
3459	27106	1
3459	10897	1
3459	10909	1
3459	10911	1
3460	2513	1
3460	615	1
3461	730	1
3461	39	1
3462	687	1
3463	9110	1
3463	70	1
3463	2568	1
3463	1366	1
3463	727	1
3464	1611	3
3464	8357	1
3464	1890	1
3464	3443	1
3464	7637	1
3464	1910	1
3464	17626	1
3464	61	2
3465	4059	1
3465	60	2
3465	3078	2
3466	2055	1
3466	9157	1
3466	1287	1
3467	3759	1
3467	1425	1
3467	7283	1
3467	53	1
3467	751	1
3467	11836	1
3468	1547	1
3468	9228	1
3468	2527	1
3469	727	1
3469	14334	1
3470	18273	1
3470	10084	1
3470	15031	1
3472	4482	1
3472	772	1
3472	4485	1
3472	1431	1
3473	5168	2
3473	82	2
3474	4076	1
3475	1744	2
3475	978	1
3476	9906	1
3476	23651	1
3477	1601	1
3477	5250	1
3477	9354	1
3477	4988	1
3477	12030	1
3478	1586	1
3479	5192	1
3479	683	1
3479	10348	1
3479	717	2
3479	3139	1
3479	2069	1
3479	5239	1
3479	1592	1
3480	1539	1
3480	13462	1
3480	1279	3
3481	2848	2
3481	61	1
3481	702	1
3483	2539	1
3483	2518	1
3484	1548	1
3484	4973	1
3485	2035	1
3485	1302	1
3485	2022	1
3486	3073	1
3486	1355	1
3486	17678	1
3488	2955	1
3488	22275	2
3488	22807	1
3488	21370	1
3488	11450	1
3489	2981	1
3489	10118	1
3489	13929	1
3489	20491	1
3490	2785	1
3490	2146	1
3490	1893	1
3490	2625	2
3490	4999	1
3490	5170	1
3490	3442	6
3490	3612	2
3491	1509	1
3491	1543	1
3492	5104	1
3492	4541	1
3492	9479	1
3493	1614	1
3495	1536	1
3495	9136	1
3495	10538	1
3495	491	1
3495	2156	1
3496	448	1
3496	1947	1
3496	6913	1
3499	4592	1
3499	2353	1
3499	1398	1
3500	3452	1
3501	27343	1
3502	481	1
3502	492	1
3502	5167	1
3502	468	1
3502	1431	1
3502	1279	3
3503	1448	1
3503	58	1
3503	21014	1
3504	13249	1
3504	59	1
3504	86	1
3504	6750	1
3505	897	1
3505	6467	1
3505	13345	1
3505	685	1
3505	1500	1
3505	2014	1
3506	21472	1
3506	10481	1
3506	2788	1
3506	617	1
3507	6113	1
3507	7627	1
3508	11813	2
3509	7593	1
3509	3055	1
3509	52	4
3509	3101	1
3509	1909	1
3510	3448	1
3510	713	1
3510	60	1
3510	5118	1
3511	8338	1
3513	7641	1
3513	17847	1
3514	7044	1
3514	7094	1
3515	11267	1
3515	2180	1
3515	146	1
3515	147	1
3515	10680	1
3515	5316	1
3515	9722	1
3517	2022	1
3518	8	1
3518	2297	1
3519	6952	1
3519	12138	1
3519	555	1
3519	12142	1
3519	12145	1
3520	311	1
3521	9787	1
3523	2706	1
3523	11030	1
3523	19894	1
3524	2641	2
3524	1493	2
3524	13549	1
3526	464	1
3526	449	1
3526	2508	1
3528	9381	1
3528	74	1
3528	15884	1
3528	77	1
3528	80	1
3528	18289	1
3530	15074	1
3530	11187	1
3530	1726	1
3532	16	1
3532	4609	1
3532	13792	1
3533	1482	1
3533	2772	1
3535	22737	1
3535	2154	1
3535	10035	1
3536	1650	1
3536	10230	1
3537	15304	1
3537	16019	2
3540	24447	1
3541	608	1
3541	803	1
3541	6692	1
3541	16488	1
3541	9	2
3541	651	6
3541	23985	1
3541	22	1
3541	15675	1
3541	1119	1
3542	113	1
3542	10938	1
3542	2841	1
3543	6816	1
3543	2626	1
3543	1959	1
3543	3821	1
3543	1490	1
3543	83	1
3543	3861	2
3543	3062	2
3543	20696	1
3544	6691	1
3546	1974	3
3546	15438	1
3547	3706	1
3547	6989	1
3548	2099	1
3548	23723	1
3550	3146	3
3550	242	1
3551	10651	1
3551	4110	1
3553	1822	2
3555	11210	1
3555	15271	1
3557	3104	1
3557	3267	1
3557	487	1
3557	1773	1
3557	1330	1
3557	734	1
3559	6745	1
3559	2178	1
3559	3123	2
3560	13920	1
3560	2506	1
3560	3335	1
3560	2759	2
3561	105	1
3561	8431	1
3562	2392	1
3562	2091	2
3566	2736	1
3566	4428	1
3566	1378	1
3566	3789	1
3568	107	1
3568	812	2
3568	14278	1
3568	15271	1
3570	8905	1
3570	16528	1
3571	4801	1
3571	2150	1
3571	2535	1
3571	3624	1
3571	967	1
3571	1229	1
3571	1007	1
3571	18	1
3571	3325	3
3574	2503	1
3574	2455	1
3575	3041	1
3575	7018	1
3575	9707	1
3576	3123	2
3576	149	1
3576	4570	2
3578	4700	1
3578	111	1
3579	14678	1
3582	388	3
3582	2565	1
3582	2998	1
3582	25178	1
3585	3536	1
3585	16215	1
3585	13207	1
3586	1769	1
3586	1647	1
3588	2553	1
3588	1772	1
3588	6651	1
3589	2985	1
3589	1786	1
3589	20613	1
3589	20914	1
3590	3512	1
3592	1707	1
3592	1727	1
3594	11084	2
3594	5389	1
3594	1808	1
3594	829	1
3596	1292	1
3596	1437	1
3597	1679	1
3598	3524	1
3601	20953	1
3601	5501	2
3601	15849	1
3602	3201	1
3603	3107	1
3603	2699	2
3603	5285	1
3603	2694	1
3603	2251	3
3603	19215	1
3603	725	1
3609	2301	1
3609	62	1
3610	2754	1
3610	1320	2
3610	16809	1
3610	10187	1
3610	2392	1
3610	10684	1
3610	61	1
3613	17814	1
3617	10939	1
3617	3486	1
3618	14036	1
3620	11356	1
3620	15399	1
3621	824	1
3621	1234	2
3621	4628	1
3623	6462	1
3626	16853	1
3627	1953	2
3627	482	1
3627	3	3
3627	6116	1
3627	1317	2
3627	5006	1
3627	11122	1
3627	2517	1
3628	5615	3
3630	10244	1
3630	16364	1
3630	1727	4
3635	20696	1
3635	61	1
3635	4958	1
3637	1481	1
3637	2895	1
3640	4125	1
3640	6446	1
3642	3703	1
3642	16031	1
3644	7319	1
3644	13175	1
3645	9752	2
3645	10914	1
3645	107	2
3645	10900	1
3645	1727	1
3646	6532	1
3646	6439	1
3647	3992	1
3647	3915	1
3647	3979	1
3648	591	2
3648	15775	1
3648	19342	1
3649	1498	1
3649	1956	1
3649	8378	1
3649	19342	1
3650	3702	8
3650	3703	7
3654	20050	1
3654	834	1
3655	9347	1
3655	16391	1
3655	3703	1
3655	18937	1
3657	25250	1
3657	2863	1
3657	15938	1
3657	3495	1
3658	2739	2
3658	6484	1
3660	4474	1
3661	1410	1
3663	11985	1
3663	11971	1
3664	9512	1
3664	5155	1
3665	824	4
3665	2986	6
3665	918	1
3666	5059	2
3666	12425	1
3666	19895	1
3666	5074	1
3666	6579	1
3668	485	1
3668	6888	1
3668	1897	1
3668	490	1
3668	10539	1
3668	1327	3
3668	9232	1
3668	2136	1
3668	2520	1
3668	59	2
3668	6205	1
3668	9925	1
3669	1304	1
3669	1779	1
3669	60	1
3669	53	1
3669	902	1
3670	18173	1
3670	5423	2
3670	21215	1
3672	1480	1
3673	27633	1
3674	20215	1
3674	822	1
3675	235	1
3680	4100	1
3680	11277	1
3681	2048	1
3681	1377	1
3681	13734	1
3681	4297	1
3681	4429	1
3681	591	1
3681	2770	1
3682	11569	1
3682	6559	1
3683	6544	2
3683	18025	6
3683	10467	1
3686	824	1
3686	4741	1
3686	2150	1
3686	26207	1
3688	165	1
3688	392	1
3688	2318	1
3688	11997	1
3688	3346	1
3688	8182	1
3688	5277	1
3689	6936	1
3689	17429	1
3690	1676	1
3691	4344	1
3691	1893	1
3691	703	1
3693	1457	1
3693	12917	1
3695	901	1
3695	902	1
3695	39	1
3695	1322	3
3695	619	1
3695	13461	1
3695	1337	1
3695	4062	1
3696	2057	1
3696	739	1
3696	52	1
3699	8889	1
3699	1901	1
3699	61	2
3700	761	1
3700	6188	1
3700	1622	1
3701	4976	1
3701	2542	1
3701	1974	1
3702	7592	1
3702	4343	1
3703	4664	1
3703	4651	1
3703	650	1
3703	15675	1
3704	16352	1
3704	769	1
3704	476	1
3704	15953	2
3704	2527	1
3705	1588	1
3705	19358	1
3705	5974	1
3706	704	1
3706	41	1
3706	1498	1
3707	3442	1
3707	4086	1
3709	9172	1
3709	61	1
3712	56	1
3712	4973	1
3714	9857	1
3714	10504	2
3714	2517	1
3715	2986	1
3716	17	1
3716	21978	1
3716	503	1
3718	3770	2
3718	2645	1
3719	803	2
3722	3495	1
3722	10216	1
3722	15242	1
3722	2841	1
3722	5467	1
3724	5640	1
3724	388	2
3729	913	1
3729	16218	1
3732	5328	1
3732	1398	1
3732	3743	1
3733	1026	1
3733	107	2
3734	2986	1
3734	2517	1
3734	1026	1
3734	61	1
3734	1959	1
3735	2139	1
3735	615	1
3736	2016	1
3736	1893	1
3736	3078	1
3736	73	1
3736	2251	1
3736	1549	1
3736	2790	1
3736	1554	1
3736	3257	1
3789	4076	1
3789	2135	1
3789	5017	1
3789	5013	1
3789	3097	1
3815	4340	1
3815	53	1
3816	8448	1
3816	549	1
3816	550	1
3816	12423	1
3816	5064	1
3816	5063	2
3816	18031	1
3816	11031	1
3816	18033	1
3816	11026	1
3816	14548	1
3816	11029	1
3816	10359	1
3816	18041	1
3816	11030	1
3816	14555	1
3816	14556	1
3816	11028	1
3817	9248	1
3817	2624	1
3817	4962	1
3817	1603	2
3817	3441	1
3817	5194	1
3817	19665	1
3817	2034	1
3817	2069	1
3817	9240	1
3817	19676	1
3818	2777	1
3818	1620	1
3819	1575	1
3819	1543	1
3820	2625	1
3820	26187	1
3820	107	1
3820	2125	1
3820	9105	1
3820	19061	1
3820	4541	1
3820	6750	2
3820	4543	1
3821	1322	1
3821	51	1
3821	691	1
3821	92	1
3821	2133	1
3822	3768	1
3823	2128	1
3823	708	1
3823	1566	1
3823	3398	1
3824	1896	1
3824	6632	1
3824	15080	1
3824	4551	1
3825	13156	1
3825	3182	2
3825	4019	2
3825	12635	1
3826	480	1
3826	3841	1
3826	15588	1
3826	865	1
3826	904	1
3826	4108	1
3826	1338	1
3826	11549	1
3827	1312	1
3827	2031	1
3827	1910	1
3827	1304	1
3827	6457	1
3827	5023	1
3828	6813	1
3828	6414	1
3829	443	1
3829	678	1
3829	616	1
3829	1453	2
3829	78	1
3830	3450	2
3830	2603	1
3830	4045	1
3831	14340	1
3831	1927	1
3831	3604	1
3831	1430	2
3831	5145	1
3831	1440	1
3831	14248	1
3831	10964	1
3831	62	1
3831	10962	1
3831	1492	1
3831	2145	2
3831	740	1
3831	107	1
3831	4985	1
3831	2170	1
3831	1275	1
3833	5156	1
3834	36	1
3834	8424	2
3834	3895	1
3834	1777	1
3834	1586	1
3834	4979	2
3834	12855	1
3834	61	2
3834	8383	1
3835	869	1
3835	5000	1
3835	1611	1
3835	1911	4
3835	472	1
3835	5	1
3836	39	1
3836	5034	2
3836	16722	1
3836	451	1
3836	2136	2
3836	714	1
3837	1312	1
3837	11235	1
3837	485	1
3837	871	1
3837	5098	2
3837	10219	1
3837	3407	8
3837	7601	3
3837	1458	3
3837	26997	1
3837	1590	1
3837	1909	1
3837	1317	1
3838	1248	1
3839	457	3
3839	5037	1
3839	10769	1
3839	1586	1
3839	5238	1
3839	2046	1
3840	13443	2
3840	107	1
3840	91	1
3840	61	1
3840	1343	1
3841	4967	1
3841	4971	1
3841	910	1
3841	5107	1
3841	6102	1
3841	1304	3
3841	59	1
3841	3069	1
3842	787	1
3842	476	1
3843	11788	1
3843	708	1
3843	13797	4
3845	1312	1
3846	11200	1
3846	25287	1
3846	1647	2
3847	2516	1
3847	5234	1
3848	897	1
3848	2	1
3848	487	1
3848	730	1
3849	736	1
3849	1313	1
3849	1316	2
3849	1893	1
3849	703	2
3849	487	1
3849	6219	1
3849	2508	1
3849	1549	1
3849	2542	1
3849	2781	1
3849	906	1
3849	1909	2
3849	727	2
3849	9243	1
3849	3453	2
3849	27343	1
3849	95	1
3850	1248	1
3850	1890	1
3850	1547	1
3850	3861	1
3850	726	1
3851	1440	1
3851	898	1
3851	5037	1
3851	14640	1
3851	469	1
3851	6111	1
3851	2046	1
3851	735	2
3852	11889	1
3852	13461	1
3854	2122	1
3854	7653	1
3855	865	1
3855	904	1
3855	12011	1
3855	9104	1
3855	1916	1
3855	61	1
3856	897	1
3856	1329	1
3856	1307	1
3856	59	1
3856	1313	1
3857	1907	1
3857	3439	2
3858	7319	1
3859	1906	1
3859	9091	1
3859	4965	1
3859	1279	1
3860	11520	3
3860	482	1
3860	6822	1
3860	11814	3
3860	1514	1
3860	13355	1
3860	16244	1
3860	10963	1
3861	2625	1
3861	2788	1
3861	39	1
3861	3081	1
3861	5203	3
3861	12380	1
3861	16703	1
3862	483	1
3862	6181	1
3862	9961	4
3862	717	1
3862	1549	1
3862	2159	1
3862	5141	1
3862	6875	1
3862	3260	1
3862	733	1
3862	2046	5
3862	6847	1
3865	1360	2
3866	3616	1
3867	1304	1
3867	12555	1
3867	868	1
3868	10547	1
3868	1622	2
3869	5001	1
3869	2364	1
3869	61	1
3870	480	1
3870	6116	2
3870	6270	1
3870	1566	2
3870	902	1
3871	25904	1
3871	2067	2
3871	1932	1
3872	2635	3
3872	1429	1
3872	1951	1
3873	1497	1
3873	1916	1
3875	483	1
3875	4982	1
3876	1676	1
3876	1427	1
3876	21014	1
3876	2841	1
3876	3099	1
3876	17956	1
3876	6822	1
3876	15913	1
3876	1710	1
3876	1457	1
3876	58	3
3876	9152	1
3876	9143	1
3876	2133	1
3876	92	1
3876	12004	1
3876	2022	2
3876	1777	1
3876	3830	1
3876	1277	2
3877	2146	1
3877	2603	1
3877	11750	1
3877	488	1
3877	458	1
3877	686	1
3877	6102	1
3877	1594	2
3877	2139	1
3877	4554	1
3877	1567	1
3878	8646	1
3878	6920	1
3878	2093	2
3878	2094	1
3878	2095	1
3878	11538	1
3878	2035	1
3878	11406	1
3878	10521	1
3879	1521	1
3879	114	1
3879	3838	1
3879	678	1
3880	1951	1
3880	1295	1
3881	2	1
3881	1268	1
3881	6438	1
3881	12561	1
3881	3857	1
3881	52	1
3881	9365	2
3881	1495	1
3881	692	1
3882	76	1
3882	1822	1
3883	1490	1
3883	2548	1
3883	1254	1
3884	2580	1
3884	5182	1
3885	1312	1
3885	61	2
3885	2159	1
3886	6920	1
3886	1606	1
3887	2234	1
3887	6948	1
3888	865	1
3888	2	2
3888	26890	1
3888	1949	2
3889	4256	1
3889	18465	1
3889	1986	1
3889	4246	1
3889	570	1
3890	15427	1
3890	9831	1
3890	9419	1
3890	8910	1
3890	8954	1
3891	2234	1
3891	6948	1
3891	6950	1
3892	5188	1
3892	5542	1
3892	19334	1
3892	3463	2
3892	107	2
3892	1456	1
3892	9522	1
3892	10515	1
3892	1109	1
3892	5497	1
3893	2234	1
3893	2235	1
3893	12138	1
3894	482	1
3894	1547	1
3894	36	1
3894	1458	1
3896	1247	1
3896	1430	1
3896	1559	1
3897	2169	1
3897	1923	2
3899	7722	1
3900	3088	1
3900	1627	1
3900	662	1
3901	201	1
3901	196	1
3902	23437	1
3902	2098	1
3902	2099	1
3903	5640	1
3904	4154	1
3904	6451	1
3904	4153	1
3904	4156	1
3904	3962	1
3906	7200	1
3906	196	1
3906	6053	1
3906	2743	1
3906	413	1
3907	2628	1
3907	2629	1
3907	4626	1
3907	4693	1
3907	4695	1
3907	4700	1
3907	2149	1
3909	4626	1
3909	2629	1
3909	4695	1
3910	9971	1
3910	14767	1
3910	1663	1
3911	1884	1
3911	8693	1
3913	17639	1
3913	2983	2
3913	78	2
3913	17618	1
3913	11390	1
3914	5000	1
3914	1295	1
3914	6043	1
3914	1564	1
3914	1822	6
3914	5793	1
3914	165	1
3914	4390	1
3914	167	1
3914	7221	1
3914	3895	1
3914	56	1
3914	5819	1
3914	62	2
3914	2367	2
3914	10825	1
3914	74	1
3914	10703	1
3914	2129	1
3914	8149	1
3914	5974	1
3914	111	1
3914	1777	1
3914	5822	1
3916	4656	1
3916	4720	1
3916	1747	1
3916	15548	2
3916	1109	1
3917	12098	1
3917	15096	1
3917	5546	1
3918	17121	1
3918	1867	1
3918	13839	1
3919	1744	1
3919	18169	1
3919	1730	1
3920	17954	1
3920	11219	1
3920	3545	2
3920	5567	2
3921	4720	1
3921	4781	1
3922	12422	1
3922	12423	1
3922	12433	1
3923	2824	1
3923	2826	1
3923	2829	1
3923	2830	2
3923	2832	1
3923	822	1
3923	3900	1
3923	1983	1
3925	21227	1
3925	11398	2
3925	650	2
3925	1422	1
3925	18	1
3925	916	1
3925	25	1
3925	12072	1
3925	4777	1
3925	4658	1
3925	824	2
3925	15546	1
3925	1212	1
3925	4798	1
3925	4800	1
3925	13792	1
3925	1732	1
3925	4304	1
3925	1747	1
3925	859	1
3925	861	1
3925	990	1
3925	991	1
3925	992	1
3925	14459	1
3925	2150	1
3925	4668	1
3925	2535	1
3925	4720	1
3925	16851	2
3925	4628	1
3926	7120	1
3926	822	1
3927	2641	1
3927	5298	1
3927	3305	1
3929	6245	1
3929	7502	1
3929	2983	1
3930	7207	1
3930	10244	1
3932	914	1
3932	18	1
3933	7047	1
3933	1422	1
3933	2191	1
3933	7062	1
3933	6686	2
3933	11685	1
3933	21164	1
3933	22707	1
3933	2641	2
3933	398	1
3933	3039	1
3933	9824	1
3933	4330	1
3933	18546	1
3933	15609	1
3933	15701	1
3934	298	1
3934	975	2
3934	1042	1
3934	821	1
3934	1049	2
3934	4732	1
3934	2301	1
3934	62	5
3936	17538	1
3936	2022	2
3936	14119	2
3936	5710	1
3936	22631	1
3936	62	2
3938	196	1
3938	197	1
3938	199	1
3938	2288	1
3938	2715	1
3938	2716	1
3939	6374	1
3940	608	1
3940	15	1
3940	17	1
3940	1747	1
3941	11552	1
3941	6626	2
3941	6596	2
3941	18439	1
3941	5096	1
3941	13858	1
3941	1457	1
3941	17155	1
3941	9172	1
3941	6773	2
3941	10967	2
3943	12368	2
3943	19406	1
3944	5605	1
3944	591	1
3944	20017	1
3945	9140	1
3946	23	1
3946	10001	1
3946	4663	1
3946	4700	2
3947	2688	1
3947	2416	1
3947	5291	1
3947	422	1
3947	20151	1
3948	11318	1
3949	5979	1
3949	12693	1
3951	834	1
3951	9450	1
3951	22158	1
3951	6235	1
3952	15507	1
3952	3365	1
3952	423	2
3952	179	1
3952	2677	1
3952	14681	1
3952	1639	1
3952	2415	1
3952	11253	1
3952	2678	1
3953	1443	1
3953	8182	1
3954	6978	1
3954	3611	1
3954	9199	1
3954	7221	1
3954	7197	1
3956	9731	1
3956	8	4
3956	8852	2
3956	158	1
3956	6024	1
3956	2488	1
3956	8899	1
3956	197	1
3956	3170	1
3956	2256	2
3956	14678	1
3956	6231	1
3956	14681	1
3956	493	1
3956	3067	1
3956	4349	1
3957	387	1
3957	6966	2
3957	406	1
3957	8	1
3957	8203	6
3957	2726	1
3957	591	3
3957	8180	1
3957	27454	1
3957	22	1
3957	3319	1
3957	824	1
3957	5271	1
3957	7197	1
3957	7198	3
3957	10197	1
3958	1330	1
3958	1317	1
3959	3056	1
3960	6058	1
3961	2627	1
3961	19461	1
3961	9	1
3961	1003	1
3961	1243	1
3964	197	1
3964	5996	2
3964	5917	2
3964	8189	1
3965	16323	1
3965	7228	1
3965	5023	1
3966	2577	1
3966	2643	1
3966	1300	1
3968	2841	2
3968	11194	1
3969	9796	1
3969	11366	1
3969	9479	2
3969	22642	1
3969	3422	1
3969	12159	1
3971	12763	1
3971	17577	3
3971	6251	1
3971	6254	1
3971	18105	1
3971	7451	1
3971	8510	1
3972	10990	1
3972	3635	1
3972	25364	1
3972	13817	1
3972	9844	1
3973	2790	1
3973	2567	1
3974	2612	1
3974	727	1
3975	5623	1
3975	5724	3
3976	1906	1
3976	3379	1
3976	60	1
3976	5975	1
3978	3504	1
3978	10216	2
3978	5456	2
3978	20895	1
3978	21663	1
3982	1540	1
3982	487	1
3982	5038	1
3982	6205	1
3982	5233	1
3982	4338	1
3982	17814	1
3982	39	1
3982	8379	1
3982	6140	1
3982	730	1
3982	1343	1
3983	1026	3
3983	2987	1
3984	491	1
3984	7276	1
3984	1497	1
3984	4026	1
3984	30	1
3984	12863	1
3985	1431	1
3986	388	1
3986	6054	1
3988	2307	1
3988	8804	1
3988	2249	1
3988	7198	1
3988	8203	1
3988	3685	1
3988	5361	1
3988	6966	1
3988	8180	1
3988	8181	1
3988	11256	1
3988	5400	1
3992	5217	1
3992	2754	1
3992	4355	1
3996	22848	1
3996	3084	1
3996	4368	1
3996	2338	1
3996	2480	1
3996	2482	1
3996	184	1
3996	5696	1
3996	68	1
3996	101	1
3996	27372	1
3997	636	1
3997	2703	1
3997	111	1
3997	625	2
3997	3316	1
3997	5816	1
3997	5690	1
3997	635	1
3997	11644	1
3997	4349	1
3997	4350	1
3999	490	1
3999	16699	1
3999	1893	1
4002	14480	1
4002	107	2
4003	9664	2
4003	4335	1
4003	16566	1
4003	5497	2
4004	3486	1
4004	10246	1
4005	12450	1
4005	402	1
4005	413	1
4005	2718	1
4006	1539	1
4006	1026	2
4006	17035	1
4007	792	1
4007	5170	1
4007	2124	1
4009	640	1
4009	7370	2
4009	555	1
4009	5615	1
4012	4096	1
4012	15618	1
4012	15619	1
4012	26260	3
4017	196	1
4017	2983	1
4017	201	1
4017	435	1
4017	62	1
4018	10439	1
4019	7370	2
4019	7341	2
4019	10439	1
4020	4097	2
4020	10403	1
4020	16106	1
4020	7370	2
4020	7884	1
4020	19188	1
4020	10390	1
4020	10653	1
4020	10405	1
4022	640	1
4022	10657	1
4022	10658	2
4022	7344	4
4022	15610	1
4023	10398	1
4023	27462	2
4027	10658	1
4029	4096	2
4029	15619	1
4029	11975	1
4029	4364	1
4029	11983	1
4029	26260	1
4029	27549	1
4030	4097	1
4030	15622	1
4032	3056	1
4032	4481	1
4032	91	1
4032	3180	1
4033	4096	1
4034	4116	1
4034	17310	1
4035	10657	1
4035	7337	1
4035	27549	1
4035	8031	1
4036	553	1
4037	9859	1
4037	23659	1
4040	3489	1
4040	1596	1
4041	25028	1
4041	8	1
4041	16845	2
4041	503	1
4042	1920	2
4042	10246	1
4042	622	2
4043	1920	1
4043	4924	1
4043	17628	1
4043	78	1
4043	5743	1
4043	4920	1
4044	1500	1
4046	5302	1
4046	5234	1
4046	9851	1
4048	12930	1
4048	9859	5
4048	13924	2
4048	5302	1
4048	21986	1
4048	15830	1
4048	9855	37
4049	10112	1
4049	11398	1
4049	18921	1
4049	14480	2
4049	18926	2
4049	9974	1
4049	9083	1
4051	14278	1
4051	11219	1
4051	11220	1
4051	9975	1
4053	3587	1
4053	17610	1
4053	78	3
4053	913	4
4053	16023	1
4053	10714	1
4053	9405	1
4055	26200	1
4055	1569	1
4055	3647	1
4059	2870	1
4059	5462	1
4060	52	1
4061	1920	3
4061	1026	1
4062	12768	1
4062	2928	1
4062	553	1
4062	8586	2
4062	591	1
4062	21978	2
4062	5743	2
4066	21978	1
4066	9855	1
4068	51	1
4068	70	2
4068	488	1
4068	114	1
4068	80	2
4068	81	1
4068	787	1
4068	4090	1
4068	4991	2
4070	4128	1
4070	4130	1
4072	2985	1
4072	4360	1
4073	4224	1
4073	5383	1
4073	5292	1
4073	430	1
4073	437	1
4073	62	3
4073	7094	1
4073	198	1
4073	5704	1
4073	2295	1
4073	6094	1
4073	2392	1
4073	3172	1
4073	2266	1
4073	6240	1
4073	3043	1
4073	11238	1
4073	9710	1
4073	6007	1
4073	4219	1
4073	2685	1
4074	10250	1
4074	5291	1
4074	11277	1
4075	6253	1
4075	8498	1
4075	7575	1
4076	7879	1
4076	3638	2
4078	145	1
4078	1886	1
4078	25089	1
4079	7498	1
4079	3274	1
4079	7495	1
4080	9515	1
4080	6551	1
4083	3688	1
4083	5634	1
4083	11277	1
4084	1539	1
4084	2545	1
4084	1774	1
4084	1553	1
4084	1304	1
4084	6169	1
4085	2624	1
4085	3893	1
4085	2548	1
4085	3257	1
4085	4991	1
4086	6208	3
4086	480	2
4086	3778	1
4086	41	1
4086	52	1
4086	1429	1
4086	1273	1
4086	2556	1
4086	477	3
4087	1942	1
4087	17035	1
4087	17678	1
4087	12566	1
4087	2584	1
4087	1945	1
4087	1946	1
4087	1948	1
4087	1949	1
4087	1950	2
4087	3103	1
4087	6818	1
4087	37	1
4087	9394	1
4087	5146	1
4087	1971	1
4087	3767	2
4087	58	1
4087	72	1
4087	459	1
4087	19663	1
4087	81	3
4087	15886	1
4087	86	1
4087	18533	7
4087	1263	1
4087	6888	1
4087	6898	1
4087	2163	1
4087	7629	1
4087	2047	1
4088	4296	1
4088	1422	1
4088	2641	1
4088	4211	1
4088	6745	1
4089	8568	1
4089	202	5
4089	8654	1
4089	62	2
4090	1298	1
4090	739	3
4090	1330	1
4091	3616	1
4091	6753	1
4091	2146	1
4091	15587	1
4091	613	1
4091	16518	1
4091	1575	2
4091	3441	1
4091	3410	1
4091	1923	2
4091	4979	1
4091	60	1
4091	893	1
4091	1534	2
4092	9952	1
4092	87	1
4093	1441	1
4093	1575	2
4093	488	1
4093	77	1
4093	8782	1
4093	3604	1
4093	1430	1
4093	7290	2
4093	5023	1
4094	76	4
4094	2031	1
4094	51	5
4094	15001	1
4094	1593	1
4094	59	2
4094	732	1
4094	61	1
4095	2641	1
4095	25389	1
4095	1974	1
4096	451	1
4096	2518	1
4096	9086	1
4097	1263	1
4097	5118	1
4097	5110	1
4097	8408	1
4097	1566	1
4098	736	1
4098	11429	1
4098	1606	1
4098	1355	1
4098	3612	1
4098	3613	2
4098	1982	1
4099	2785	1
4099	2016	1
4099	23240	1
4099	2093	3
4099	15534	1
4099	3408	1
4099	1496	1
4099	1322	1
4100	9952	1
4100	3056	1
4100	11542	1
4100	5110	1
4100	1547	1
4100	13996	1
4100	2159	1
4100	4976	1
4100	1426	1
4100	5974	1
4100	6039	1
4100	20984	3
4100	62	2
4100	5	1
4101	897	1
4101	906	1
4101	1559	1
4101	1945	1
4101	1946	1
4101	1307	1
4101	1948	1
4101	1309	1
4101	1950	1
4101	1440	1
4101	1313	1
4101	1949	1
4101	1329	1
4101	1330	1
4101	53	1
4101	72	1
4101	459	1
4101	460	1
4101	10963	1
4101	487	1
4101	871	1
4101	6137	1
4102	1283	1
4103	12032	1
4103	6533	1
4103	774	2
4103	776	2
4103	778	1
4103	1292	1
4103	2613	1
4103	10767	1
4103	3600	1
4103	21013	1
4103	1564	1
4103	1566	2
4103	5104	1
4103	34	1
4103	1572	1
4103	9381	2
4103	24489	4
4103	3442	1
4103	5041	1
4103	60	1
4103	9269	1
4103	6213	1
4103	2638	1
4103	3149	1
4103	19664	1
4103	4998	1
4103	87	1
4103	2136	1
4103	4953	1
4103	488	2
4103	24555	4
4103	12012	1
4103	4077	1
4103	3182	1
4103	1776	1
4103	18291	1
4103	3447	1
4103	1555	1
4104	2695	1
4106	8903	2
4106	8910	1
4106	5393	3
4106	16846	8
4106	3310	1
4109	3307	2
4109	2285	1
4109	24113	1
4109	7062	3
4111	2331	1
4111	68	4
4111	4422	1
4111	493	1
4111	2353	1
4111	13239	1
4112	17505	1
4112	5709	1
4112	145	1
4112	7679	1
4113	2050	1
4113	196	2
4113	4225	1
4113	141	2
4113	5700	2
4113	7074	1
4113	7075	1
4113	8280	1
4113	3085	1
4113	7091	1
4113	5604	2
4113	105	1
4113	8959	1
4116	7666	1
4117	9002	1
4139	1032	3
4139	25238	1
4139	17456	1
4139	6952	1
4139	11958	1
4139	829	1
4139	19791	1
4139	8017	1
4139	15716	1
4152	4108	1
4152	10385	1
4152	18201	1
4177	8161	2
4177	7507	1
4178	13920	1
4178	9787	1
4178	611	1
4178	8745	1
4178	9212	1
4181	6048	1
4181	64	1
4181	611	1
4181	2681	1
4181	13920	1
4181	63	1
4182	3104	1
4182	6395	1
4182	1493	2
4182	8182	1
4182	8280	2
4182	6235	1
4182	6397	1
4183	2706	1
4183	14438	2
4184	8177	1
4185	556	1
4185	4246	1
4185	3833	1
4186	24198	1
4186	11538	1
4186	850	1
4187	6803	1
4187	3428	1
4187	2133	2
4187	463	1
4188	1312	1
4188	1617	1
4188	6812	1
4188	1773	1
4189	9357	1
4189	9358	2
4189	24581	1
4189	10016	2
4189	6470	1
4189	3476	1
4189	5588	1
4189	3699	2
4189	3702	2
4189	6484	2
4189	9083	1
4190	3491	2
4190	5589	1
4190	1709	1
4191	5740	1
4191	1822	1
4192	27368	1
4192	5966	1
4192	181	1
4192	7069	1
4192	6047	1
4193	10232	1
4193	913	1
4193	15982	1
4193	2695	1
4194	9024	1
4194	403	1
4194	3223	1
4194	62	1
4196	3571	2
4196	23651	1
4196	4335	1
4197	160	1
4197	5406	1
4198	12611	1
4198	25562	2
4198	7163	1
4199	9864	1
4199	14924	2
4199	15982	1
4200	1337	1
4200	1619	1
4201	14278	1
4201	10223	1
4201	5108	1
4201	2841	1
4202	10427	1
4202	4108	1
4202	3310	1
4202	3279	1
4204	18756	1
4206	1536	1
4206	709	1
4207	23424	1
4207	2565	1
4207	12145	1
4207	11955	1
4207	12127	1
4208	2233	3
4208	831	1
4209	1026	3
4209	6150	1
4209	3079	2
4209	1545	1
4209	26890	2
4209	1932	1
4209	1304	3
4209	6686	1
4209	1591	1
4209	1995	1
4209	6989	1
4209	2000	1
4209	2002	1
4209	2006	1
4209	16735	1
4209	483	1
4209	1896	2
4209	3441	1
4209	18549	1
4209	3706	1
4209	9213	1
4210	3926	1
4210	2798	1
4210	2800	1
4210	2801	1
4210	2805	1
4210	4118	1
4212	11299	1
4212	17115	1
4214	5383	2
4214	2701	1
4214	411	1
4214	15430	1
4214	6085	1
4214	12322	1
4214	2340	2
4214	413	1
4214	4401	1
4214	2485	1
4214	2999	2
4214	8117	1
4214	2507	1
4214	5837	1
4214	2317	1
4214	4563	1
4214	4575	2
4214	8800	1
4214	5670	1
4214	11256	1
4214	2459	1
4215	25186	1
4215	3241	2
4215	9515	1
4215	553	2
4215	6555	1
4215	5085	1
4218	14827	2
4218	912	1
4218	3476	1
4218	10525	1
4218	17957	1
4218	5426	1
4218	5427	1
4218	2654	1
4218	14273	2
4218	25426	3
4218	17113	1
4218	2652	2
4218	2653	1
4218	107	4
4218	16364	1
4218	18926	1
4218	2035	8
4219	3610	1
4219	18539	1
4219	9942	1
4219	4335	1
4220	9877	1
4221	6976	1
4221	6729	1
4221	6990	1
4221	22959	1
4222	4998	1
4222	719	1
4222	14640	1
4222	3450	1
4223	8539	1
4225	11521	1
4225	6595	1
4225	1457	1
4225	4987	1
4226	13924	1
4226	10536	1
4226	15830	2
4227	1920	1
4227	8747	1
4227	7163	1
4227	1974	1
4230	16739	1
4230	6462	1
4230	61	2
4230	1822	2
4231	4992	1
4231	483	1
4231	869	1
4231	1575	1
4231	3596	1
4231	4077	1
4231	1935	1
4231	1327	1
4231	476	1
4232	3274	1
4232	6245	1
4234	4992	1
4234	5901	1
4234	3598	1
4234	3860	1
4234	9109	3
4234	8346	1
4234	9117	1
4234	13982	1
4234	1953	2
4234	311	1
4234	62	1
4234	5109	1
4234	8384	1
4234	5187	4
4234	454	3
4234	711	1
4234	10697	1
4234	2513	1
4234	1495	1
4234	13914	1
4234	2140	1
4234	4959	1
4234	10854	2
4234	5031	1
4234	4977	1
4234	6644	1
4234	11390	1
4234	4990	1
4235	904	1
4235	1297	1
4235	1560	1
4235	1564	1
4235	3101	1
4235	11171	1
4235	6829	1
4235	694	1
4235	1335	1
4235	1337	1
4235	1338	1
4235	16699	1
4235	2120	1
4235	73	2
4235	1619	2
4235	94	1
4235	15588	1
4235	1896	1
4235	1257	1
4235	1260	1
4235	1262	2
4235	1274	1
4235	1277	2
4235	6142	1
4236	20027	1
4236	9795	1
4236	7441	1
4236	7449	1
4236	20026	1
4239	709	1
4239	1959	2
4239	2125	4
4239	9934	1
4239	6769	1
4239	4059	5
4239	2780	1
4240	805	1
4241	9208	1
4242	8355	1
4242	3571	1
4242	18612	1
4242	5052	2
4245	16454	1
4245	6503	1
4245	11210	2
4245	2866	1
4245	2867	1
4245	2869	1
4245	1658	1
4245	3495	1
4246	2657	1
4246	5613	1
4247	7456	1
4247	18105	1
4247	7547	2
4247	6284	1
4247	6285	1
4248	859	1
4248	6245	1
4248	3274	1
4248	5615	2
4248	824	1
4248	7163	2
4248	16764	1
4248	2986	6
4250	8109	1
4250	17926	2
4250	4927	1
4252	2816	1
4252	2800	1
4252	2797	1
4252	4118	1
4254	1893	1
4256	111	1
4257	84	1
4257	6817	1
4257	451	1
4257	8357	1
4257	107	1
4257	711	2
4257	2124	3
4257	1290	5
4257	18539	1
4257	6668	2
4257	1614	1
4257	2031	1
4257	59	1
4257	2139	1
4257	51	2
4257	52	3
4257	726	1
4257	1593	1
4257	11006	1
4261	4353	1
4261	68	1
4261	206	1
4262	5000	1
4262	73	2
4262	1604	1
4264	20065	1
4264	9354	1
4264	17967	1
4264	10234	1
4265	2002	1
4265	7221	1
4265	1974	3
4265	16379	1
4266	6929	1
4266	3604	1
4266	10938	1
4266	30	1
4269	5257	1
4269	911	1
4269	1	1
4269	5030	1
4270	74	1
4270	1355	1
4271	1920	1
4271	849	1
4271	2035	1
4271	5429	1
4271	18619	2
4272	2985	1
4272	2986	2
4272	16277	1
4272	2981	1
4273	7419	1
4273	7463	1
4273	7522	1
4273	8539	1
4277	729	1
4277	1266	1
4277	75	1
4277	730	1
4277	6137	1
4278	7430	1
4278	24878	1
4278	15719	1
4279	1539	1
4279	491	1
4280	2790	1
4280	1594	1
4280	6181	1
4280	1918	1
4281	641	1
4281	7620	1
4281	7608	2
4281	11156	1
4281	10648	1
4281	10651	1
4282	9008	2
4282	812	2
4286	5253	1
4286	9424	1
4286	6673	1
4286	1558	1
4286	3443	1
4286	1332	1
4286	1591	2
4286	1600	1
4286	1601	1
4286	74	1
4286	6608	1
4286	1894	1
4286	1267	1
4286	4981	1
4286	1910	2
4286	1531	1
4287	420	1
4287	9583	1
4287	2640	1
4287	62	1
4287	101	1
4288	1920	3
4288	9859	2
4288	10536	1
4288	5743	1
4288	5052	1
4289	3571	4
4289	622	1
4290	6955	1
4290	718	1
4290	5106	1
4290	10774	1
4290	2553	1
4291	8626	1
4291	5740	4
4291	20050	2
4292	1312	3
4292	1611	6
4292	708	1
4292	4549	1
4292	3398	1
4292	2571	1
4292	9420	1
4292	5167	1
4292	7120	1
4292	9752	1
4292	467	1
4292	5045	1
4292	6200	1
4292	22596	1
4293	1922	1
4293	5096	1
4293	862	2
4294	15653	1
4294	936	1
4294	9	1
4294	973	1
4294	655	1
4294	886	1
4294	4617	1
4294	7163	1
4294	796	1
4295	18627	1
4295	3998	1
4295	4133	1
4297	5953	1
4297	1384	1
4297	3158	1
4297	3677	1
4300	15126	1
4300	18638	1
4301	7264	1
4301	1601	1
4301	7257	1
4304	3757	1
4304	2999	1
4304	158	1
4306	17576	2
4306	6248	1
4306	6283	2
4306	8524	2
4308	6211	1
4308	485	1
4308	4973	1
4308	462	1
4308	717	1
4308	10125	1
4308	6198	1
4308	452	1
4308	8346	1
4309	3092	1
4309	3078	1
4311	13347	1
4311	680	1
4311	682	1
4311	6799	1
4311	1559	1
4311	10488	1
4311	485	1
4312	16881	1
4312	10977	1
4313	7567	1
4313	7575	1
4313	7039	1
4315	1907	1
4315	1908	1
4315	1458	1
4315	13797	1
4317	1856	1
4317	14530	1
4317	2138	1
4317	5456	1
4318	562	1
4320	23653	1
4320	25053	1
4321	1601	2
4321	20963	1
4325	10536	1
4325	3474	1
4326	3329	1
4326	5734	1
4326	21225	1
4326	3404	1
4326	822	1
4327	6608	1
4327	3777	1
4327	2067	1
4327	1309	1
4327	902	1
4328	3941	1
4328	2822	2
4328	3975	1
4328	3985	1
4328	4150	1
4329	4064	1
4329	5601	1
4329	1026	1
4329	6756	1
4329	8421	1
4329	701	1
4329	3261	1
4329	2035	1
4329	4344	1
4329	2013	2
4331	11088	1
4333	11515	1
4335	9243	1
4335	12706	1
4335	1572	1
4335	2983	1
4335	8747	1
4335	1974	2
4335	11450	1
4335	3520	1
4335	862	1
4335	4064	1
4335	491	1
4335	14968	1
4335	892	1
4335	2559	1
4336	4961	1
4336	9091	2
4336	8421	1
4336	1927	1
4336	1929	1
4336	2602	1
4336	485	1
4336	7276	1
4336	3408	1
4336	20754	1
4336	11765	1
4336	9961	1
4336	13464	1
4336	4543	1
4336	2780	1
4336	6622	1
4336	703	4
4337	6816	2
4337	5250	2
4337	6118	2
4337	10825	1
4337	15886	2
4337	6895	1
4337	2128	1
4337	689	1
4337	12067	1
4337	1855	1
4337	1500	1
4337	701	1
4337	6622	1
4337	13471	1
4338	5184	1
4338	6738	1
4338	5253	1
4338	4998	1
4338	8383	1
4339	5144	1
4339	6769	1
4339	4971	1
4339	6441	1
4341	1313	1
4341	684	1
4341	5167	1
4341	13460	1
4341	730	1
4342	636	1
4342	5405	1
4342	2118	1
4343	1920	1
4343	10976	1
4343	62	1
4344	5737	1
4344	2986	1
4344	25389	1
4344	5743	1
4344	3089	3
4344	19890	1
4344	16851	1
4344	2985	1
4344	824	1
4348	13858	1
4348	1458	1
4348	1907	1
4348	5211	1
4348	862	1
4351	1743	1
4351	975	1
4353	10467	1
4353	19909	2
4353	550	1
4353	6571	1
4353	25292	1
4353	20943	1
4353	14554	1
4353	549	1
4354	11042	1
4354	553	2
4354	16312	1
4354	12503	1
4354	16124	1
4355	3173	8
4355	3175	1
4355	104	2
4355	169	1
4355	2698	1
4355	203	1
4355	3758	1
4355	5647	1
4355	2090	1
4355	629	1
4355	189	1
4355	6047	1
4356	625	1
4356	11791	2
4357	1575	1
4359	3571	2
4359	5462	1
4359	3485	1
4360	1537	1
4360	9098	1
4360	3862	1
4360	1924	1
4360	1437	1
4360	11806	1
4360	14509	1
4360	51	1
4360	6339	1
4360	1348	1
4360	3767	1
4360	4940	1
4360	1359	1
4360	469	1
4360	470	1
4360	473	1
4360	6145	1
4360	6125	1
4361	13249	1
4361	1309	2
4362	1822	1
4363	15938	1
4364	8177	1
4364	18980	1
4367	1905	1
4368	2733	1
4368	662	2
4368	3785	1
4368	5819	3
4369	6003	1
4371	4551	1
4372	11521	1
4372	708	1
4372	1606	1
4372	3398	1
4372	615	1
4372	6666	2
4372	11376	2
4372	60	1
4373	17968	1
4373	6929	1
4373	5208	1
4373	59	3
4373	12380	1
4373	3453	1
4374	8339	1
4374	701	1
4374	10814	1
4375	2132	1
4377	5764	1
4377	422	1
4377	6087	1
4379	6457	1
4379	1757	1
4380	7607	2
4380	22717	1
4380	655	1
4381	6282	1
4381	8251	1
4382	11457	1
4382	3138	1
4382	395	1
4383	1547	1
4385	4568	1
4385	2255	1
4385	15519	1
4386	1026	1
4386	8451	1
4388	2986	1
4388	62	1
4391	7434	1
4391	5365	1
4391	3631	1
4392	17414	1
4392	12671	1
4395	730	1
4395	6094	1
4396	9208	1
4396	8750	1
4397	11648	1
4397	147	1
4397	3190	1
4397	5979	1
4398	7337	1
4398	4097	1
4399	2641	2
4399	16568	2
4399	4569	1
4400	12704	1
4401	17423	1
4402	729	2
4402	734	1
4403	2336	1
4403	2304	1
4408	2225	1
4408	6953	1
4409	3760	1
4409	1296	1
4409	1267	1
4409	11670	1
4409	91	1
4409	895	1
4410	14850	1
4410	822	2
4411	3764	1
4411	1581	1
4411	487	1
4412	9731	1
4412	2437	2
4412	3756	1
4412	311	1
4412	824	2
4412	5276	1
4415	3773	1
4415	487	1
4416	27749	1
4416	8734	1
4419	1296	1
4419	1300	1
4419	1270	1
4422	98	1
4422	2532	1
4422	3624	1
4422	78	2
4422	824	3
4422	16538	1
4422	3391	1
4427	27042	1
4427	834	1
4427	62	1
4427	18342	2
4427	4413	1
4434	6208	1
4434	2609	1
4434	1320	1
4434	897	1
4435	3770	1
4435	17155	1
4437	10224	1
4437	1699	1
4437	12635	1
4437	16031	1
4440	2627	1
4440	12884	1
4441	640	1
4441	2983	1
4441	2251	2
4441	725	1
4441	20026	1
4443	1866	2
4443	1974	1
4444	4485	1
4446	20481	1
4446	822	1
4451	560	1
4451	571	1
4451	572	1
4451	559	1
4452	834	1
4452	4443	1
4452	20244	1
4452	2983	4
4453	1474	1
4454	4464	1
4454	1995	1
4454	1975	1
4454	10614	1
4457	2022	1
4457	591	1
4459	11040	1
4459	13739	1
4459	553	1
4459	5131	1
4459	591	1
4459	1394	2
4459	5947	1
4459	17437	1
4460	7593	2
4460	2163	1
4460	6211	1
4462	12422	1
4462	12428	2
4462	11677	1
4462	25650	1
4462	11036	1
4463	4096	2
4463	15622	1
4463	7337	2
4463	7341	2
4463	26260	1
4465	12433	1
4465	9514	2
4466	13297	3
4467	10421	1
4467	10439	1
4471	19284	1
4471	19884	1
4471	19286	1
4471	11729	1
4473	2387	1
4473	5838	1
4474	11676	1
4475	21140	1
4476	11424	2
4476	6328	1
4476	6199	1
4477	1592	1
4477	1026	1
4477	9140	1
4478	816	2
4479	491	1
4479	2605	1
4480	8384	1
4480	3398	1
4480	1927	1
4480	10697	1
4480	6667	1
4480	719	1
4480	721	3
4480	3443	2
4480	2133	1
4480	1526	1
4480	687	1
4481	1345	1
4481	36	1
4481	107	2
4481	11791	1
4481	2780	1
4481	893	1
4481	1567	1
4482	2091	1
4482	2281	1
4482	107	1
4483	10145	1
4483	683	1
4483	3915	1
4483	108	1
4483	2029	1
4483	4191	1
4484	59	1
4484	69	1
4485	11522	1
4485	1547	1
4485	892	1
4485	1518	1
4486	3136	1
4486	13443	1
4489	2785	1
4489	6438	1
4489	1960	1
4489	1580	2
4489	2125	1
4489	10542	1
4489	5256	1
4489	1458	1
4489	9941	1
4489	86	2
4489	6201	2
4489	730	2
4489	59	1
4490	2047	1
4491	1283	1
4491	4484	1
4491	69	1
4491	6886	1
4491	615	1
4491	13258	1
4491	10497	1
4491	2609	1
4491	9091	1
4491	5173	1
4491	90	1
4491	1343	1
4491	8805	1
4492	4344	1
4492	9365	1
4493	11188	3
4493	3646	1
4494	9925	1
4495	3443	1
4496	8451	1
4496	25663	1
4497	58	1
4497	3285	1
4498	6817	1
4498	1484	1
4498	51	1
4498	862	1
4499	1304	2
4499	3441	1
4500	1960	1
4500	6904	1
4500	483	1
4500	5030	1
4500	8383	1
4501	9851	1
4501	701	1
4502	1600	1
4502	1928	1
4502	2516	1
4502	703	1
4503	871	1
4504	5041	1
4504	10121	1
4505	8388	1
4505	621	1
4506	2110	1
4506	565	2
4506	62	1
4507	6738	1
4507	37	2
4508	8	1
4508	2545	1
4508	61	1
4508	6817	1
4510	60	1
4510	1780	1
4510	1453	4
4511	2785	2
4511	95	1
4512	1904	1
4512	1901	1
4512	1902	1
4512	1903	1
4513	2124	1
4513	622	1
4514	15346	1
4514	457	1
4516	3985	1
4517	5155	1
4520	2553	1
4520	27343	1
4521	1539	1
4521	869	1
4521	70	1
4522	85	1
4524	1296	1
4524	4479	1
4525	10976	1
4525	731	1
4525	21978	1
4525	1590	1
4526	824	2
4526	2739	1
4527	2006	1
4528	625	1
4528	3746	1
4528	4485	1
4535	20034	1
4535	3627	1
4537	17769	1
4537	4125	1
4537	17767	1
4539	23860	1
4539	23404	1
4541	7683	3
4541	2302	1
4541	2367	1
4544	7679	1
4544	9004	1
4549	3274	1
4549	7714	1
4562	553	2
4562	17505	1
4562	23742	1
4565	9644	1
4566	6759	1
4566	19561	1
4566	1031	1
4566	9100	1
4566	19565	1
4566	12606	1
4567	6673	1
4567	1287	1
4568	3712	3
4568	3713	1
4568	2841	1
4568	20764	1
4568	10016	1
4568	3873	1
4568	3888	1
4568	16207	1
4568	3536	1
4568	14959	3
4568	3702	3
4568	18937	1
4568	23804	1
4569	3712	1
4569	21462	1
4571	2627	1
4571	1194	1
4571	4651	1
4571	4693	1
4571	4695	1
4571	4700	1
4572	5082	1
4574	24324	1
4574	17765	1
4577	3915	1
4577	4190	1
4578	832	1
4578	6953	1
4578	11955	1
4579	640	2
4579	7776	1
4579	10400	1
4579	10399	1
4581	7649	1
4581	4975	1
4581	4980	1
4581	4981	1
4581	9144	1
4583	14556	1
4583	5085	1
4584	14224	1
4584	5224	1
4588	8843	1
4588	9789	1
4589	1998	1
4592	2113	2
4592	4863	1
4592	4854	1
4592	2111	1
4594	388	1
4594	27372	1
4594	2992	2
4594	6008	1
4594	10616	1
4594	4574	1
4595	7522	1
4595	6245	1
4596	7622	2
4596	39	1
4596	2067	1
4596	11734	2
4596	9945	1
4596	1726	1
4601	18287	1
4601	1527	1
4601	60	1
4601	14045	1
4601	1278	1
4602	2016	1
4602	9922	1
4602	15591	1
4602	3849	1
4602	10538	1
4602	16722	1
4602	3862	1
4602	6457	1
4602	13466	1
4608	608	1
4608	651	1
4608	4408	1
4608	28	1
4613	15629	1
4613	7877	1
4614	25738	1
4615	6977	1
4615	1026	2
4615	8478	1
4617	2232	1
4617	20241	1
4617	2238	1
4617	2231	1
4618	2222	1
4620	23720	2
4620	9775	1
4620	18546	1
4622	1061	1
4622	1077	1
4622	10870	1
4624	14550	1
4625	2288	1
4625	201	1
4625	111	1
4629	5093	1
4629	4958	1
4630	3985	1
4630	3959	1
4630	13999	1
4634	13411	1
4634	13412	1
4634	13414	1
4634	13415	1
4634	13417	1
4634	2987	1
4634	13410	1
4634	16	1
4634	13929	1
4634	12767	1
4635	2094	1
4635	2653	1
4635	2097	1
4635	5427	1
4635	5428	1
4635	10525	1
4637	1920	2
4637	9083	1
4637	3472	1
4637	3473	6
4637	1684	2
4641	656	1
4641	849	1
4641	16475	1
4641	18232	1
4641	20768	1
4644	18404	1
4644	4293	1
4645	1836	1
4645	107	2
4645	12676	1
4647	17096	1
4647	11407	1
4647	2094	2
4647	2095	1
4647	696	2
4647	2098	1
4647	11380	3
4647	854	1
4647	16408	1
4647	2671	1
4647	11388	2
4647	2653	3
4647	10527	1
4648	5027	1
4648	2789	1
4648	7627	1
4648	3091	1
4648	893	1
4648	2047	1
4649	5064	1
4649	10359	1
4650	1920	3
4650	18316	1
4650	18317	1
4650	16277	1
4650	6314	1
4650	2876	2
4650	2367	1
4650	5712	1
4650	5737	1
4650	5740	2
4650	5743	1
4650	14200	1
4650	16764	2
4651	18546	1
4651	2006	1
4652	5623	1
4652	1757	2
4652	16431	3
4653	10385	1
4653	10380	1
4653	10388	1
4653	3301	1
4653	8567	1
4655	13417	2
4655	13410	1
4655	13414	1
4655	13415	1
4659	6057	1
4659	22802	1
4659	5347	1
4660	1560	1
4660	3097	1
4660	4557	1
4660	2591	1
4663	1672	1
4663	14505	1
4664	8514	1
4664	6251	1
4664	6252	1
4664	7565	1
4664	18115	1
4666	4737	1
4666	2627	1
4666	4741	1
4666	2150	1
4666	2535	1
4666	840	1
4666	796	1
4666	4779	1
4666	4780	1
4666	845	1
4666	2574	1
4666	27	1
4666	944	1
4666	946	1
4666	4611	1
4666	19195	2
4666	4777	1
4666	859	1
4666	4668	1
4668	16424	1
4668	2093	1
4668	2653	1
4668	2097	1
4668	851	1
4668	5435	1
4668	10525	1
4668	10527	1
4670	10402	1
4670	16106	6
4670	19181	1
4670	10654	1
4671	553	2
4671	107	1
4671	13494	1
4671	12795	1
4671	9598	1
4672	1504	3
4672	1547	1
4672	459	2
4672	2057	1
4672	1611	6
4672	2092	1
4672	2128	1
4672	82	1
4673	1026	1
4673	3756	1
4673	11901	1
4674	1856	2
4674	5486	1
4674	3504	1
4674	9522	1
4675	1030	1
4675	2093	1
4675	5615	2
4675	2097	1
4675	851	1
4675	5431	1
4675	591	2
4675	5429	1
4677	9624	1
4677	21606	1
4677	9617	1
4677	12258	1
4677	15374	1
4677	9620	1
4677	12241	1
4677	15354	1
4677	9564	1
4678	1299	2
4678	468	1
4678	1774	1
4679	11024	1
4679	11025	1
4679	550	1
4683	4224	1
4683	4353	1
4683	2331	1
4683	3085	1
4683	203	1
4685	3756	2
4685	11501	1
4686	17765	1
4686	2025	1
4686	3915	2
4686	3918	1
4686	19294	1
4688	19362	1
4688	17325	1
4691	1	1
4691	75	1
4692	833	1
4692	6949	2
4692	6951	1
4692	2219	1
4692	11951	1
4696	107	1
4697	2661	1
4697	17093	1
4698	10372	1
4698	26495	1
4699	5660	1
4699	2118	1
4699	2119	1
4701	15785	1
4702	19858	1
4704	18033	1
4704	18765	1
4704	5062	1
4704	18031	1
4706	6039	1
4706	4349	1
4706	5793	1
4707	6659	1
4707	8805	2
4707	7592	1
4707	6127	1
4707	2515	1
4707	1430	1
4707	472	1
4707	20987	1
4708	2095	1
4710	3069	1
4710	6608	1
4710	10353	1
4710	2514	2
4710	13461	1
4711	8448	1
4711	14556	1
4711	14555	1
4711	11028	1
4711	11029	1
4713	5601	1
4713	1893	1
4713	6918	1
4713	3307	2
4713	5292	2
4713	12558	2
4713	591	1
4713	2350	2
4713	2295	2
4713	59	1
4713	1614	1
4714	8163	1
4714	8166	1
4715	8418	2
4715	483	1
4715	3400	1
4715	1961	1
4715	1546	1
4715	459	1
4715	684	1
4715	10481	1
4715	5106	1
4715	13385	1
4715	3261	2
4716	6163	1
4716	15982	1
4716	39	1
4719	1511	1
4720	6107	1
4720	7116	1
4720	109	1
4721	2145	1
4721	482	1
4721	4549	1
4721	10697	1
4721	10853	1
4721	2608	2
4721	485	1
4722	40	1
4722	1451	1
4722	76	1
4722	70	1
4723	1312	1
4723	3618	1
4723	744	1
4723	3056	1
4723	1273	1
4723	1311	1
4724	1615	1
4724	13909	2
4724	1543	1
4725	703	1
4725	2159	1
4726	1575	2
4726	761	1
4726	51	1
4726	11672	1
4726	8372	1
4727	2146	1
4728	1504	1
4728	3841	2
4728	18533	1
4728	10825	1
4728	19725	1
4728	14909	1
4729	6888	1
4730	3442	2
4730	6604	1
4730	6938	1
4731	4984	1
4731	1283	2
4731	2156	1
4732	1893	2
4732	2568	1
4732	78	1
4732	16889	1
4732	11390	1
4734	1521	1
4734	1322	1
4735	5201	1
4735	8421	1
4737	6812	1
4737	9959	1
4738	2362	1
4740	404	1
4741	896	1
4741	868	1
4741	6152	1
4741	1279	1
4743	11543	1
4744	1955	1
4745	18627	1
4745	1287	1
4745	3466	1
4745	3150	1
4745	80	1
4745	81	1
4745	6132	2
4747	6743	1
4747	4628	1
4747	15	2
4749	1923	1
4749	621	1
4750	2092	1
4750	2143	1
4751	555	1
4751	3756	1
4753	488	1
4753	8421	1
4754	491	1
4755	84	1
4755	73	1
4755	2555	1
4755	3860	1
4755	77	1
4756	463	1
4757	3425	1
4757	4962	2
4757	2601	1
4757	6818	1
4757	6134	1
4758	1593	1
4758	466	1
4758	1779	1
4759	3056	1
4759	625	1
4759	36	2
4759	3853	1
4760	19461	1
4761	581	1
4761	582	1
4761	586	1
4761	562	1
4763	1312	1
4763	1316	1
4765	1330	1
4765	1284	1
4765	5194	1
4766	2097	1
4766	5425	1
4766	696	1
4766	2653	1
4766	849	1
4767	13257	1
4767	11811	2
4769	2043	1
4769	13430	2
4770	6626	1
4770	6596	1
4770	862	1
4771	451	1
4771	2120	1
4771	1429	1
4771	4086	1
4771	12023	1
4771	3448	1
4771	6172	1
4771	3861	1
4772	5143	2
4772	5168	1
4772	5137	1
4772	12559	2
4773	1324	1
4773	1295	1
4773	12691	1
4774	1266	1
4774	52	1
4774	2518	1
4777	5621	1
4780	1311	2
4782	104	2
4782	6073	1
4782	3742	1
4783	2986	1
4784	25423	1
4784	8726	1
4784	17626	2
4784	8732	2
4785	11380	1
4785	2653	1
4786	7044	1
4786	1381	1
4787	2072	1
4787	656	1
4787	4740	2
4789	62	1
4789	2679	1
4790	16640	1
4790	12260	1
4790	10941	2
4790	9534	1
4790	16575	3
4791	1993	1
4791	24107	1
4791	9676	1
4791	9592	1
4793	11106	1
4793	10939	1
4793	13509	1
4795	5440	1
4795	851	1
4795	6807	1
4795	10527	1
4795	15646	1
4795	2035	2
4796	9561	1
4796	9594	1
4796	10941	1
4801	9598	1
4801	9591	1
4805	9591	1
4806	16587	1
4806	16542	1
4806	21606	1
4807	5542	1
4807	9624	2
4807	24541	1
4808	9638	2
4808	12213	1
4809	23351	1
4810	10930	1
4813	11088	1
4813	15373	1
4814	9628	1
4814	12230	1
4815	9538	1
4815	26485	1
4815	9690	2
4816	25851	1
4817	9643	1
4817	9561	1
4822	16640	1
4822	9596	1
4822	9648	1
4822	5108	2
4823	15353	1
4823	5108	2
4823	1493	1
4824	13538	1
4824	12234	1
4824	11085	1
4824	625	1
4825	23368	1
4825	23333	1
4825	15918	1
4826	12256	1
4826	10939	1
4826	9565	1
4826	1822	1
4827	9547	1
4828	16557	1
4830	2987	2
4830	1494	1
4831	9536	1
4831	107	2
4831	2983	2
4832	824	1
4832	9841	1
4832	1026	1
4832	9648	1
4833	12795	2
4834	9617	1
4834	9565	1
4836	9648	1
4836	9643	1
4836	15373	1
4836	3478	1
4838	12260	1
4838	12779	1
4838	9518	1
4838	9620	1
4839	12261	1
4839	16584	1
4839	12205	1
4839	9648	1
4839	12241	1
4839	13528	1
4842	10945	1
4842	13513	1
4843	23333	1
4844	9648	1
4844	20528	1
4844	9598	1
4846	824	1
4846	13538	1
4849	23366	1
4849	9676	1
4849	9652	2
4849	9530	1
4849	10939	1
4850	5108	2
4850	12097	1
4850	12095	1
4851	822	1
4851	1126	1
4852	1493	1
4853	9564	1
4853	9630	1
4856	9561	2
4863	578	1
4863	573	1
4864	59	2
4864	8428	1
4866	2627	1
4866	4681	1
4866	10001	1
4866	4628	4
4866	4663	1
4868	18944	1
4868	18979	1
4868	3063	1
4868	4413	1
4871	3862	1
4872	11011	1
4872	10472	1
4872	10634	1
4872	10636	1
4879	4541	1
4885	2098	1
4885	9815	1
4887	640	2
4887	11992	1
4887	6750	1
4890	10401	1
4890	10402	1
4908	4444	1
4908	5734	1
4910	2651	1
4913	11915	1
4913	4364	1
4913	11959	1
4913	11598	1
4913	2223	1
4913	2229	1
4913	2231	1
4913	2239	1
4913	17245	1
4914	1282	1
4914	1906	2
4914	1901	2
4914	1586	1
4914	1907	1
4914	1528	1
4915	15908	1
4915	16775	1
4920	3913	1
4920	3907	1
4920	4195	1
4920	3918	1
4920	3902	1
4921	1	2
4921	6	1
4921	906	1
4921	907	1
4921	908	1
4921	909	1
4921	910	1
4921	1305	1
4921	1306	1
4921	1307	2
4921	1440	1
4921	1313	1
4921	1584	2
4921	1329	1
4921	2120	1
4921	463	1
4921	6137	1
4921	11609	1
4921	481	1
4921	740	1
4921	869	1
4921	2553	1
4922	10788	1
4922	15884	1
4922	717	1
4922	11866	1
4922	12828	1
4923	25178	1
4923	7563	1
4923	25582	1
4923	3454	2
4929	7902	2
4932	3402	1
4932	684	2
4932	4975	1
4932	5168	1
4932	9109	1
4932	60	1
4935	2022	1
4935	1031	2
4936	0	1
4936	1	1
4936	12003	1
4936	5	1
4936	1927	1
4936	488	2
4936	4075	1
4936	3603	1
4936	1928	1
4936	6167	1
4936	9945	2
4936	2159	1
4936	3439	1
4936	9951	6
4937	2532	1
4937	12	1
4939	14981	2
4940	2800	1
4940	10309	2
4940	2824	1
4940	2827	1
4940	2797	1
4940	2813	1
4940	2832	1
4940	4118	1
4940	2808	1
4940	3900	2
4942	15337	1
4942	62	1
4942	5710	1
4948	10424	1
4948	7881	1
4948	11972	1
4948	15629	1
4948	10407	1
4951	11594	1
4951	3315	1
4951	10622	1
4951	5301	1
4952	9760	1
4952	62	1
4956	1194	1
4956	11985	1
4962	14985	1
4962	555	2
4962	9652	3
4962	6750	1
4963	18	1
4963	4628	1
4964	18419	2
4964	4244	2
4964	557	1
4964	558	1
4968	7426	1
4968	6283	1
4969	6952	1
4969	9495	1
4970	6014	1
4970	6063	1
4977	2458	1
4977	3270	1
4978	487	1
4978	4934	1
4979	21227	1
4980	5127	1
4980	23275	1
4980	3245	1
4981	3616	1
4981	32	2
4981	2121	1
4981	10795	1
4981	10766	1
4981	80	2
4982	854	1
4982	1925	1
4982	678	1
4982	5743	1
4982	1330	1
4982	2035	1
4982	3444	1
4982	9815	1
4982	14074	1
4982	4927	1
4982	26207	1
4982	61	1
4982	4965	1
4983	1764	1
4983	3495	1
4983	9352	1
4983	2889	1
4983	16204	1
4983	9357	1
4984	584	1
4984	3832	1
4984	18419	1
4984	2100	1
4984	2616	1
4984	2109	1
4984	2110	1
4984	2111	2
4987	2336	1
4987	5415	1
4987	2489	1
4987	5977	1
4987	2331	1
4988	6244	1
4988	6086	1
4988	3626	1
4988	6287	1
4988	12821	1
4988	316	1
4988	3231	1
4990	3463	1
4990	9352	1
4990	622	1
4990	10224	1
4990	12072	1
4990	9591	1
4990	824	1
4990	25	1
4992	2240	1
4992	3703	1
4992	10620	1
4992	2237	1
4993	986	1
4994	26883	1
4994	68	1
4994	4358	1
4994	423	1
4994	21419	1
4994	2380	1
4994	5748	1
4995	4235	1
4996	25250	1
4996	3495	1
4996	20764	1
4997	2785	1
4997	71	1
4998	2817	1
4998	4133	1
4998	6450	1
4998	2809	1
4999	3905	1
4999	3915	1
4999	3897	1
4999	3898	1
4999	11486	1
5000	1109	1
5000	607	1
5002	10405	1
5002	7881	1
5002	10646	1
5002	10406	1
5002	11983	1
5004	8417	1
5004	709	1
5004	2986	2
5004	3405	1
5004	1458	1
5004	2163	1
5004	2069	1
5004	822	1
5004	1947	1
5004	1918	1
5004	2143	1
5005	9008	2
5007	4548	1
5007	549	1
5007	10472	1
5007	11024	1
5007	11676	1
5007	5310	1
5008	3594	1
5008	5731	1
5010	10401	2
5010	10411	1
5010	11993	1
5011	3089	1
5011	1003	1
5011	6750	1
5012	2159	1
5015	9479	1
5015	12125	2
5015	11959	1
5017	4885	1
5017	4886	1
5019	5250	1
5019	16877	1
5019	11833	1
5021	3867	1
5021	3078	4
5021	2151	1
5021	6955	1
5021	16703	1
5021	2047	1
5023	5197	1
5023	1519	1
5023	1500	1
5024	107	3
5024	16622	1
5024	1456	1
5024	4019	1
5025	193	1
5025	591	1
5025	20151	1
5025	62	2
5026	578	1
5026	579	1
5026	582	1
5026	4873	1
5027	6816	3
5027	5234	1
5027	61	2
5028	18940	1
5032	2624	1
5032	10770	2
5033	72	2
5033	6163	2
5033	15886	1
5034	15265	3
5034	3495	2
5037	19699	1
5037	16036	1
5038	5032	1
5038	5167	1
5039	11816	1
5039	2145	1
5039	11837	1
5039	10814	1
5040	5188	1
5041	1744	1
5041	4754	1
5041	19	1
5041	20	1
5041	859	1
5041	4668	1
5044	16304	1
5044	8587	1
5044	550	1
5045	1430	1
5045	1519	1
5045	5027	3
5045	13232	1
5045	1589	1
5045	11833	1
5045	6206	1
5045	2626	1
5045	9926	1
5045	2124	1
5045	6608	3
5045	83	2
5045	87	1
5045	10843	1
5045	1500	1
5045	95	1
5045	6895	2
5045	2539	1
5045	701	1
5045	6770	1
5045	2553	1
5045	4092	1
5045	12030	1
5046	6667	1
5046	2151	2
5046	2571	1
5046	2069	1
5046	10134	1
5046	8365	1
5047	10872	1
5047	21419	1
5047	5308	1
5047	54	1
5051	1026	1
5051	9989	1
5051	11406	1
5051	9103	1
5051	16402	1
5051	16403	1
5051	12312	1
5051	10521	1
5051	16801	1
5051	2094	1
5051	2095	1
5051	591	9
5052	6951	1
5052	2223	1
5053	10651	1
5053	4197	1
5055	1920	3
5055	5740	1
5056	24868	1
5056	19593	1
5057	4064	1
5057	12832	2
5057	3139	2
5057	1953	1
5057	904	1
5057	1581	3
5057	77	1
5057	3400	1
5057	726	1
5057	1498	2
5057	732	1
5057	4986	1
5058	16612	1
5061	1	1
5062	73	4
5065	17155	1
5065	13860	1
5065	862	1
5066	10187	1
5066	6956	1
5066	2750	1
5066	4599	1
5073	10400	1
5073	3302	1
5074	4628	2
5076	4628	1
5076	4700	1
5076	6750	1
5078	2656	1
5078	2097	1
5078	851	1
5078	696	1
5078	17230	1
5079	9365	1
5079	6886	1
5080	16481	3
5080	7217	1
5080	8646	1
5080	5063	1
5080	11560	2
5080	11031	1
5080	5615	2
5080	849	2
5080	2035	6
5080	16404	1
5080	822	2
5080	5431	1
5080	5432	1
5080	21594	1
5080	602	1
5082	2628	1
5082	1106	1
5082	1155	1
5083	5601	1
5083	16036	2
5083	2983	1
5083	725	1
5083	20894	1
5085	12401	1
5085	2985	1
5085	23183	1
5085	3302	1
5091	2108	1
5091	2107	1
5091	2101	1
5091	2109	1
5091	2103	1
5093	15843	1
5093	10284	1
5093	20953	1
5093	2553	1
5098	5297	1
5098	10620	2
5099	18621	1
5103	4754	1
5103	859	1
5107	3491	1
5107	10246	1
5107	3464	1
5107	21289	1
5107	15850	1
5107	11889	1
5107	12067	1
5111	4360	1
5111	7607	1
5116	10642	1
5116	10411	1
5123	14864	1
5123	5660	1
5123	3141	1
5126	3056	1
5126	1299	1
5127	16654	1
5127	9975	1
5130	8160	1
5130	20034	1
5131	2104	1
5131	2100	1
5131	2108	1
5131	2109	1
5131	2103	1
5132	11450	1
5132	2022	1
5137	6008	1
5137	62	2
5152	16853	1
5152	62	1
5153	2587	1
5155	6085	1
5155	1398	1
5155	4429	1
5158	6144	1
5158	11171	1
5158	1925	1
5158	465	1
5158	9228	1
5158	733	1
5158	12017	2
5158	1619	1
5158	2045	2
5160	472	1
5160	473	1
5160	471	1
5161	7589	1
5164	2562	1
5164	2513	1
5164	3861	1
5164	792	1
5164	703	1
5164	1534	1
5164	1279	1
5167	4656	1
5167	18	1
5169	2	1
5169	3819	1
5169	708	1
5169	6887	1
5169	24555	1
5169	13260	1
5169	6200	1
5169	4484	1
5171	845	1
5172	640	1
5172	1026	1
5178	6923	2
5178	9084	1
5178	9269	1
5179	1769	1
5179	3495	1
5179	1969	1
5179	1966	1
5179	1849	1
5182	2097	1
5182	17093	1
5182	11407	1
5184	5301	1
5185	9479	1
5185	2231	2
5185	2222	1
5185	2225	2
5185	2228	1
5185	11959	2
5185	11956	1
5185	2239	1
5187	1904	1
5187	1907	1
5187	1908	1
5190	12127	1
5190	11959	1
5190	6951	1
5191	15305	1
5191	13370	1
5193	1276	1
5193	1560	1
5193	60	4
5193	14045	1
5194	689	1
5194	719	1
5194	19662	1
5194	3407	1
5195	1458	1
5195	1509	2
5195	9222	1
5198	227	5
5198	7465	1
5198	17394	1
5201	3523	1
5201	25426	1
5201	9522	1
5201	1684	2
5203	10223	1
5204	833	1
5204	834	2
5204	107	2
5204	11952	1
5204	22194	1
5204	912	1
5204	10619	1
5204	2237	1
5207	13353	1
5207	107	1
5210	11794	1
5210	476	1
5210	703	1
5211	2626	1
5211	1316	1
5211	14918	1
5211	19664	1
5211	1330	1
5211	91	1
5211	3452	1
5212	6816	1
5212	10976	1
5212	678	1
5212	7622	1
5212	687	1
5212	4544	1
5212	2069	1
5212	1566	1
5213	5058	1
5213	11569	1
5213	25296	1
5213	11505	4
5217	10912	1
5217	13377	1
5217	13378	1
5217	10900	1
5217	10909	1
5217	10911	1
5219	2093	2
5219	11405	2
5219	2037	1
5220	8467	1
5223	641	1
5223	3057	1
5223	10131	1
5223	12821	1
5223	1398	2
5223	7163	1
5223	2397	1
5223	62	2
5228	25608	2
5228	553	4
5228	5074	1
5228	5081	1
5228	11034	2
5228	14557	1
5229	21188	1
5229	2004	1
5229	2006	1
5229	1978	1
5234	1480	2
5234	1478	1
5235	729	1
5235	16052	1
5235	1270	1
5235	5127	1
5237	10938	1
5237	1830	1
5238	796	1
5238	6692	1
5240	1312	1
5241	2626	1
5241	3491	1
5241	2889	1
5241	1839	1
5241	15299	1
5241	25334	1
5241	16023	1
5241	5560	2
5241	15834	1
5241	3547	1
5241	20894	1
5241	20895	1
5243	15314	1
5243	2975	1
5244	8377	1
5244	1772	1
5244	1533	1
5247	7398	1
5247	6246	1
5247	8513	1
5247	6250	1
5247	6285	1
5247	7496	1
5247	7544	1
5248	12644	2
5248	18087	1
5248	14505	1
5248	12676	1
5248	1655	1
5248	6414	1
5248	3699	1
5248	15060	1
5248	3829	1
5248	21462	1
5248	3703	1
5248	3705	2
5249	20050	1
5249	3819	1
5249	21014	1
5249	622	2
5253	17171	1
5253	11951	1
5258	9557	1
5258	18089	1
5258	15306	1
5258	13358	4
5258	13362	3
5258	1939	1
5258	2871	1
5258	9977	1
5258	16028	3
5258	13374	1
5263	17576	1
5263	10593	9
5265	2627	1
5265	2628	1
5265	2629	1
5265	4683	1
5265	4626	1
5265	4628	1
5265	859	1
5265	4700	1
5266	10220	1
5266	23257	1
5268	3073	1
5268	5179	1
5268	13797	2
5268	4972	1
5268	13454	1
5268	15953	1
5268	1780	1
5268	694	2
5268	59	2
5268	60	3
5269	7877	1
5269	10412	1
5269	4116	2
5269	10424	1
5274	20101	1
5274	2955	1
5274	18095	1
5274	3063	1
5274	18942	1
5277	3307	2
5277	4235	1
5277	816	2
5277	11324	1
5277	13693	1
5283	696	1
5283	10525	1
5284	2980	1
5284	22596	1
5284	1126	3
5284	7119	4
5286	19342	1
5286	34	1
5286	1908	1
5288	577	1
5288	571	1
5288	572	1
5288	573	1
5288	574	1
5289	625	1
5289	62	1
5289	502	1
5289	591	1
5290	26401	1
5290	26033	1
5290	2029	1
5290	913	2
5291	4096	2
5291	10658	1
5303	25250	1
5303	3495	1
5303	10223	1
5303	1654	2
5303	2841	1
5303	3576	1
5303	20764	1
5304	11235	2
5304	9354	1
5304	14827	1
5304	9357	1
5304	16752	1
5304	2138	1
5305	459	1
5305	21227	1
5305	56	1
5305	9172	1
5305	15929	1
5305	10137	3
5305	1727	1
5313	10402	1
5313	10381	1
5316	18	1
5316	859	1
5316	3319	1
5317	23255	1
5317	5539	1
5317	3572	1
5317	3547	1
5318	2889	1
5318	1652	1
5318	18838	1
5318	18840	1
5318	14745	1
5318	1658	1
5318	1661	1
5318	1662	1
5320	10626	1
5320	5782	1
5322	1204	1
5322	1747	1
5322	4700	1
5331	23268	1
5331	3485	1
5331	15918	1
5334	4740	1
5335	22	2
5335	983	1
5335	984	1
5336	2034	2
5336	1907	2
5336	772	1
5336	82	1
5336	6	1
5340	10619	1
5340	10620	1
5342	14052	1
5342	3838	1
5343	796	1
5346	6200	2
5346	1611	1
5352	2698	1
5352	2459	1
5352	2118	1
5356	19273	1
5356	8747	2
5356	7119	1
5357	4626	1
5357	13790	1
5360	3410	1
5360	1676	1
5361	488	1
5361	1901	1
5361	1903	1
5361	1906	1
5361	1907	1
5361	1527	1
5361	1528	1
5361	3859	1
5365	481	3
5365	1277	1
5365	6	2
5367	615	1
5367	1889	3
5367	34	1
5367	491	2
5367	823	1
5380	2638	1
5380	9362	1
5381	571	1
5381	572	1
5381	573	1
5381	559	1
5383	7573	1
5383	18123	1
5385	1828	1
5385	9358	1
5385	11806	1
5385	3486	1
5385	4958	1
5391	3439	2
5398	473	1
5398	474	1
5399	11866	1
5403	8	1
5403	7209	1
5403	2929	1
5403	18	1
5403	1049	1
5406	10619	1
5406	11959	1
5406	14613	1
5406	5390	1
5408	11415	1
5408	14558	1
5408	11031	1
5410	706	1
5410	6819	1
5410	460	1
5410	5141	1
5411	20050	2
5411	1822	1
5412	5195	1
5412	6892	1
5412	689	1
5412	6418	1
5412	1498	2
5414	10920	1
5414	2980	1
5414	10629	1
5414	808	1
5414	13929	3
5414	2958	1
5414	591	2
5414	17024	1
5414	219	1
5414	19708	1
5414	10911	1
5416	710	2
5416	489	1
5416	12024	1
5416	6810	1
5416	1274	1
5416	4991	1
5419	9238	1
5419	1575	3
5419	872	2
5419	4975	1
5419	466	1
5419	28309	1
5419	13464	1
5419	6777	1
5420	19721	1
5420	70	1
5420	5238	1
5421	20766	1
5421	3463	1
5423	6145	1
5423	470	1
5423	471	1
5424	6729	1
5424	9578	1
5425	12228	1
5425	5108	1
5427	9024	1
5427	403	3
5428	10578	1
5428	2791	1
5429	9	1
5429	26	1
5429	19860	1
5430	465	1
5430	1554	2
5430	1291	1
5432	2	1
5432	904	1
5432	1614	1
5432	87	1
5432	476	1
5433	5085	1
5433	10365	1
5434	5793	1
5434	2340	1
5434	128	1
5434	2925	2
5434	3634	1
5434	15321	1
5434	15324	2
5434	62	3
5434	15775	1
5435	2568	1
5435	1364	1
5435	717	2
5435	38	1
5435	2069	1
5437	13929	1
5437	18315	1
5437	20206	2
5441	914	1
5441	926	2
5442	10743	2
5442	8881	1
5442	17551	1
5445	1060	1
5445	814	2
5445	5337	1
5445	59	1
5445	4413	2
5445	12671	4
5446	5144	1
5446	6917	1
5449	4988	2
5449	15373	1
5449	15294	1
5450	3523	3
5450	5539	1
5450	3495	1
5450	14282	1
5450	10092	2
5450	1650	3
5450	2841	3
5450	10938	1
5450	1723	1
5452	11142	1
5452	27213	1
5452	12753	1
5452	15321	1
5452	13817	14
5454	1348	1
5454	6917	1
5454	1578	1
5454	11819	1
5454	11806	1
5455	822	1
5459	24113	1
5459	2983	1
5459	9427	1
5459	2641	1
5461	625	1
5461	3571	2
5461	9857	1
5463	4544	1
5463	6145	1
5463	6178	1
5463	6537	1
5463	908	1
5463	10962	1
5463	10964	1
5463	8375	1
5465	107	1
5465	1727	1
5466	10528	1
5466	2671	1
5466	10527	1
5466	850	2
5467	17678	1
5467	6416	1
5467	9242	1
5467	8349	1
5467	9926	1
5467	1578	1
5467	25904	1
5467	1586	2
5467	10035	1
5467	694	1
5467	19640	1
5467	7622	1
5467	5194	1
5467	3410	1
5467	14045	1
5467	4958	1
5467	1274	1
5468	18032	1
5468	25905	1
5468	553	1
5472	10216	2
5472	15843	2
5483	18544	1
5483	3706	1
5483	13740	1
5483	9789	1
5485	1	1
5485	654	1
5485	655	1
5485	656	1
5485	18	1
5485	10007	1
5485	28	1
5485	6941	1
5485	9394	1
5485	6190	5
5485	2100	1
5485	565	1
5485	2102	1
5485	2103	1
5485	2104	1
5485	2105	1
5485	2106	1
5485	2107	1
5485	2108	1
5485	2109	1
5485	2110	1
5485	2101	1
5485	6990	1
5485	16735	1
5485	608	1
5485	626	1
5485	5238	1
5485	2111	1
5487	4944	1
5487	13385	1
5487	5179	1
5487	463	1
5488	4293	1
5488	8343	1
5488	11390	2
5491	2616	1
5491	2101	1
5491	2110	1
5491	2109	1
5503	9459	1
5503	623	1
5509	18252	1
5509	9787	1
5509	6686	1
5514	2099	1
5514	5613	1
5515	4224	1
5515	196	1
5515	199	1
5515	200	1
5515	201	1
5515	203	1
5515	2288	1
5515	3219	1
5515	27749	1
5515	3003	1
5530	6190	1
5530	1263	1
5531	3900	1
5531	4118	1
5531	4119	1
5531	3996	1
5531	10152	1
5531	4164	1
5531	10309	1
5531	10315	1
5531	3926	1
5531	2793	1
5531	2797	1
5531	2800	1
5531	2802	1
5531	2803	1
5539	14088	1
5539	2228	1
5539	10619	1
5541	2234	1
5541	10619	1
5541	11139	1
5544	4112	1
5544	4113	1
5544	3650	1
5544	11983	1
5545	10046	1
5545	772	1
5545	1285	1
5545	15078	1
5547	768	1
5547	3371	1
5547	1287	1
5547	3849	1
5547	15938	1
5547	19342	1
5547	16877	1
5547	6673	1
5547	1556	1
5547	790	1
5547	9240	1
5547	3867	1
5547	11806	1
5547	1312	1
5547	1955	1
5547	1956	1
5547	2584	5
5547	1448	1
5547	1321	1
5547	6955	1
5547	11833	1
5547	449	2
5547	8375	2
5547	823	1
5547	10843	1
5547	1500	1
5547	6622	1
5547	2015	1
5547	5250	1
5547	2705	1
5547	621	1
5547	1774	1
5547	1519	1
5547	11859	1
5547	4981	1
5547	10874	1
5547	10875	1
5547	14909	1
5547	12030	1
5551	834	1
5551	443	1
5551	2219	1
5557	10646	1
5557	10407	1
5559	622	1
5559	1493	1
5559	3478	1
5562	12930	2
5562	3566	1
5565	18944	1
5565	3459	2
5565	18980	1
5565	22409	1
5565	3415	1
5565	3416	1
5569	11744	1
5569	1440	1
5569	1923	1
5569	6533	1
5569	1543	2
5569	1927	1
5569	9228	1
5569	13326	1
5569	1490	1
5569	1559	1
5569	13464	1
5569	9945	1
5571	9522	1
5571	3587	1
5571	1830	2
5571	25255	1
5571	19339	2
5571	1676	1
5571	3506	1
5571	1839	1
5571	19344	1
5575	3433	1
5575	1586	2
5575	5268	1
5576	9098	1
5576	709	1
5576	10767	1
5577	15435	1
5578	12093	1
5578	12095	1
5579	1032	1
5579	20013	6
5579	1038	1
5579	11483	1
5580	481	1
5580	834	1
5580	5389	1
5580	2638	1
5580	1296	1
5580	625	1
5580	1893	1
5580	13719	1
5580	9980	3
5580	2238	1
5587	3859	1
5587	6643	1
5588	13410	1
5588	13411	1
5588	13412	1
5588	13414	1
5589	902	1
5589	13994	1
5589	5168	1
5589	9109	1
5589	730	1
5592	1537	1
5592	3094	1
5592	13848	1
5592	5013	1
5592	2582	1
5592	3095	1
5592	5155	1
5592	9257	1
5592	3765	1
5592	10295	1
5592	6331	1
5592	446	1
5592	3647	1
5592	4037	1
5592	13389	1
5592	2129	1
5592	26200	1
5592	731	1
5592	12026	1
5592	613	1
5592	614	1
5592	6651	1
5592	4479	1
5594	2695	1
5600	2725	2
5600	7018	3
5600	2380	3
5600	8658	1
5600	5786	1
5604	1478	1
5604	1480	1
5604	10479	1
5606	2627	1
5606	15507	1
5606	2629	1
5606	650	1
5606	2675	1
5606	3669	1
5606	3065	1
5606	2717	1
5613	3216	1
5613	6085	1
5613	5798	1
5613	2317	1
5613	5776	1
5613	3166	1
5613	6053	1
5614	5234	1
5614	2580	1
5614	1286	1
5615	2885	1
5615	3566	1
5615	1839	1
5615	3487	2
5618	21606	1
5618	9643	1
5619	3355	1
5619	6951	1
5622	2069	2
5622	1453	1
5624	202	3
5624	2728	1
5624	2329	1
5625	986	1
5625	22	1
