dataset,preference.beta_Q,preference.lambda_uncertainty,preference.kappa,training.local_epochs,training.learning_rate,ndcg@10,ndcg@20,recall@10,recall@20,precision@10,precision@20,acc@5,acc@10,acc@20
Gowalla,0.5,0.3,0.2,1,0.005,0.10491871513735196,0.14076005411233686,0.0896851797832861,0.18403682207264196,0.09037153322867608,0.0923600209314495,0.34720041862899004,0.5512820512820513,0.7744636316064888
Gowalla,0.5,0.3,0.2,1,0.01,0.1078821813011673,0.14112415221244579,0.09129469320634771,0.18155341956062448,0.09348508634222921,0.09300104657247515,0.358451072736787,0.5661957090528519,0.7728937728937729
Gowalla,0.5,0.3,0.2,1,0.02,0.11011939997605297,0.1441868045934543,0.09258304221226013,0.18423468080217048,0.09432234432234432,0.09399529042386186,0.36473050758765047,0.5635792778649922,0.7734170591313448
Gowalla,0.5,0.3,0.2,3,0.005,0.11119455925147809,0.14565019214599095,0.09422795158307483,0.18687551714422826,0.09479330193615908,0.0945970695970696,0.3534798534798535,0.5593929879644165,0.7760334903192047
Gowalla,0.5,0.3,0.2,3,0.01,0.10853406913757994,0.14212912243266038,0.0922762012212339,0.18121370509420967,0.09319727891156462,0.09307953950811093,0.35714285714285715,0.5544217687074829,0.7639979068550498
Gowalla,0.5,0.3,0.2,3,0.02,0.10613706021455643,0.14076391623822604,0.09156155271621211,0.1835955381153433,0.09272632129774987,0.09322344322344324,0.3550497121925693,0.5638409209837781,0.7768184196755625
Gowalla,0.5,0.3,0.2,5,0.005,0.1070070821085233,0.1408592528850313,0.09139349860967808,0.18131025707683662,0.09298796441653584,0.09294871794871797,0.35949764521193095,0.5617477760334904,0.7807430664573521
Gowalla,0.5,0.3,0.2,5,0.01,0.1053265681087065,0.13867646602837855,0.0890609352870548,0.17819738285268827,0.09136577708006278,0.09131344845630561,0.347723704866562,0.5512820512820513,0.7671376242804814
Gowalla,0.5,0.3,0.2,5,0.02,0.10418702568677418,0.13907501949003395,0.0885678862339851,0.18115744116669596,0.091287284144427,0.0924908424908425,0.3411826268969126,0.5450026164311879,0.771847200418629
Gowalla,0.5,0.3,0.2,10,0.005,0.10859797026580764,0.14301609912811078,0.09147484790307603,0.18422636898083092,0.09340659340659341,0.0935112506541078,0.36106750392464676,0.5572998430141287,0.7799581371009943
Gowalla,0.5,0.3,0.2,10,0.01,0.10984528830481623,0.1430821750980891,0.0931407022856548,0.1834266163472453,0.09531658817373104,0.09377289377289379,0.3642072213500785,0.5716902145473574,0.7755102040816326
Gowalla,0.5,0.3,0.2,10,0.02,0.10733675365538972,0.1412059805934675,0.09139186348283343,0.18202771139148952,0.09259549973835687,0.09277864992150707,0.3597592883307169,0.5570381998953428,0.771585557299843
Gowalla,0.5,0.3,0.5,1,0.005,0.10897507433425588,0.14263919877408435,0.09254598446776588,0.1840007527415637,0.09471480900052329,0.0935504971219257,0.3665620094191523,0.5701203558346416,0.7836211407639979
Gowalla,0.5,0.3,0.5,1,0.01,0.1092968673738504,0.14221360879537778,0.09332382247427551,0.18210654717753688,0.09395604395604396,0.09284406070120356,0.35923600209314493,0.5614861329147044,0.7744636316064888
Gowalla,0.5,0.3,0.5,1,0.02,0.11056286515238493,0.14499186562810354,0.09299878849419962,0.18583761579447844,0.09479330193615908,0.09446624803767661,0.37545787545787546,0.5627943485086342,0.7762951334379906
Gowalla,0.5,0.3,0.5,3,0.005,0.1088981682003175,0.14366273391879075,0.0924086057995801,0.18706438356727154,0.09463631606488751,0.09416535845107273,0.35609628466771326,0.565410779696494,0.7849293563579278
Gowalla,0.5,0.3,0.5,3,0.01,0.10407869376231903,0.13758905103472885,0.08789698114568568,0.17900349315534178,0.09026687598116169,0.09052851909994768,0.3401360544217687,0.5429094714809001,0.7658294086865516
Gowalla,0.5,0.3,0.5,3,0.02,0.10556412515527645,0.13981925551159993,0.08772263456713264,0.1800132819441372,0.09173207744636316,0.09273940345368918,0.358451072736787,0.5444793301936159,0.7702773417059131
Gowalla,0.5,0.3,0.5,5,0.005,0.10681886919505093,0.14124146535848284,0.09204313085568251,0.18385930472860035,0.09262166405023547,0.09243851386708529,0.3532182103610675,0.5622710622710623,0.7739403453689168
Gowalla,0.5,0.3,0.5,5,0.01,0.10717979965560008,0.14062013052719696,0.0898640497530136,0.18074084598836138,0.0923600209314495,0.09200680272108842,0.36237571951857667,0.5554683411826269,0.7742019884877027
Gowalla,0.5,0.3,0.5,5,0.02,0.10773189374205201,0.14095278097944233,0.08981039019591586,0.17959278345246935,0.0923600209314495,0.09263474620617478,0.36106750392464676,0.5528519099947672,0.7697540554683412
Gowalla,0.5,0.3,0.5,10,0.005,0.10791493829977333,0.14233410065049765,0.09044313689120836,0.18306498372674623,0.09275248560962847,0.09296180010465725,0.3618524332810047,0.5604395604395604,0.7781266352694924
Gowalla,0.5,0.3,0.5,10,0.01,0.10600590931291082,0.14093885215346233,0.09050175652112841,0.18330760148954678,0.09191522762951336,0.09279173207744636,0.3540031397174254,0.5536368393511251,0.7728937728937729
Gowalla,0.5,0.3,0.5,10,0.02,0.1092573536739985,0.14326924412960487,0.09136995633930992,0.18405942060948655,0.09432234432234433,0.09345892203035061,0.36813186813186816,0.5617477760334904,0.7757718472004186
Gowalla,0.5,0.3,1.0,1,0.005,0.10721367850577147,0.1397213255684818,0.08995912531908748,0.17837005748779386,0.09327577184720041,0.09204604918890635,0.35714285714285715,0.5607012035583464,0.771585557299843
Gowalla,0.5,0.3,1.0,1,0.01,0.10710770100515767,0.1415287460715361,0.09278534103588935,0.18388233318616498,0.09267399267399268,0.09279173207744637,0.3568812140240712,0.5630559916274201,0.7762951334379906
Gowalla,0.5,0.3,1.0,1,0.02,0.10716341718741353,0.14062365241719235,0.08974252114993819,0.1795578459089339,0.09186289900575616,0.09186289900575616,0.3534798534798535,0.5481423338566196,0.7637362637362637
Gowalla,0.5,0.3,1.0,3,0.005,0.11057910280985418,0.14360386382067264,0.09282673044929748,0.181840275390842,0.09335426478283622,0.09224228152799584,0.37545787545787546,0.5688121402407117,0.7757718472004186
Gowalla,0.5,0.3,1.0,3,0.01,0.10860508068714245,0.14398181088315878,0.09174491184772274,0.18648111216116767,0.09327577184720041,0.09447933019361592,0.35060177917320773,0.5512820512820513,0.7687074829931972
Gowalla,0.5,0.3,1.0,3,0.02,0.10311993511051408,0.13610374237920608,0.08771690808674507,0.1756855360914436,0.09021454735740451,0.09082940868655155,0.34510727367870225,0.5455259026687598,0.7637362637362637
Gowalla,0.5,0.3,1.0,5,0.005,0.1083565895293965,0.14106040292610042,0.08969356946919685,0.1795160592634698,0.09335426478283623,0.09300104657247515,0.3574045002616431,0.5575614861329147,0.7668759811616954
Gowalla,0.5,0.3,1.0,5,0.01,0.10331928286936706,0.13820117332230225,0.08844297624875028,0.180051598988652,0.09045002616431189,0.09259549973835689,0.35243328100470955,0.5499738356881214,0.7794348508634223
Gowalla,0.5,0.3,1.0,5,0.02,0.11061544757197767,0.14487039771854232,0.09422660810086178,0.18663335117943877,0.09374672946101517,0.09338042909471482,0.36813186813186816,0.5667189952904239,0.7804814233385662
Gowalla,0.5,0.3,1.0,10,0.005,0.10654174594713008,0.1400406402887239,0.08991466680983586,0.179456631123092,0.09285714285714285,0.09298796441653584,0.3532182103610675,0.5478806907378336,0.7671376242804814
Gowalla,0.5,0.3,1.0,10,0.01,0.10595517840601905,0.14037892915084285,0.09093703585549333,0.1824376083222253,0.0923076923076923,0.09300104657247515,0.34379905808477235,0.5502354788069074,0.7731554160125589
Gowalla,0.5,0.3,1.0,10,0.02,0.10624474675404395,0.14026546594151348,0.09041319663584077,0.18174556069982106,0.09209837781266353,0.09236002093144952,0.358451072736787,0.5476190476190477,0.7639979068550498
Gowalla,0.5,0.3,2.0,1,0.005,0.10834321073257012,0.1410417860185254,0.0920212148842587,0.18126401909051895,0.09447933019361592,0.0925039246467818,0.36446886446886445,0.5591313448456305,0.7760334903192047
Gowalla,0.5,0.3,2.0,1,0.01,0.1084817750769977,0.14262653102961795,0.09057875964282447,0.1832285957663043,0.09424385138670853,0.09429618001046573,0.36002093144950287,0.5554683411826269,0.7755102040816326
Gowalla,0.5,0.3,2.0,1,0.02,0.10659133297410288,0.14031910496480193,0.08990886661911214,0.1795112769536154,0.09256933542647827,0.09288330716902145,0.36682365253793825,0.5554683411826269,0.7694924123495552
Gowalla,0.5,0.3,2.0,3,0.005,0.11031524744559983,0.14244157852009245,0.09395725925523087,0.18215809095790902,0.09513343799058085,0.09317111459968604,0.35583464154892724,0.5714285714285714,0.7773417059131345
Gowalla,0.5,0.3,2.0,3,0.01,0.10996351172377264,0.14359318981691424,0.09382693232926093,0.1844955771114184,0.09361590790162219,0.09264782836211408,0.369440083725798,0.5633176347462062,0.7713239141810571
Gowalla,0.5,0.3,2.0,3,0.02,0.10905327610561745,0.14439880870589866,0.09397510619527986,0.1875952320452161,0.09340659340659341,0.09375981161695449,0.3574045002616431,0.5714285714285714,0.7888540031397174
Gowalla,0.5,0.3,2.0,5,0.005,0.108561468018768,0.14166588165281904,0.09117819009798431,0.1804035949150896,0.09319727891156462,0.09224228152799582,0.35609628466771326,0.5580847723704867,0.7697540554683412
Gowalla,0.5,0.3,2.0,5,0.01,0.1078108252164284,0.14177915224222312,0.09159971253326368,0.18205774917719672,0.09340659340659341,0.09321036106750392,0.35923600209314493,0.5607012035583464,0.7794348508634223
Gowalla,0.5,0.3,2.0,5,0.02,0.1073305186085725,0.14175377339507786,0.09095218461662367,0.18185437765828008,0.09290947148090006,0.0934720041862899,0.35818942961800104,0.5533751962323391,0.7708006279434851
Gowalla,0.5,0.3,2.0,10,0.005,0.10489242384146848,0.1389826031669495,0.0897709373141466,0.18006382571396995,0.09120879120879122,0.09169283097854528,0.3545264259549974,0.5512820512820513,0.7687074829931972
Gowalla,0.5,0.3,2.0,10,0.01,0.10554796745627425,0.13945731456839658,0.087096081426707,0.17878231516073098,0.09141810570381999,0.09279173207744637,0.35138670852956566,0.542386185243328,0.7728937728937729
Gowalla,0.5,0.3,2.0,10,0.02,0.10790026115456522,0.1418509281318371,0.09193894893209291,0.18362197719533255,0.09539508110936683,0.09450549450549452,0.358974358974359,0.5609628466771324,0.7791732077446363
Gowalla,0.5,0.5,0.2,1,0.005,0.10533341121298577,0.1410555014151494,0.09073697413056683,0.18354151061131985,0.09136577708006278,0.09323652537938253,0.3511250654107797,0.554683411826269,0.7697540554683412
Gowalla,0.5,0.5,0.2,1,0.01,0.10867385456353396,0.14271792971434424,0.09165505240975746,0.18430592878959726,0.09484563055991628,0.09413919413919414,0.3636839351125065,0.5604395604395604,0.7762951334379906
Gowalla,0.5,0.5,0.2,1,0.02,0.10949511871540961,0.1443709093876024,0.09088242316049194,0.1837174187992016,0.0933804290947148,0.09429618001046572,0.3579277864992151,0.5570381998953428,0.7857142857142857
Gowalla,0.5,0.5,0.2,3,0.005,0.10617781034140494,0.1402076542873846,0.09074126717980778,0.18190390938493026,0.0924646781789639,0.09289638932496076,0.3458922030350602,0.5528519099947672,0.7702773417059131
Gowalla,0.5,0.5,0.2,3,0.01,0.1109595133067883,0.14411407330737855,0.09354143574817504,0.18384873211659353,0.09557823129251701,0.09423076923076924,0.37127158555729983,0.5622710622710623,0.7700156985871272
Gowalla,0.5,0.5,0.2,3,0.02,0.10945420735405903,0.14197987797155034,0.09246853210852025,0.18186600925319696,0.09450549450549452,0.09285714285714287,0.3631606488749346,0.5625327053898482,0.7794348508634223
Gowalla,0.5,0.5,0.2,5,0.005,0.10752676674811046,0.14213743153913982,0.09148525781138951,0.18337353662991618,0.09280481423338567,0.09297488226059655,0.3613291470434328,0.5591313448456305,0.7789115646258503
Gowalla,0.5,0.5,0.2,5,0.01,0.10574554503844505,0.1396077827943824,0.08931723507112493,0.1811705293208864,0.09233385661957091,0.09222919937205651,0.3464154892726321,0.5497121925693355,0.7681841967556253
Gowalla,0.5,0.5,0.2,5,0.02,0.10508277300836869,0.13977545456264664,0.0888885802833338,0.1813806680321187,0.0912611198325484,0.09209837781266354,0.3529565672422815,0.5499738356881214,0.7804814233385662
Gowalla,0.5,0.5,0.2,10,0.005,0.10668998067278104,0.14103267947918022,0.0893475299408964,0.18200720518439986,0.0923861852433281,0.09280481423338567,0.3631606488749346,0.5552066980638409,0.7786499215070644
Gowalla,0.5,0.5,0.2,10,0.01,0.10435986063020988,0.13846004031159806,0.08793921400205554,0.1788083795475982,0.0911302982731554,0.09221611721611722,0.3492935635792779,0.5512820512820513,0.7668759811616954
Gowalla,0.5,0.5,0.2,10,0.02,0.10836434583797433,0.14101968227368247,0.09167486512753938,0.18043902269253667,0.093563579277865,0.09207221350078493,0.36342229199372056,0.564625850340136,0.7752485609628467
Gowalla,0.5,0.5,0.5,1,0.005,0.10345555150682878,0.1387927279167619,0.08756473097962886,0.18194518672074053,0.09060701203558347,0.09279173207744638,0.34170591313448456,0.5494505494505495,0.7710622710622711
Gowalla,0.5,0.5,0.5,1,0.01,0.11131334930598097,0.14233987813577675,0.09298695646989852,0.1802920665318779,0.09508110936682367,0.09230769230769233,0.3757195185766614,0.5648874934589221,0.771847200418629
Gowalla,0.5,0.5,0.5,1,0.02,0.10676672400507864,0.1406142538753817,0.09243476507427303,0.1828158061208176,0.0937467294610152,0.09330193615907902,0.3566195709052852,0.5596546310832025,0.7749869178440607
Gowalla,0.5,0.5,0.5,3,0.005,0.10732472610926544,0.1432591704786792,0.0925800276582159,0.18620245749908348,0.09162742019884879,0.09318419675562534,0.3568812140240712,0.5586080586080586,0.7783882783882784
Gowalla,0.5,0.5,0.5,3,0.01,0.10672214090703828,0.13980216244490132,0.0890994060713133,0.1802790511338157,0.0923861852433281,0.09191522762951336,0.358451072736787,0.5497121925693355,0.7705389848246991
Gowalla,0.5,0.5,0.5,3,0.02,0.11118773155901523,0.14346896957908314,0.0934209368914784,0.18179910805172328,0.09492412349555207,0.09315803244374675,0.3626373626373626,0.5627943485086342,0.7739403453689168
Gowalla,0.5,0.5,0.5,5,0.005,0.10690996847461187,0.14095303936083797,0.08989443031747466,0.18079187358670673,0.09262166405023547,0.09300104657247515,0.3579277864992151,0.5593929879644165,0.7721088435374149
Gowalla,0.5,0.5,0.5,5,0.01,0.10368501635216286,0.1374576860825168,0.08906844213504603,0.17867505748758303,0.09081632653061225,0.09135269492412348,0.3435374149659864,0.5552066980638409,0.7705389848246991
Gowalla,0.5,0.5,0.5,5,0.02,0.10762877545712257,0.14162816496245012,0.09104215886767389,0.18275580200276373,0.0923600209314495,0.09268707482993198,0.36002093144950287,0.5609628466771324,0.7757718472004186
Gowalla,0.5,0.5,0.5,10,0.005,0.11055110345631364,0.1435502040635377,0.09356264973369852,0.18403963674565693,0.0956828885400314,0.09399529042386187,0.3621140763997907,0.5648874934589221,0.7789115646258503
Gowalla,0.5,0.5,0.5,10,0.01,0.10644042578101688,0.14083355091085892,0.09050044876636246,0.18202894467382447,0.09167974882260596,0.09229461015175301,0.3613291470434328,0.5494505494505495,0.7721088435374149
Gowalla,0.5,0.5,0.5,10,0.02,0.10845019464352278,0.141465367950229,0.09235362920635967,0.18165735901430943,0.0934850863422292,0.09205913134484564,0.358974358974359,0.565410779696494,0.772632129774987
Gowalla,0.5,0.5,1.0,1,0.005,0.10677650184530213,0.14121645074034997,0.08934811852939469,0.1813257467681875,0.09209837781266353,0.09309262166405023,0.3529565672422815,0.5497121925693355,0.7723704866562009
Gowalla,0.5,0.5,1.0,1,0.01,0.10790886606734654,0.1413213177716293,0.09170659993818492,0.18155770591775705,0.0945839874411303,0.09377289377289377,0.3636839351125065,0.5599162742019885,0.7692307692307693
Gowalla,0.5,0.5,1.0,1,0.02,0.10325006408219653,0.13584281454517744,0.08652222918899648,0.1744962754898697,0.0902930402930403,0.09102564102564102,0.33542647828362115,0.5340136054421769,0.7592883307169022
Gowalla,0.5,0.5,1.0,3,0.005,0.10984141111099001,0.14301610067311457,0.09393416636895306,0.1841938939381917,0.09429618001046572,0.09288330716902145,0.3660387231815803,0.565410779696494,0.7765567765567766
Gowalla,0.5,0.5,1.0,3,0.01,0.10938907606561885,0.14195346821929591,0.09245585551697626,0.18128620041564236,0.09382522239665098,0.09237310308738882,0.3670852956567242,0.5591313448456305,0.7676609105180534
Gowalla,0.5,0.5,1.0,3,0.02,0.10575980045256926,0.1398020370894668,0.08900082185514152,0.17933915779610152,0.09220303506017791,0.09262166405023549,0.35583464154892724,0.5510204081632653,0.7689691261119832
Gowalla,0.5,0.5,1.0,5,0.005,0.10943590973731306,0.14340243780342066,0.09234682370223875,0.18497662872933177,0.09468864468864469,0.09411302982731555,0.35949764521193095,0.5604395604395604,0.7817896389324961
Gowalla,0.5,0.5,1.0,5,0.01,0.10634439176756955,0.13918301703346786,0.09187655614899899,0.18031765628761212,0.09201988487702775,0.09154892726321298,0.34327577184720043,0.565149136577708,0.7710622710622711
Gowalla,0.5,0.5,1.0,5,0.02,0.10961083662202908,0.14178107099439818,0.0923652174807837,0.18088789313544087,0.09413919413919414,0.09306645735217164,0.36342229199372056,0.5565149136577708,0.7710622710622711
Gowalla,0.5,0.5,1.0,10,0.005,0.10841133728267228,0.14153018262016784,0.0912779273020813,0.18083036943115444,0.09385138670852958,0.09314495028780743,0.35426478283621143,0.5554683411826269,0.7687074829931972
Gowalla,0.5,0.5,1.0,10,0.01,0.10773106889059528,0.14211430340869768,0.09095898531194559,0.18436211328745156,0.09379905808477239,0.09374672946101517,0.3511250654107797,0.5591313448456305,0.7802197802197802
Gowalla,0.5,0.5,1.0,10,0.02,0.1065940449533867,0.14186017885431507,0.08847184961663772,0.1840192501862074,0.09290947148090006,0.09434850863422292,0.35818942961800104,0.5455259026687598,0.782051282051282
Gowalla,0.5,0.5,2.0,1,0.005,0.10456427570608563,0.1395029198206531,0.08901770301396522,0.17994112473704427,0.09058084772370488,0.092556253270539,0.3534798534798535,0.554945054945055,0.7705389848246991
Gowalla,0.5,0.5,2.0,1,0.01,0.10678676054399575,0.14066184074080046,0.09137265035218603,0.18151769455716646,0.09290947148090006,0.09270015698587128,0.3563579277864992,0.5614861329147044,0.7765567765567766
Gowalla,0.5,0.5,2.0,1,0.02,0.11006577154767742,0.14216217596254033,0.09406897113915406,0.1820082431616992,0.09461015175300891,0.09230769230769233,0.3597592883307169,0.5695970695970696,0.771847200418629
Gowalla,0.5,0.5,2.0,3,0.005,0.10866664479399926,0.1426246064882837,0.09131928607692472,0.18300580877433126,0.09390371533228677,0.09351125065410783,0.36342229199372056,0.5586080586080586,0.7783882783882784
Gowalla,0.5,0.5,2.0,3,0.01,0.10879310724772435,0.14205638526225653,0.09306333071533718,0.18171589153543136,0.09290947148090006,0.09276556776556778,0.36446886446886445,0.5633176347462062,0.771847200418629
Gowalla,0.5,0.5,2.0,3,0.02,0.10886775069017005,0.14223388442067783,0.0919581494811133,0.1822701609287932,0.09382522239665098,0.09382522239665098,0.3529565672422815,0.5607012035583464,0.771847200418629
Gowalla,0.5,0.5,2.0,5,0.005,0.10618244496280592,0.14168462776150986,0.0911154626771566,0.18438387356021654,0.0912349555206698,0.09330193615907902,0.34746206174777605,0.5572998430141287,0.783359497645212
Gowalla,0.5,0.5,2.0,5,0.01,0.10860962043451432,0.14241864679750632,0.09140451137249063,0.183200798177373,0.09277864992150707,0.0924123495552067,0.3649921507064364,0.5596546310832025,0.771585557299843
Gowalla,0.5,0.5,2.0,5,0.02,0.10504205105920177,0.13983352911730174,0.0904932113735665,0.1825740873049512,0.09173207744636316,0.09225536368393512,0.3458922030350602,0.5593929879644165,0.7736787022501308
Gowalla,0.5,0.5,2.0,10,0.005,0.10645191936420594,0.14158666868001094,0.0902090944685195,0.18353606519004348,0.09186289900575616,0.09324960753532181,0.3534798534798535,0.5533751962323391,0.7817896389324961
Gowalla,0.5,0.5,2.0,10,0.01,0.10563182163764276,0.13970482524819225,0.08817154198571658,0.17928388258544734,0.09071166928309787,0.09195447409733125,0.348246991104134,0.543171114599686,0.7639979068550498
Gowalla,0.5,0.5,2.0,10,0.02,0.10630962200823768,0.13879176725305434,0.09023159530161438,0.1782301065459527,0.09317111459968604,0.09207221350078494,0.35714285714285715,0.5567765567765568,0.760858189429618
Gowalla,0.5,0.7,0.2,1,0.005,0.10639677871807113,0.13956260323401617,0.0904511426851576,0.17976801728981434,0.09186289900575616,0.0914050235478807,0.3529565672422815,0.5465724751439037,0.7702773417059131
Gowalla,0.5,0.7,0.2,1,0.01,0.10465026118775188,0.13902256787991865,0.08817600197670063,0.18021189578663122,0.09209837781266353,0.09298796441653585,0.3456305599162742,0.5463108320251178,0.7692307692307693
Gowalla,0.5,0.7,0.2,1,0.02,0.11060864597967579,0.14246050006267025,0.09404040564360248,0.18236190803871558,0.09539508110936683,0.09301412872841444,0.358712715855573,0.5635792778649922,0.771847200418629
Gowalla,0.5,0.7,0.2,3,0.005,0.10679304023522018,0.14128729731403655,0.09247842271172076,0.18475653787893745,0.09366823652537938,0.09344583987441131,0.35138670852956566,0.565149136577708,0.7794348508634223
Gowalla,0.5,0.7,0.2,3,0.01,0.10822340660347506,0.1427106912929863,0.0933604214981865,0.18506877214076264,0.09345892203035061,0.09358974358974359,0.3545264259549974,0.5664573521716378,0.7859759288330717
Gowalla,0.5,0.7,0.2,3,0.02,0.10487343478579711,0.1385598083384947,0.08774356273139332,0.1781863711945505,0.09154892726321298,0.09194139194139195,0.34720041862899004,0.5410779696493982,0.7697540554683412
Gowalla,0.5,0.7,0.2,5,0.005,0.10724380966165688,0.14118529872014315,0.08963542124272114,0.1804307773218951,0.0925431711145997,0.09297488226059655,0.3574045002616431,0.5491889063317634,0.7647828362114076
Gowalla,0.5,0.7,0.2,5,0.01,0.10775263306371975,0.14237658865956698,0.09245223355395367,0.18443467299222147,0.09335426478283623,0.0936028257456829,0.3540031397174254,0.5596546310832025,0.7744636316064888
Gowalla,0.5,0.7,0.2,5,0.02,0.11150339659024237,0.14472601818456995,0.09243611056353303,0.1839228577503413,0.095839874411303,0.09447933019361592,0.3642072213500785,0.5599162742019885,0.7749869178440607
Gowalla,0.5,0.7,0.2,10,0.005,0.10831935601363925,0.14208092865163546,0.09119320603028781,0.18303616372781464,0.0936159079016222,0.0934981684981685,0.35923600209314493,0.5554683411826269,0.7744636316064888
Gowalla,0.5,0.7,0.2,10,0.01,0.10648047927685099,0.14083252402135343,0.0886395736879189,0.1811709125667356,0.09256933542647829,0.09311878597592885,0.34746206174777605,0.5484039769754055,0.7705389848246991
Gowalla,0.5,0.7,0.2,10,0.02,0.1092646881880533,0.14294401064077905,0.09238220834113657,0.18349021457437026,0.09361590790162219,0.09324960753532184,0.3626373626373626,0.5659340659340659,0.771847200418629
Gowalla,0.5,0.7,0.5,1,0.005,0.10655454070689967,0.1405006254321779,0.08965657912031871,0.18007722399782583,0.09212454212454213,0.09255625327053899,0.35583464154892724,0.5470957613814756,0.7639979068550498
Gowalla,0.5,0.7,0.5,1,0.01,0.10522265865954346,0.13943727172994466,0.08866425560400128,0.1805310783987471,0.09089481946624804,0.09195447409733125,0.35060177917320773,0.5484039769754055,0.7660910518053375
Gowalla,0.5,0.7,0.5,1,0.02,0.10857414010392415,0.14192950735328844,0.09281829632607594,0.18289085106949765,0.09408686551543695,0.09301412872841444,0.36159079016221873,0.5601779173207745,0.771847200418629
Gowalla,0.5,0.7,0.5,3,0.005,0.10637388374816645,0.13971168655996422,0.08905778610746715,0.18027314785899745,0.09256933542647829,0.09221611721611722,0.3456305599162742,0.5520669806384092,0.772632129774987
Gowalla,0.5,0.7,0.5,3,0.01,0.10619233033894357,0.1393770882042147,0.0905368775931547,0.17958401307379282,0.09118262689691262,0.09118262689691262,0.35190999476713763,0.5575614861329147,0.772632129774987
Gowalla,0.5,0.7,0.5,3,0.02,0.10966432994317957,0.1428858447097519,0.09281034131837078,0.18260075310289295,0.09474097331240189,0.09332810047095762,0.3642072213500785,0.5685504971219257,0.7765567765567766
Gowalla,0.5,0.7,0.5,5,0.005,0.10553582438467611,0.1396892111680326,0.08942614672839487,0.18015851539896416,0.09167974882260596,0.09222919937205654,0.34746206174777605,0.5491889063317634,0.7687074829931972
Gowalla,0.5,0.7,0.5,5,0.01,0.10817044538366885,0.14111693940473025,0.09215190873093111,0.18194395571354977,0.09366823652537938,0.09275248560962847,0.36446886446886445,0.5570381998953428,0.7783882783882784
Gowalla,0.5,0.7,0.5,5,0.02,0.10439003823619708,0.1389776623744655,0.08595778862977115,0.17845857536473883,0.09018838304552591,0.09221611721611722,0.3500784929356358,0.5418628990057561,0.7671376242804814
Gowalla,0.5,0.7,0.5,10,0.005,0.10737864940231394,0.14018517449496862,0.08860737312995437,0.17842769888510238,0.09222919937205651,0.09196755625327055,0.3568812140240712,0.5512820512820513,0.7655677655677655
Gowalla,0.5,0.7,0.5,10,0.01,0.10937154224123821,0.14262710782468072,0.09330218030492189,0.18397948860597388,0.09382522239665098,0.09215070643642073,0.3626373626373626,0.5709052851909995,0.782051282051282
Gowalla,0.5,0.7,0.5,10,0.02,0.1090846188384815,0.1425893926845841,0.09200247319584799,0.18321305901488005,0.09408686551543695,0.09311878597592885,0.36891679748822603,0.5635792778649922,0.7773417059131345
Gowalla,0.5,0.7,1.0,1,0.005,0.1118815681858135,0.14521653106768442,0.09415968274207316,0.1850582628281412,0.09623233908948195,0.09551282051282053,0.3686551543694401,0.5680272108843537,0.7744636316064888
Gowalla,0.5,0.7,1.0,1,0.01,0.10513222916533915,0.14022197029432515,0.08830376536796565,0.18120449816351092,0.09136577708006278,0.09271323914181058,0.34955520669806384,0.5452642595499738,0.7708006279434851
Gowalla,0.5,0.7,1.0,1,0.02,0.10613761691962031,0.14122079034333365,0.0904740916548159,0.18357153929904696,0.09293563579277866,0.09378597592883309,0.36577708006279436,0.5572998430141287,0.7744636316064888
Gowalla,0.5,0.7,1.0,3,0.005,0.10638493774164193,0.1413226270853318,0.09066383958183279,0.1830999050352967,0.09157509157509157,0.09270015698587128,0.35478806907378335,0.5504971219256933,0.7702773417059131
Gowalla,0.5,0.7,1.0,3,0.01,0.10808645198800497,0.13933419925395263,0.09253446223540868,0.17891412063287385,0.09534275248560962,0.09232077446363161,0.35034013605442177,0.5633176347462062,0.7642595499738357
Gowalla,0.5,0.7,1.0,3,0.02,0.10822980857018559,0.14270730296279263,0.09165412047434945,0.18470278326207437,0.09306645735217163,0.09276556776556777,0.3534798534798535,0.5536368393511251,0.7723704866562009
Gowalla,0.5,0.7,1.0,5,0.005,0.10690359551235404,0.14112891825691998,0.09029287192437063,0.18188728020851483,0.0934850863422292,0.09353741496598642,0.35714285714285715,0.5559916274201988,0.7778649921507065
Gowalla,0.5,0.7,1.0,5,0.01,0.10680656892037307,0.13944075725248553,0.09103533469513003,0.17881617787290086,0.09293563579277866,0.09203296703296704,0.358974358974359,0.5591313448456305,0.7708006279434851
Gowalla,0.5,0.7,1.0,5,0.02,0.10407194466911152,0.13822563468325078,0.08872540121240116,0.17912896256367655,0.09079016221873365,0.0916143380429095,0.34746206174777605,0.5520669806384092,0.7663526949241235
Gowalla,0.5,0.7,1.0,10,0.005,0.11059561630519887,0.1442027881283786,0.09180022291075472,0.1833690357895248,0.09536891679748823,0.09445316588173731,0.3655154369440084,0.5612244897959183,0.7697540554683412
Gowalla,0.5,0.7,1.0,10,0.01,0.10615284854573431,0.14049808453349508,0.08974598145513028,0.1810054821189023,0.09160125588697018,0.09203296703296704,0.3652537938252224,0.554683411826269,0.7700156985871272
Gowalla,0.5,0.7,1.0,10,0.02,0.11128986110894007,0.14383523028627268,0.09302648495473463,0.18279485230870723,0.09539508110936681,0.09395604395604396,0.36394557823129253,0.5682888540031397,0.7749869178440607
Gowalla,0.5,0.7,2.0,1,0.005,0.10763183335914119,0.14082403696104356,0.09009281348948275,0.18052715158237173,0.09283097854526427,0.09229461015175301,0.3521716378859236,0.5578231292517006,0.7637362637362637
Gowalla,0.5,0.7,2.0,1,0.01,0.10791464060644766,0.14116216485563524,0.0904002678746136,0.18125016919816891,0.09340659340659341,0.09293563579277866,0.3652537938252224,0.5591313448456305,0.7773417059131345
Gowalla,0.5,0.7,2.0,1,0.02,0.10198215092679458,0.13656816517952972,0.08737476974404733,0.17787878901380672,0.08971742543171114,0.09141810570382,0.34301412872841447,0.5447409733124019,0.771847200418629
Gowalla,0.5,0.7,2.0,3,0.005,0.1079485948163571,0.14275056436260125,0.09155756318851234,0.18407098746435682,0.09285714285714286,0.09381214024071168,0.35060177917320773,0.5510204081632653,0.7781266352694924
Gowalla,0.5,0.7,2.0,3,0.01,0.10468500688419438,0.13898367603229564,0.08859661840504607,0.17979271441298197,0.09113029827315541,0.09216378859236003,0.34301412872841447,0.5491889063317634,0.7632129774986918
Gowalla,0.5,0.7,2.0,3,0.02,0.10572011910221944,0.13880443346800772,0.08930862019854263,0.17834570910082628,0.09154892726321298,0.09183673469387756,0.35060177917320773,0.5460491889063318,0.7621664050235479
Gowalla,0.5,0.7,2.0,5,0.005,0.10721170460010591,0.14105812372609003,0.08978979230035343,0.18048162726543615,0.09228152799581373,0.09267399267399269,0.3579277864992151,0.5486656200941915,0.7742019884877027
Gowalla,0.5,0.7,2.0,5,0.01,0.1059452886229326,0.13983337876386315,0.08933990301512547,0.18050971453659218,0.09280481423338567,0.09352433281004711,0.3579277864992151,0.5510204081632653,0.7694924123495552
Gowalla,0.5,0.7,2.0,5,0.02,0.11082819005836242,0.14464240833240544,0.0944345561200865,0.18539755767800598,0.09688644688644689,0.09553898482469912,0.36787022501308214,0.5727367870225013,0.7802197802197802
Gowalla,0.5,0.7,2.0,10,0.005,0.1098369113761069,0.14294730734751773,0.09354504112856525,0.18266615894577642,0.09455782312925169,0.093563579277865,0.36106750392464676,0.5583464154892727,0.7749869178440607
Gowalla,0.5,0.7,2.0,10,0.01,0.10481057669686056,0.13895420340928247,0.08871855894302431,0.17866893279807283,0.09105180533751962,0.09260858189429619,0.34746206174777605,0.5421245421245421,0.7637362637362637
Gowalla,0.5,0.7,2.0,10,0.02,0.10450552919959495,0.13972646383700216,0.08804950185440281,0.18147339901883813,0.09102564102564104,0.09279173207744636,0.347723704866562,0.5499738356881214,0.7705389848246991
Gowalla,0.5,1.0,0.2,1,0.005,0.10615769410903145,0.13980512469986875,0.09097666841934443,0.1812007315154662,0.09228152799581373,0.09216378859236003,0.35034013605442177,0.5604395604395604,0.7789115646258503
Gowalla,0.5,1.0,0.2,1,0.01,0.10579331187867298,0.1406671886476837,0.09054578090010165,0.18371937160980145,0.09212454212454213,0.09313186813186815,0.3555729984301413,0.5572998430141287,0.7760334903192047
Gowalla,0.5,1.0,0.2,1,0.02,0.10875082815876963,0.14149048792068664,0.09166010211563985,0.18127355495141595,0.09424385138670854,0.09311878597592883,0.3613291470434328,0.5552066980638409,0.772632129774987
Gowalla,0.5,1.0,0.2,3,0.005,0.10612315035209618,0.13913716638222182,0.09037584647490209,0.17843784058332193,0.09217687074829932,0.09162742019884877,0.35269492412349557,0.5614861329147044,0.7721088435374149
Gowalla,0.5,1.0,0.2,3,0.01,0.10836643853927573,0.1406644951755527,0.09313197531158786,0.18083207941526755,0.09495028780743067,0.09314495028780743,0.35269492412349557,0.5685504971219257,0.7755102040816326
Gowalla,0.5,1.0,0.2,3,0.02,0.109966535090598,0.14271220023885847,0.09287679044082417,0.18226792043220932,0.09523809523809523,0.09345892203035061,0.35583464154892724,0.5638409209837781,0.7755102040816326
Gowalla,0.5,1.0,0.2,5,0.005,0.10758547914224785,0.14191889153393353,0.09224089334397449,0.1839011279290012,0.09319727891156464,0.09341967556253272,0.3516483516483517,0.5612244897959183,0.7791732077446363
Gowalla,0.5,1.0,0.2,5,0.01,0.10620942695993585,0.14052917441717722,0.08947923458124729,0.18140979940498905,0.09120879120879122,0.09200680272108844,0.3553113553113553,0.5533751962323391,0.7749869178440607
Gowalla,0.5,1.0,0.2,5,0.02,0.1059232938333206,0.14072107820395874,0.0877829679832947,0.18032872925762336,0.09079016221873365,0.09229461015175301,0.35138670852956566,0.5507587650444793,0.7700156985871272
Gowalla,0.5,1.0,0.2,10,0.005,0.1074818136168115,0.1428461266283512,0.08942579431177822,0.1832614402399919,0.09332810047095762,0.09463631606488751,0.3540031397174254,0.5536368393511251,0.7710622710622711
Gowalla,0.5,1.0,0.2,10,0.01,0.10568118328140517,0.1394066160509626,0.0884903270622624,0.17817351962781053,0.09144427001569859,0.09190214547357405,0.35269492412349557,0.5499738356881214,0.7689691261119832
Gowalla,0.5,1.0,0.2,10,0.02,0.11019846390217652,0.14219937839119492,0.09272008753521477,0.18052247863414927,0.09392987964416535,0.09212454212454213,0.36054421768707484,0.5604395604395604,0.7710622710622711
Gowalla,0.5,1.0,0.5,1,0.005,0.10677842562855401,0.1396918415951103,0.09129201519382552,0.179257336433114,0.09183673469387756,0.0914573521716379,0.3597592883307169,0.5614861329147044,0.7658294086865516
Gowalla,0.5,1.0,0.5,1,0.01,0.10563787184973826,0.1384263266192733,0.0908098611579732,0.17788619203972134,0.09264782836211406,0.09174515960230245,0.3532182103610675,0.554683411826269,0.7660910518053375
Gowalla,0.5,1.0,0.5,1,0.02,0.11108614935698383,0.14543953453111913,0.09508463680913594,0.1886754214246815,0.09599686028257456,0.09481946624803768,0.36577708006279436,0.565149136577708,0.783359497645212
Gowalla,0.5,1.0,0.5,3,0.005,0.10652610229281075,0.14091147446575056,0.09001301613589931,0.18116146841846392,0.09196755625327054,0.09284406070120356,0.358712715855573,0.554945054945055,0.7744636316064888
Gowalla,0.5,1.0,0.5,3,0.01,0.10957121149638537,0.14366007843699408,0.09078418624694952,0.18445630885148337,0.09437467294610151,0.09424385138670853,0.358451072736787,0.5586080586080586,0.7776033490319204
Gowalla,0.5,1.0,0.5,3,0.02,0.10690558851968479,0.14187828386966916,0.09023295306383808,0.18292917548734536,0.0924646781789639,0.09369440083725798,0.35766614338042907,0.5533751962323391,0.7794348508634223
Gowalla,0.5,1.0,0.5,5,0.005,0.11214685578170186,0.14494433698565545,0.09459926653913746,0.18471337624791756,0.09594453165881738,0.09399529042386186,0.3676085818942962,0.5672422815279958,0.7752485609628467
Gowalla,0.5,1.0,0.5,5,0.01,0.1093090916596782,0.14351204029051348,0.09280551342753622,0.1843514944589253,0.09372056514913657,0.09392987964416535,0.35766614338042907,0.5675039246467818,0.7828362114076399
Gowalla,0.5,1.0,0.5,5,0.02,0.1098537216118673,0.14465355267765012,0.09088374694120915,0.18476460970557587,0.09552590266875982,0.09564364207221351,0.3670852956567242,0.5518053375196232,0.7744636316064888
Gowalla,0.5,1.0,0.5,10,0.005,0.10514890723160826,0.13872779076880712,0.08797132059330842,0.17800782255068176,0.09175824175824177,0.0923861852433281,0.3540031397174254,0.5450026164311879,0.7639979068550498
Gowalla,0.5,1.0,0.5,10,0.01,0.10562910264147413,0.13900122440963536,0.0905780034933115,0.17901292107538047,0.09207221350078494,0.09216378859236002,0.3500784929356358,0.5497121925693355,0.7697540554683412
Gowalla,0.5,1.0,0.5,10,0.02,0.10822908642286473,0.14079576588953113,0.09125868024491941,0.17940907191346292,0.09304029304029304,0.09228152799581373,0.3534798534798535,0.5536368393511251,0.7742019884877027
Gowalla,0.5,1.0,1.0,1,0.005,0.10748704470817831,0.14144795142745697,0.0899404527851517,0.18160722415941294,0.09280481423338566,0.09284406070120356,0.3516483516483517,0.5554683411826269,0.7679225536368394
Gowalla,0.5,1.0,1.0,1,0.01,0.10404222048672053,0.13796873040408492,0.08794812747482185,0.17822072871479638,0.09010989010989011,0.09127420198848771,0.35034013605442177,0.5470957613814756,0.7705389848246991
Gowalla,0.5,1.0,1.0,1,0.02,0.10785007226226105,0.14161918709210183,0.08977279607989606,0.18085628297010414,0.09319727891156464,0.09404761904761906,0.3579277864992151,0.5552066980638409,0.7684458398744113
Gowalla,0.5,1.0,1.0,3,0.005,0.11120700611257336,0.1436102368724586,0.09640572676517686,0.18488632553357112,0.0956567242281528,0.0933150183150183,0.358712715855573,0.5701203558346416,0.7841444270015698
Gowalla,0.5,1.0,1.0,3,0.01,0.10693803313099089,0.14236523763868647,0.09238713296044548,0.18638034999737085,0.09220303506017791,0.09339351125065412,0.3511250654107797,0.5583464154892727,0.7851909994767138
Gowalla,0.5,1.0,1.0,3,0.02,0.10382327668230787,0.13732110864628772,0.086065142145465,0.17667620066029868,0.09039769754055468,0.09154892726321297,0.3435374149659864,0.5358451072736787,0.7619047619047619
Gowalla,0.5,1.0,1.0,5,0.005,0.1095941983211869,0.1446162140617556,0.09348162244107558,0.18718459685035058,0.09374672946101517,0.09411302982731555,0.358974358974359,0.5669806384092099,0.7851909994767138
Gowalla,0.5,1.0,1.0,5,0.01,0.10745132381907689,0.14062266501819803,0.09054041592599912,0.18066489322535648,0.09285714285714285,0.09199372056514914,0.3579277864992151,0.554683411826269,0.7760334903192047
Gowalla,0.5,1.0,1.0,5,0.02,0.1043018007039203,0.13693715446978755,0.08872617617422195,0.17536433021846642,0.09013605442176871,0.0902276295133438,0.34327577184720043,0.5515436944008373,0.761119832548404
Gowalla,0.5,1.0,1.0,10,0.005,0.10903940515604102,0.14364632981043368,0.09410145608905524,0.18619140688519686,0.0935112506541078,0.09332810047095763,0.3566195709052852,0.5638409209837781,0.7794348508634223
Gowalla,0.5,1.0,1.0,10,0.01,0.1099881767437752,0.14260303781873787,0.09429860795673045,0.183072118539153,0.09526425954997385,0.0934981684981685,0.3608058608058608,0.5703819989534276,0.7713239141810571
Gowalla,0.5,1.0,1.0,10,0.02,0.11213546650410694,0.14562309228147763,0.09546153797203162,0.18669940924162384,0.09583987441130298,0.094570905285191,0.37755102040816324,0.576138147566719,0.7844060701203558
Gowalla,0.5,1.0,2.0,1,0.005,0.10596237563150733,0.13960435734891433,0.08891870464963346,0.17772520734969105,0.09052851909994768,0.09150968079539508,0.3534798534798535,0.5463108320251178,0.7666143380429095
Gowalla,0.5,1.0,2.0,1,0.01,0.10818845203802246,0.14268181516477016,0.09015767402667194,0.18359952763461493,0.09314495028780743,0.093563579277865,0.3568812140240712,0.5588697017268446,0.7721088435374149
Gowalla,0.5,1.0,2.0,1,0.02,0.10442939452864151,0.13912388563307804,0.08815574431264966,0.18219538632805324,0.09217687074829932,0.09285714285714286,0.3566195709052852,0.554160125588697,0.7810047095761381
Gowalla,0.5,1.0,2.0,3,0.005,0.10348334046703206,0.13738812050852903,0.08765873086309656,0.17793376332291436,0.09026687598116169,0.09150968079539508,0.3498168498168498,0.5518053375196232,0.7702773417059131
Gowalla,0.5,1.0,2.0,3,0.01,0.10376790200421834,0.1385445151421904,0.08739477418296569,0.17987104807144888,0.08971742543171116,0.09098639455782315,0.34327577184720043,0.5439560439560439,0.7762951334379906
Gowalla,0.5,1.0,2.0,3,0.02,0.10729796484240084,0.1397177934004085,0.09016212654346864,0.17941503074250256,0.09275248560962847,0.09136577708006281,0.35766614338042907,0.5622710622710623,0.7789115646258503
Gowalla,0.5,1.0,2.0,5,0.005,0.10637713061772068,0.1420040192911413,0.09126327707973561,0.18451689099243856,0.09262166405023547,0.09436159079016222,0.347723704866562,0.5478806907378336,0.7786499215070644
Gowalla,0.5,1.0,2.0,5,0.01,0.10586034210372104,0.13820919599116893,0.08854895234842586,0.17572112317990768,0.09154892726321298,0.0913134484563056,0.3466771323914181,0.5463108320251178,0.76007326007326
Gowalla,0.5,1.0,2.0,5,0.02,0.10556466689880663,0.14027740276843348,0.08890936231063962,0.18219146073022885,0.09215070643642073,0.09322344322344324,0.34903192046049186,0.554160125588697,0.7836211407639979
Gowalla,0.5,1.0,2.0,10,0.005,0.10324245613702365,0.13821418470043603,0.08654715017283393,0.17834081558800613,0.08948194662480377,0.09205913134484564,0.3443223443223443,0.5463108320251178,0.7663526949241235
Gowalla,0.5,1.0,2.0,10,0.01,0.10794781037578816,0.14188963953896166,0.09153028545218359,0.1827345639675908,0.09233385661957091,0.09243851386708529,0.3670852956567242,0.5614861329147044,0.7755102040816326
Gowalla,0.5,1.0,2.0,10,0.02,0.11076774073818942,0.1462208645336837,0.09306077449598811,0.1886592719333938,0.09495028780743066,0.09553898482469911,0.36394557823129253,0.5690737833594977,0.792778649921507
Gowalla,1.0,0.3,0.2,1,0.005,0.10612341193916301,0.14021066399954735,0.0885684482542543,0.18008782586298697,0.09144427001569859,0.0924123495552067,0.3566195709052852,0.5460491889063318,0.7681841967556253
Gowalla,1.0,0.3,0.2,1,0.01,0.10695012957816469,0.1403518686636256,0.08971662010853121,0.17873247255167649,0.09212454212454213,0.09271323914181058,0.35374149659863946,0.554160125588697,0.7708006279434851
Gowalla,1.0,0.3,0.2,1,0.02,0.10767221033053156,0.14201023811307822,0.090761631557416,0.18309281490722978,0.09387755102040816,0.09419152276295134,0.3613291470434328,0.5554683411826269,0.7736787022501308
Gowalla,1.0,0.3,0.2,3,0.005,0.10651731264296463,0.14202263429338247,0.09130468106724086,0.18402350537752754,0.09215070643642073,0.0936813186813187,0.35243328100470955,0.5562532705389849,0.7765567765567766
Gowalla,1.0,0.3,0.2,3,0.01,0.10628489028160995,0.1396411166432527,0.09019117158878111,0.18056587146965533,0.09338042909471482,0.09273940345368918,0.358451072736787,0.5468341182626897,0.7629513343799058
Gowalla,1.0,0.3,0.2,3,0.02,0.10718805027013437,0.1397721191061284,0.09093403519107912,0.18065381569227612,0.09272632129774988,0.09192830978545265,0.35243328100470955,0.554160125588697,0.7757718472004186
Gowalla,1.0,0.3,0.2,5,0.005,0.10782868114679231,0.1416060683683021,0.08864462779281637,0.18037160773069977,0.09201988487702775,0.09307953950811095,0.3568812140240712,0.5494505494505495,0.7666143380429095
Gowalla,1.0,0.3,0.2,5,0.01,0.10686262982170439,0.13978444592234351,0.09043072626646706,0.1803036542445784,0.09283097854526426,0.09218995290423862,0.3500784929356358,0.5578231292517006,0.7681841967556253
Gowalla,1.0,0.3,0.2,5,0.02,0.10431607699219995,0.13987231174199566,0.08735932419777595,0.1816865694326152,0.09055468341182628,0.09273940345368918,0.3419675562532705,0.5457875457875457,0.771585557299843
Gowalla,1.0,0.3,0.2,10,0.005,0.10551901849444757,0.14032909139335564,0.0876533277651523,0.18065314899075574,0.09128728414442701,0.09232077446363161,0.3608058608058608,0.5450026164311879,0.7731554160125589
Gowalla,1.0,0.3,0.2,10,0.01,0.10682416832099577,0.14131904561801287,0.09036962792019694,0.1819057709471252,0.09183673469387756,0.09284406070120356,0.3553113553113553,0.5580847723704867,0.7747252747252747
Gowalla,1.0,0.3,0.2,10,0.02,0.10660681094829995,0.13962157657677224,0.09050362174251743,0.1795023311155218,0.09311878597592885,0.09280481423338567,0.3516483516483517,0.5523286237571952,0.7676609105180534
Gowalla,1.0,0.3,0.5,1,0.005,0.108051139033969,0.14154644637706018,0.09212457131742606,0.18208436028179217,0.09306645735217163,0.09229461015175301,0.35426478283621143,0.5638409209837781,0.7752485609628467
Gowalla,1.0,0.3,0.5,1,0.01,0.11133104976842313,0.14466648480465277,0.09578929684642232,0.18621434009187893,0.0966509680795395,0.094570905285191,0.3597592883307169,0.5748299319727891,0.7810047095761381
Gowalla,1.0,0.3,0.5,1,0.02,0.1069176204107412,0.14268426270902598,0.09250293916376992,0.1856863567041374,0.09298796441653585,0.0946493982208268,0.35190999476713763,0.5572998430141287,0.7854526425954997
Gowalla,1.0,0.3,0.5,3,0.005,0.1059363235448055,0.14042271358326602,0.09012158699398978,0.18211110384119056,0.0913396127681842,0.0924908424908425,0.3652537938252224,0.5559916274201988,0.7768184196755625
Gowalla,1.0,0.3,0.5,3,0.01,0.10565154396266717,0.13953627115956502,0.08897478907437469,0.18015375076507167,0.0913396127681842,0.09178440607012035,0.35766614338042907,0.5465724751439037,0.7684458398744113
Gowalla,1.0,0.3,0.5,3,0.02,0.10400207967523259,0.13714945144639468,0.08992708037828455,0.17831671701480473,0.09099947671376243,0.09105180533751962,0.35478806907378335,0.5510204081632653,0.7721088435374149
Gowalla,1.0,0.3,0.5,5,0.005,0.10450919536475986,0.13913814861311094,0.08951334815444247,0.1799849229033202,0.09144427001569859,0.09302721088435374,0.347723704866562,0.5591313448456305,0.7749869178440607
Gowalla,1.0,0.3,0.5,5,0.01,0.10593708548561152,0.1374684896160455,0.08947800336873128,0.1755512643985285,0.0923861852433281,0.09012297226582942,0.3631606488749346,0.5604395604395604,0.7660910518053375
Gowalla,1.0,0.3,0.5,5,0.02,0.10941299891402588,0.14327424230104507,0.09360402741616462,0.18538045941378525,0.09508110936682367,0.09402145473574046,0.3602825745682888,0.5633176347462062,0.7791732077446363
Gowalla,1.0,0.3,0.5,10,0.005,0.10651156520967946,0.13909176175959928,0.08994369165643928,0.17790161317619665,0.09196755625327054,0.09162742019884879,0.35426478283621143,0.5557299843014128,0.7639979068550498
Gowalla,1.0,0.3,0.5,10,0.01,0.10681428663959096,0.13928120221667062,0.09127094878722718,0.17931475535303087,0.09270015698587128,0.0914311878597593,0.3435374149659864,0.5570381998953428,0.7755102040816326
Gowalla,1.0,0.3,0.5,10,0.02,0.10446278766001008,0.1392968534452988,0.08853014200732498,0.17977112307871895,0.09005756148613292,0.09182365253793827,0.3521716378859236,0.5499738356881214,0.7744636316064888
Gowalla,1.0,0.3,1.0,1,0.005,0.10609068750338517,0.13970149777442836,0.08940836648588128,0.18043117494271557,0.09272632129774988,0.09301412872841444,0.35374149659863946,0.5468341182626897,0.7700156985871272
Gowalla,1.0,0.3,1.0,1,0.01,0.10286532208169694,0.1371286301999204,0.08619119780289891,0.1782014265666389,0.08961276818419675,0.0913919413919414,0.3453689167974882,0.5400313971742543,0.771847200418629
Gowalla,1.0,0.3,1.0,1,0.02,0.10446100868174181,0.13793300711459194,0.08710572003274394,0.17849232470294954,0.09081632653061225,0.09161433804290947,0.34301412872841447,0.5460491889063318,0.771847200418629
Gowalla,1.0,0.3,1.0,3,0.005,0.1095089103817998,0.14272937106680922,0.09193324175874841,0.18205344912769716,0.09317111459968604,0.092556253270539,0.35583464154892724,0.5591313448456305,0.7723704866562009
Gowalla,1.0,0.3,1.0,3,0.01,0.10744831795924657,0.14192943333449126,0.09044966409299153,0.1817175518521717,0.09311878597592883,0.09411302982731555,0.35374149659863946,0.5484039769754055,0.7671376242804814
Gowalla,1.0,0.3,1.0,3,0.02,0.1066516731437233,0.1389185540170005,0.09057866088813925,0.17809792808060898,0.09230769230769231,0.09148351648351649,0.358451072736787,0.5580847723704867,0.7668759811616954
Gowalla,1.0,0.3,1.0,5,0.005,0.10802801752928608,0.14238494648488553,0.0928784552399411,0.18425122668600594,0.09411302982731555,0.09392987964416537,0.35609628466771326,0.5607012035583464,0.7702773417059131
Gowalla,1.0,0.3,1.0,5,0.01,0.1096437375451798,0.14166338554462785,0.09181780592535546,0.18087629609096176,0.0956828885400314,0.09328885400313973,0.36159079016221873,0.5627943485086342,0.7679225536368394
Gowalla,1.0,0.3,1.0,5,0.02,0.10321864832392967,0.13901570445960415,0.08697487635699401,0.1810813642497917,0.08935112506541078,0.09198063840920985,0.34746206174777605,0.5400313971742543,0.7676609105180534
Gowalla,1.0,0.3,1.0,10,0.005,0.10692863386551384,0.1422052813875815,0.09108068535797663,0.18495287878828134,0.09280481423338567,0.09411302982731555,0.34720041862899004,0.5567765567765568,0.7762951334379906
Gowalla,1.0,0.3,1.0,10,0.01,0.105686559816005,0.14048617598531773,0.08986353885510015,0.1818430045246741,0.091156462585034,0.09266091051805339,0.3464154892726321,0.5554683411826269,0.7697540554683412
Gowalla,1.0,0.3,1.0,10,0.02,0.10662448197129244,0.14025952855155963,0.09066638377835037,0.1810256477413215,0.09217687074829932,0.09205913134484564,0.3534798534798535,0.553898482469911,0.7642595499738357
Gowalla,1.0,0.3,2.0,1,0.005,0.106700382368954,0.14125574141500746,0.08984653076168914,0.18242896564116054,0.09283097854526426,0.09321036106750392,0.3553113553113553,0.5536368393511251,0.7697540554683412
Gowalla,1.0,0.3,2.0,1,0.01,0.10290414555369154,0.13768708499043877,0.08772643324934225,0.17917489638846532,0.09026687598116169,0.0923338566195709,0.3466771323914181,0.5452642595499738,0.7666143380429095
Gowalla,1.0,0.3,2.0,1,0.02,0.11049547012872289,0.14324058156092767,0.09434834981570338,0.1831954947388142,0.09395604395604396,0.09242543171114599,0.358974358974359,0.565410779696494,0.7791732077446363
Gowalla,1.0,0.3,2.0,3,0.005,0.10790856021866747,0.1420155912052868,0.09121476228703347,0.18289983559454714,0.09309262166405023,0.09293563579277866,0.35583464154892724,0.5593929879644165,0.7773417059131345
Gowalla,1.0,0.3,2.0,3,0.01,0.10810176191402908,0.14212206315696982,0.09161348406488849,0.18157987481532448,0.09254317111459968,0.09330193615907902,0.3597592883307169,0.5554683411826269,0.7721088435374149
Gowalla,1.0,0.3,2.0,3,0.02,0.10907469398637382,0.1441796110480706,0.09088636250626558,0.18503270498922234,0.09343275771847201,0.09428309785452643,0.3555729984301413,0.5476190476190477,0.7773417059131345
Gowalla,1.0,0.3,2.0,5,0.005,0.10568791681560673,0.1391907920017114,0.09098985674953214,0.1814676913539219,0.09207221350078494,0.0915881737310309,0.35243328100470955,0.5570381998953428,0.7700156985871272
Gowalla,1.0,0.3,2.0,5,0.01,0.10491809570387715,0.13897428019201982,0.08792132196650018,0.1788118205877675,0.09118262689691262,0.09196755625327054,0.34955520669806384,0.5494505494505495,0.7708006279434851
Gowalla,1.0,0.3,2.0,5,0.02,0.10524618442175686,0.13983541606812702,0.08893612907651487,0.18008079650158448,0.09175824175824177,0.09263474620617478,0.348246991104134,0.553898482469911,0.7736787022501308
Gowalla,1.0,0.3,2.0,10,0.005,0.10798550207479375,0.1421200735198866,0.09026820116455096,0.18309573459354353,0.09385138670852958,0.0935374149659864,0.35714285714285715,0.5525902668759811,0.7757718472004186
Gowalla,1.0,0.3,2.0,10,0.01,0.10806826643805463,0.14037619893396136,0.09145180364964961,0.18057502642494352,0.09340659340659342,0.09150968079539509,0.3550497121925693,0.5591313448456305,0.7710622710622711
Gowalla,1.0,0.3,2.0,10,0.02,0.10497718512599659,0.13758248770409795,0.08790418531572222,0.1756289226950634,0.09000523286237572,0.0902145473574045,0.35374149659863946,0.5557299843014128,0.7653061224489796
Gowalla,1.0,0.5,0.2,1,0.005,0.10809116889146068,0.14200602933257636,0.09199831941423459,0.18351482271533376,0.09369440083725798,0.09301412872841444,0.3597592883307169,0.5617477760334904,0.7721088435374149
Gowalla,1.0,0.5,0.2,1,0.01,0.10726080023468487,0.14054327198267616,0.09211840845009243,0.18059952164466786,0.0923600209314495,0.09205913134484564,0.35766614338042907,0.5580847723704867,0.7705389848246991
Gowalla,1.0,0.5,0.2,1,0.02,0.10632832049489675,0.14022817762646608,0.0904333105695221,0.17997584940008618,0.09178440607012037,0.09220303506017792,0.35374149659863946,0.554160125588697,0.7700156985871272
Gowalla,1.0,0.5,0.2,3,0.005,0.1094733788953758,0.14274341213373487,0.09285922993156481,0.18409182696174994,0.09508110936682368,0.09381214024071169,0.3642072213500785,0.5625327053898482,0.7812663526949242
Gowalla,1.0,0.5,0.2,3,0.01,0.10396500438200576,0.13764729954213986,0.08948213933743332,0.17942515514264434,0.09003139717425432,0.09058084772370488,0.3458922030350602,0.5570381998953428,0.7781266352694924
Gowalla,1.0,0.5,0.2,3,0.02,0.11061792734367419,0.14503248368067567,0.09279394620391758,0.18515239730691296,0.0946886446886447,0.09498953427524856,0.36394557823129253,0.5622710622710623,0.7796964939822083
Gowalla,1.0,0.5,0.2,5,0.005,0.10652403433203533,0.14267493221678412,0.09101612944628784,0.18618610068581284,0.09270015698587127,0.09421768707482994,0.358451072736787,0.5607012035583464,0.7846677132391419
Gowalla,1.0,0.5,0.2,5,0.01,0.10747608013341063,0.141628230881355,0.09108592041396951,0.1834285166470664,0.09413919413919415,0.0936420722135008,0.3665620094191523,0.5609628466771324,0.7810047095761381
Gowalla,1.0,0.5,0.2,5,0.02,0.10743144719609267,0.141155162016502,0.09053586722350772,0.18132793496902336,0.09293563579277865,0.09264782836211408,0.358974358974359,0.5565149136577708,0.771585557299843
Gowalla,1.0,0.5,0.2,10,0.005,0.10641958292610107,0.13972328381824878,0.09207344892427975,0.18155103931692332,0.0927001569858713,0.0924123495552067,0.3453689167974882,0.5625327053898482,0.7752485609628467
Gowalla,1.0,0.5,0.2,10,0.01,0.10883477035540447,0.14115855378512318,0.09243518963609873,0.180963966956369,0.09400837257980114,0.0923861852433281,0.3686551543694401,0.5633176347462062,0.7681841967556253
Gowalla,1.0,0.5,0.2,10,0.02,0.10696834305940389,0.14180870564366932,0.09117596771780521,0.18323953688628214,0.09181057038199897,0.09293563579277866,0.347723704866562,0.5544217687074829,0.7755102040816326
Gowalla,1.0,0.5,0.5,1,0.005,0.10725517716331913,0.14017110864191235,0.09014844078210242,0.1794140696854505,0.09256933542647829,0.09196755625327054,0.35714285714285715,0.5536368393511251,0.7663526949241235
Gowalla,1.0,0.5,0.5,1,0.01,0.10940828707731083,0.14222743731248375,0.09143107168386065,0.18075514046975652,0.09413919413919414,0.09280481423338567,0.3613291470434328,0.5667189952904239,0.7757718472004186
Gowalla,1.0,0.5,0.5,1,0.02,0.11126042252603352,0.14473335425881648,0.09330755506349837,0.18320784003366355,0.09549973835688122,0.09483254840397697,0.3710099424385139,0.565149136577708,0.7700156985871272
Gowalla,1.0,0.5,0.5,3,0.005,0.10380024126635838,0.1377390001511725,0.08996658886028873,0.1793169436853105,0.09084249084249084,0.09161433804290947,0.33359497645211933,0.5536368393511251,0.771847200418629
Gowalla,1.0,0.5,0.5,3,0.01,0.1085801846865384,0.14089543346700006,0.08995692325956722,0.1795996395813426,0.09416535845107273,0.0924646781789639,0.36682365253793825,0.5552066980638409,0.7671376242804814
Gowalla,1.0,0.5,0.5,3,0.02,0.10629868204819105,0.14073264095726012,0.09015193728400983,0.1814494013022567,0.09110413396127683,0.09205913134484564,0.3597592883307169,0.5583464154892727,0.7689691261119832
Gowalla,1.0,0.5,0.5,5,0.005,0.10952738505273929,0.1428665073861328,0.09076650605503771,0.1802558173598439,0.09275248560962848,0.09263474620617479,0.3649921507064364,0.5559916274201988,0.7742019884877027
Gowalla,1.0,0.5,0.5,5,0.01,0.10875700060610338,0.14196357189896422,0.09280878464740819,0.18205162830646984,0.09366823652537938,0.09315803244374675,0.3602825745682888,0.5661957090528519,0.7778649921507065
Gowalla,1.0,0.5,0.5,5,0.02,0.10990698955670612,0.14320228412049432,0.09088059901219071,0.1820139558625047,0.0935374149659864,0.09260858189429619,0.3621140763997907,0.5544217687074829,0.7802197802197802
Gowalla,1.0,0.5,0.5,10,0.005,0.11051537879105935,0.1438978148873655,0.09398911419353971,0.18494623108851116,0.09521193092621663,0.09362899005756149,0.36996336996337,0.575091575091575,0.782312925170068
Gowalla,1.0,0.5,0.5,10,0.01,0.10516626430935956,0.13809405661173468,0.08991039323390586,0.17946736929646512,0.09149659863945579,0.09072475143903716,0.35086342229199374,0.5502354788069074,0.7713239141810571
Gowalla,1.0,0.5,0.5,10,0.02,0.10611714993704492,0.13981580844812802,0.09036076694523314,0.18102418699840173,0.09147043432757719,0.09136577708006281,0.35766614338042907,0.5588697017268446,0.7770800627943485
Gowalla,1.0,0.5,1.0,1,0.005,0.10924481160594307,0.1420962581506849,0.09375415171244858,0.18315835878840997,0.09534275248560965,0.09377289377289379,0.36106750392464676,0.5690737833594977,0.7736787022501308
Gowalla,1.0,0.5,1.0,1,0.01,0.10408672313509863,0.13731589822780438,0.08762155084127285,0.17698100324872795,0.09084249084249085,0.09105180533751962,0.3516483516483517,0.5439560439560439,0.7668759811616954
Gowalla,1.0,0.5,1.0,1,0.02,0.10774917944561122,0.14148601684197043,0.09110415828203434,0.1830111835923103,0.09283097854526427,0.09242543171114599,0.36237571951857667,0.5544217687074829,0.7702773417059131
Gowalla,1.0,0.5,1.0,3,0.005,0.10585161557556041,0.13923859233697186,0.08970016669171829,0.18035442534581292,0.0923600209314495,0.0924908424908425,0.3516483516483517,0.554160125588697,0.7687074829931972
Gowalla,1.0,0.5,1.0,3,0.01,0.10576987774023074,0.13950167992335208,0.08938645316916022,0.17896564749034038,0.09175824175824175,0.09221611721611721,0.34850863422291994,0.5523286237571952,0.7679225536368394
Gowalla,1.0,0.5,1.0,3,0.02,0.10755575392546306,0.14118174950095314,0.09097898921928935,0.1823150522273997,0.09264782836211408,0.09204604918890635,0.36002093144950287,0.554945054945055,0.772632129774987
Gowalla,1.0,0.5,1.0,5,0.005,0.10608544269424888,0.13934126782426506,0.08874308747244644,0.17822992459918727,0.0913919413919414,0.09213762428048143,0.3550497121925693,0.5504971219256933,0.7582417582417582
Gowalla,1.0,0.5,1.0,5,0.01,0.10732145223706659,0.13994912108816396,0.08866347359947276,0.17847275819331226,0.09230769230769231,0.09184981684981686,0.35714285714285715,0.5491889063317634,0.7731554160125589
Gowalla,1.0,0.5,1.0,5,0.02,0.10308972539825847,0.13622062667722112,0.08547317182384234,0.17453685423527326,0.09094714809000524,0.09156200941915228,0.34170591313448456,0.5392464678178964,0.7613814756671899
Gowalla,1.0,0.5,1.0,10,0.005,0.1068470150911861,0.14090128895210274,0.08992072445915346,0.18186601490942422,0.09186289900575616,0.09259549973835689,0.35583464154892724,0.5478806907378336,0.7666143380429095
Gowalla,1.0,0.5,1.0,10,0.01,0.10682049780988613,0.13944651897936042,0.08967474990221694,0.17866066677263553,0.09212454212454213,0.09186289900575616,0.35478806907378335,0.5507587650444793,0.7697540554683412
Gowalla,1.0,0.5,1.0,10,0.02,0.10610358209696899,0.14100143867461915,0.09098483291550066,0.18329005722788355,0.09217687074829932,0.09301412872841444,0.35269492412349557,0.5491889063317634,0.7736787022501308
Gowalla,1.0,0.5,2.0,1,0.005,0.10835294479806058,0.1411926904522554,0.0914618358949204,0.18029699053559722,0.09301412872841444,0.09267399267399269,0.358974358974359,0.5528519099947672,0.7679225536368394
Gowalla,1.0,0.5,2.0,1,0.01,0.10739982159523956,0.14147656558644672,0.0896725534373427,0.180875875116959,0.09170591313448456,0.09285714285714285,0.37022501308215594,0.5510204081632653,0.771847200418629
Gowalla,1.0,0.5,2.0,1,0.02,0.11150127876283929,0.14587129387648132,0.09516632631297693,0.18610512323535977,0.09502878074306645,0.09438775510204081,0.3783359497645212,0.5818942961800104,0.7804814233385662
Gowalla,1.0,0.5,2.0,3,0.005,0.10571939614683923,0.139161218439687,0.08767803843472491,0.17808960422726103,0.09167974882260597,0.0923600209314495,0.35269492412349557,0.543171114599686,0.7598116169544741
Gowalla,1.0,0.5,2.0,3,0.01,0.10866957851937001,0.14224448319192282,0.09271240828420073,0.1824489045795362,0.09382522239665098,0.0935374149659864,0.35426478283621143,0.5630559916274201,0.7770800627943485
Gowalla,1.0,0.5,2.0,3,0.02,0.10681313560238749,0.14036426175188688,0.09005630424226777,0.18093321234027643,0.09301412872841444,0.0925693354264783,0.3492935635792779,0.554683411826269,0.7671376242804814
Gowalla,1.0,0.5,2.0,5,0.005,0.10633608074424247,0.13861559236803062,0.08897217861905232,0.1764894991345767,0.09113029827315541,0.09128728414442701,0.3574045002616431,0.5470957613814756,0.7585034013605442
Gowalla,1.0,0.5,2.0,5,0.01,0.10244169669111935,0.13799511870875264,0.08825251712981803,0.18130818667299073,0.08895866038723181,0.09118262689691262,0.34746206174777605,0.5557299843014128,0.7757718472004186
Gowalla,1.0,0.5,2.0,5,0.02,0.10599968588958796,0.14007779877086,0.08966848202449919,0.1819360306591407,0.09199372056514914,0.09215070643642073,0.3553113553113553,0.5470957613814756,0.7723704866562009
Gowalla,1.0,0.5,2.0,10,0.005,0.10420078764061387,0.13741599053818987,0.08793826221966432,0.1760395207516779,0.091156462585034,0.09119570905285193,0.3456305599162742,0.5460491889063318,0.7629513343799058
Gowalla,1.0,0.5,2.0,10,0.01,0.10680246391656333,0.1423269352443713,0.08970145479025543,0.18495657147700162,0.09314495028780745,0.09437467294610152,0.35034013605442177,0.5544217687074829,0.7786499215070644
Gowalla,1.0,0.5,2.0,10,0.02,0.10928595218818431,0.14230896742637278,0.0912406627944653,0.18247616120969573,0.09471480900052329,0.09366823652537938,0.3636839351125065,0.554945054945055,0.7673992673992674
Gowalla,1.0,0.7,0.2,1,0.005,0.10618149166368097,0.13977806045294963,0.09024001909283512,0.1809997501894679,0.09298796441653585,0.0925170068027211,0.35060177917320773,0.5531135531135531,0.7734170591313448
Gowalla,1.0,0.7,0.2,1,0.01,0.10572133324939849,0.13872838861911843,0.08958446052963882,0.17818256551182246,0.09209837781266353,0.09228152799581373,0.3516483516483517,0.5452642595499738,0.760858189429618
Gowalla,1.0,0.7,0.2,1,0.02,0.10682339960736528,0.1417925286201282,0.08917477786691266,0.18187157748711832,0.09128728414442701,0.09276556776556778,0.3566195709052852,0.5450026164311879,0.771847200418629
Gowalla,1.0,0.7,0.2,3,0.005,0.11035190633496775,0.143471198196403,0.0941752476219769,0.18542931331680082,0.09523809523809523,0.09326268969126113,0.36237571951857667,0.5693354264782836,0.7749869178440607
Gowalla,1.0,0.7,0.2,3,0.01,0.10790352086275763,0.1423315427939542,0.09289717872486469,0.18482043305159043,0.09463631606488751,0.09379905808477239,0.3550497121925693,0.5601779173207745,0.7815279958137101
Gowalla,1.0,0.7,0.2,3,0.02,0.10548700990422569,0.13890032915486647,0.08833937665310823,0.17889419288654676,0.0913396127681842,0.09195447409733125,0.3435374149659864,0.5455259026687598,0.7679225536368394
Gowalla,1.0,0.7,0.2,5,0.005,0.10512631212368118,0.13968335750244337,0.08951852492570193,0.18143427083062236,0.09183673469387756,0.09264782836211408,0.3534798534798535,0.5502354788069074,0.7749869178440607
Gowalla,1.0,0.7,0.2,5,0.01,0.10883899906861332,0.14198732273437611,0.09350815851414396,0.18307947846846329,0.09372056514913658,0.09297488226059655,0.3663003663003663,0.5685504971219257,0.7804814233385662
Gowalla,1.0,0.7,0.2,5,0.02,0.10440987868177887,0.13893781284238876,0.08620095162400547,0.17815901974790474,0.09045002616431189,0.0923600209314495,0.35086342229199374,0.5374149659863946,0.7658294086865516
Gowalla,1.0,0.7,0.2,10,0.005,0.10769714071059272,0.14227028168158054,0.0914819771887285,0.1830420580921259,0.09314495028780743,0.09374672946101517,0.35243328100470955,0.5635792778649922,0.7742019884877027
Gowalla,1.0,0.7,0.2,10,0.01,0.10680721672713321,0.140264521628985,0.09080976068260523,0.17924260117507368,0.09191522762951335,0.09198063840920985,0.36394557823129253,0.5578231292517006,0.7647828362114076
Gowalla,1.0,0.7,0.2,10,0.02,0.1093153336621525,0.142155536218231,0.09334372757270208,0.18187111407317672,0.0956305599162742,0.09377289377289379,0.37022501308215594,0.5648874934589221,0.7781266352694924
Gowalla,1.0,0.7,0.5,1,0.005,0.10412051095073986,0.13891066419416262,0.08973620658863497,0.18071580979903837,0.09089481946624803,0.09208529565672424,0.34379905808477235,0.5525902668759811,0.7700156985871272
Gowalla,1.0,0.7,0.5,1,0.01,0.10769240256723929,0.1420951331729305,0.08998597882693869,0.18166441291707933,0.09304029304029304,0.09385138670852958,0.36577708006279436,0.5525902668759811,0.7755102040816326
Gowalla,1.0,0.7,0.5,1,0.02,0.10673231558719334,0.14142528835282359,0.09099353725769757,0.1836810681960094,0.09298796441653584,0.09324960753532181,0.3568812140240712,0.5625327053898482,0.783097854526426
Gowalla,1.0,0.7,0.5,3,0.005,0.10779133726689157,0.14281682745129112,0.0908083414156865,0.18455499440454554,0.09332810047095763,0.09409994767137625,0.36159079016221873,0.5559916274201988,0.7768184196755625
Gowalla,1.0,0.7,0.5,3,0.01,0.10952709541618559,0.14220636438051532,0.09162368730144434,0.1820211629327372,0.09335426478283622,0.09259549973835689,0.3670852956567242,0.5593929879644165,0.7810047095761381
Gowalla,1.0,0.7,0.5,3,0.02,0.10435001235740582,0.13864630360021848,0.08759629167055939,0.17933406358530296,0.09105180533751962,0.09243851386708529,0.347723704866562,0.5410779696493982,0.7687074829931972
Gowalla,1.0,0.7,0.5,5,0.005,0.10311299809492377,0.13758299265144036,0.0875971365813353,0.17921443488019184,0.08974358974358974,0.09139194139194141,0.33647305075876505,0.5376766091051806,0.7660910518053375
Gowalla,1.0,0.7,0.5,5,0.01,0.1102524225163216,0.14336033061828982,0.09334112980153049,0.1827168517589866,0.09549973835688122,0.09400837257980116,0.3555729984301413,0.5609628466771324,0.7744636316064888
Gowalla,1.0,0.7,0.5,5,0.02,0.10706756835148717,0.1417163355611165,0.0920009246968057,0.18431612371442374,0.0934850863422292,0.09369440083725798,0.3555729984301413,0.5607012035583464,0.7747252747252747
Gowalla,1.0,0.7,0.5,10,0.005,0.10586064992994389,0.1395156087565601,0.0881950087935667,0.17917120686191637,0.09220303506017791,0.09266091051805336,0.3487702773417059,0.5452642595499738,0.7650444793301936
Gowalla,1.0,0.7,0.5,10,0.01,0.10712349982220398,0.14183292568792122,0.0914774371772221,0.18380351111637053,0.09277864992150707,0.09332810047095763,0.34301412872841447,0.5554683411826269,0.7757718472004186
Gowalla,1.0,0.7,0.5,10,0.02,0.10376092255706078,0.13836201485694088,0.0891331309852456,0.18014384438991765,0.09076399790685506,0.09220303506017791,0.34170591313448456,0.5455259026687598,0.7663526949241235
Gowalla,1.0,0.7,1.0,1,0.005,0.10669731553940993,0.1412888805926377,0.09105744771396311,0.18360610937469043,0.09270015698587128,0.09351125065410779,0.35243328100470955,0.5562532705389849,0.7739403453689168
Gowalla,1.0,0.7,1.0,1,0.01,0.10980704452137592,0.14369078409794162,0.09130211345534785,0.1828475655346869,0.09445316588173731,0.09382522239665098,0.36473050758765047,0.5557299843014128,0.7744636316064888
Gowalla,1.0,0.7,1.0,1,0.02,0.1084557922514953,0.14141526545983507,0.0922676451129714,0.18128340820412261,0.09222919937205651,0.09211145996860283,0.36891679748822603,0.5586080586080586,0.7721088435374149
Gowalla,1.0,0.7,1.0,3,0.005,0.11182566556622418,0.14604672667778548,0.09296656587974618,0.18666810555560967,0.09615384615384616,0.09495028780743067,0.3683935112506541,0.5661957090528519,0.7817896389324961
Gowalla,1.0,0.7,1.0,3,0.01,0.10688707622948512,0.14017028074187896,0.08847075051701601,0.17887565783551632,0.09194139194139195,0.09211145996860283,0.35138670852956566,0.5486656200941915,0.7655677655677655
Gowalla,1.0,0.7,1.0,3,0.02,0.10712583864742396,0.14142506235747856,0.09001388203167396,0.18203701955981577,0.09270015698587128,0.09262166405023547,0.3621140763997907,0.5523286237571952,0.7710622710622711
Gowalla,1.0,0.7,1.0,5,0.005,0.10488361898562348,0.14003150282195737,0.08963836203745441,0.1822178734741129,0.09089481946624804,0.09253008895866041,0.3540031397174254,0.5507587650444793,0.782574568288854
Gowalla,1.0,0.7,1.0,5,0.01,0.10457021245875152,0.13859777868676323,0.08953811409830884,0.1791850601116903,0.09003139717425432,0.09119570905285193,0.3390894819466248,0.5402930402930403,0.7676609105180534
Gowalla,1.0,0.7,1.0,5,0.02,0.11000167418473811,0.14321742260334575,0.09282901845756043,0.18335607489827202,0.09429618001046573,0.09307953950811093,0.37205651491365777,0.5677655677655677,0.7765567765567766
Gowalla,1.0,0.7,1.0,10,0.005,0.10703089471859023,0.1413920107968825,0.09101486008949274,0.18288953953186357,0.09335426478283622,0.0936159079016222,0.3563579277864992,0.5599162742019885,0.7796964939822083
Gowalla,1.0,0.7,1.0,10,0.01,0.10718646940781681,0.14041748075760088,0.08963325993197249,0.1804865174813587,0.09220303506017791,0.09204604918890635,0.3566195709052852,0.5499738356881214,0.7736787022501308
Gowalla,1.0,0.7,1.0,10,0.02,0.1049484201626351,0.13868560542149883,0.08732642363979508,0.17814236640176456,0.09113029827315543,0.09162742019884879,0.3566195709052852,0.5463108320251178,0.7687074829931972
Gowalla,1.0,0.7,2.0,1,0.005,0.10771164781140813,0.14083212477272505,0.09174302444542569,0.18077799708503303,0.09322344322344324,0.0924777603349032,0.35138670852956566,0.5575614861329147,0.7705389848246991
Gowalla,1.0,0.7,2.0,1,0.01,0.11073122936179368,0.14356160610594706,0.0930527374000554,0.18318282410878672,0.09547357404500263,0.09375981161695449,0.35766614338042907,0.5494505494505495,0.772632129774987
Gowalla,1.0,0.7,2.0,1,0.02,0.10409788330837096,0.13861904155655932,0.08814342449109941,0.1802948136221808,0.09065934065934066,0.09158817373103088,0.3390894819466248,0.5478806907378336,0.7723704866562009
Gowalla,1.0,0.7,2.0,3,0.005,0.10595313117642231,0.13964317681047078,0.09187796153621698,0.1821701571949389,0.09298796441653584,0.09277864992150707,0.34170591313448456,0.5567765567765568,0.7679225536368394
Gowalla,1.0,0.7,2.0,3,0.01,0.10549701735880797,0.13876491105868477,0.08838732359633406,0.1788060798924182,0.09207221350078494,0.09186289900575616,0.34510727367870225,0.5429094714809001,0.7681841967556253
Gowalla,1.0,0.7,2.0,3,0.02,0.11027409489715438,0.14327829569028644,0.09259081790303311,0.18155853605889682,0.09479330193615908,0.09331501831501833,0.3728414442700157,0.5620094191522763,0.7676609105180534
Gowalla,1.0,0.7,2.0,5,0.005,0.10716160978785207,0.14079123447393763,0.08948224152991875,0.181260137911607,0.09309262166405023,0.09306645735217164,0.3540031397174254,0.5429094714809001,0.772632129774987
Gowalla,1.0,0.7,2.0,5,0.01,0.10696295369309403,0.14044473831151072,0.08942109340937082,0.18023825735263477,0.09324960753532181,0.09283097854526426,0.3670852956567242,0.5588697017268446,0.7687074829931972
Gowalla,1.0,0.7,2.0,5,0.02,0.1083047157389128,0.1424072367505771,0.09159459240329826,0.18325392531178336,0.0935374149659864,0.09330193615907902,0.36002093144950287,0.5635792778649922,0.7755102040816326
Gowalla,1.0,0.7,2.0,10,0.005,0.10434476188209184,0.13883987518327964,0.08858137172641738,0.1799469272241289,0.09102564102564102,0.09226844583987442,0.3458922030350602,0.5486656200941915,0.7694924123495552
Gowalla,1.0,0.7,2.0,10,0.01,0.10568461224333962,0.1391880357596753,0.08945167732860097,0.17995385607186046,0.0913396127681842,0.09147043432757719,0.35243328100470955,0.5518053375196232,0.7689691261119832
Gowalla,1.0,0.7,2.0,10,0.02,0.10883495041412374,0.14174507159255004,0.09122686565968796,0.1806609808114161,0.09395604395604396,0.09300104657247515,0.3608058608058608,0.553898482469911,0.7650444793301936
Gowalla,1.0,1.0,0.2,1,0.005,0.1058000237457957,0.1400073990824563,0.08877541631110887,0.1805940726899687,0.09181057038199897,0.09220303506017791,0.3618524332810047,0.5491889063317634,0.7679225536368394
Gowalla,1.0,1.0,0.2,1,0.01,0.10593680578197469,0.140406854343879,0.09005318159151014,0.18125815273763382,0.09013605442176871,0.09156200941915228,0.3529565672422815,0.5455259026687598,0.7739403453689168
Gowalla,1.0,1.0,0.2,1,0.02,0.10763579572767504,0.14154834804465857,0.09133266572664683,0.1815212770654808,0.09243851386708529,0.09306645735217163,0.3566195709052852,0.5570381998953428,0.7728937728937729
Gowalla,1.0,1.0,0.2,3,0.005,0.1076902662806989,0.14159462028877579,0.09080348782617773,0.1813784084735945,0.0927001569858713,0.09283097854526426,0.358451072736787,0.5588697017268446,0.7749869178440607
Gowalla,1.0,1.0,0.2,3,0.01,0.10674420130986276,0.13947639291243824,0.08969668565827481,0.1784734284686774,0.0925693354264783,0.09179748822605967,0.3568812140240712,0.5499738356881214,0.7702773417059131
Gowalla,1.0,1.0,0.2,3,0.02,0.10674158466421223,0.14040039520280748,0.09019951792626901,0.1801748467088485,0.09178440607012037,0.09174515960230246,0.35923600209314493,0.5580847723704867,0.7658294086865516
Gowalla,1.0,1.0,0.2,5,0.005,0.10772773046948282,0.1411443816019576,0.09133102020869416,0.1810390064615283,0.09345892203035061,0.0925693354264783,0.35923600209314493,0.5667189952904239,0.7723704866562009
Gowalla,1.0,1.0,0.2,5,0.01,0.10686468033454465,0.1420687606615302,0.09026889515662713,0.18446433138198795,0.09304029304029304,0.09381214024071169,0.35034013605442177,0.5533751962323391,0.7875457875457875
Gowalla,1.0,1.0,0.2,5,0.02,0.1054581314064895,0.1395006859227014,0.08866009557011588,0.17944008582271823,0.0913134484563056,0.09232077446363161,0.3464154892726321,0.5502354788069074,0.7734170591313448
Gowalla,1.0,1.0,0.2,10,0.005,0.10932018459957049,0.14275491393735693,0.09290190408600756,0.18290289716658376,0.09340659340659342,0.09262166405023547,0.37022501308215594,0.5688121402407117,0.7768184196755625
Gowalla,1.0,1.0,0.2,10,0.01,0.1075501653240089,0.13924173463064132,0.09109500753675143,0.17807353141560853,0.09400837257980116,0.09207221350078493,0.3642072213500785,0.5580847723704867,0.7585034013605442
Gowalla,1.0,1.0,0.2,10,0.02,0.1059840710240033,0.1406339323344512,0.08938310665268027,0.18179706653162103,0.09154892726321297,0.09277864992150707,0.35034013605442177,0.5494505494505495,0.772632129774987
Gowalla,1.0,1.0,0.5,1,0.005,0.10574268761320728,0.13935162540446455,0.09060260052128083,0.1800653638331081,0.09105180533751962,0.09081632653061225,0.35243328100470955,0.5494505494505495,0.7673992673992674
Gowalla,1.0,1.0,0.5,1,0.01,0.1058020131431845,0.13909244904260265,0.0905204450436467,0.18088959825964626,0.0923600209314495,0.09208529565672424,0.3550497121925693,0.5528519099947672,0.7700156985871272
Gowalla,1.0,1.0,0.5,1,0.02,0.10728826703619693,0.14256498751863345,0.0910937090849095,0.18501135748881406,0.09283097854526426,0.09395604395604396,0.3534798534798535,0.5583464154892727,0.7752485609628467
Gowalla,1.0,1.0,0.5,3,0.005,0.10436006714597908,0.13911532959010137,0.09126216338842594,0.1820478586553957,0.09181057038199895,0.09267399267399269,0.3419675562532705,0.5586080586080586,0.7773417059131345
Gowalla,1.0,1.0,0.5,3,0.01,0.10582658457854836,0.1392468681174503,0.08865686167700086,0.17920088995136824,0.09178440607012034,0.09184981684981687,0.35714285714285715,0.554683411826269,0.771847200418629
Gowalla,1.0,1.0,0.5,3,0.02,0.10668366874563923,0.14022252029057303,0.08983337094399399,0.17927569288151632,0.09220303506017792,0.09221611721611722,0.35269492412349557,0.5518053375196232,0.7694924123495552
Gowalla,1.0,1.0,0.5,5,0.005,0.10861647680363537,0.14147900431531613,0.0911667276312199,0.18116825114059046,0.09424385138670854,0.09304029304029304,0.3579277864992151,0.5562532705389849,0.7697540554683412
Gowalla,1.0,1.0,0.5,5,0.01,0.10728587121028346,0.1403199593455569,0.0929549786650353,0.18162982845837228,0.09293563579277866,0.09154892726321298,0.358712715855573,0.5591313448456305,0.7786499215070644
Gowalla,1.0,1.0,0.5,5,0.02,0.10921599642729436,0.1422761312263485,0.09216150093348147,0.18150496943866334,0.09264782836211408,0.09246467817896391,0.3626373626373626,0.5633176347462062,0.7713239141810571
Gowalla,1.0,1.0,0.5,10,0.005,0.10587454682470512,0.13990110694662775,0.08950582270959115,0.1804147919240368,0.09267399267399269,0.09292255363683936,0.34955520669806384,0.5523286237571952,0.7705389848246991
Gowalla,1.0,1.0,0.5,10,0.01,0.1092723404410491,0.14201016175569361,0.09317459951852738,0.18236829926154208,0.0945578231292517,0.09284406070120356,0.3613291470434328,0.5661957090528519,0.7742019884877027
Gowalla,1.0,1.0,0.5,10,0.02,0.10817591623313756,0.14213144816823767,0.09005380730974806,0.18142481566452096,0.09157509157509157,0.09199372056514914,0.36787022501308214,0.5593929879644165,0.7702773417059131
Gowalla,1.0,1.0,1.0,1,0.005,0.10782474429642167,0.14168485056921218,0.09089294974056333,0.18208041980315148,0.09288330716902148,0.09263474620617479,0.3574045002616431,0.5533751962323391,0.7731554160125589
Gowalla,1.0,1.0,1.0,1,0.01,0.1074412700617483,0.14063941367284039,0.0890991526701112,0.18019400170315483,0.0933804290947148,0.09302721088435374,0.3498168498168498,0.5476190476190477,0.7684458398744113
Gowalla,1.0,1.0,1.0,1,0.02,0.10785373674983169,0.14236779580490458,0.0907955956183493,0.1839915500954532,0.09280481423338566,0.09315803244374672,0.35923600209314493,0.5562532705389849,0.7739403453689168
Gowalla,1.0,1.0,1.0,3,0.005,0.11095457418970783,0.14590914258410145,0.09468631110016347,0.1887279855835103,0.09560439560439561,0.09510727367870227,0.3602825745682888,0.5667189952904239,0.7807430664573521
Gowalla,1.0,1.0,1.0,3,0.01,0.10612662975834748,0.13964376751080862,0.08971876847024039,0.18013405639390045,0.09267399267399269,0.0923731030873888,0.35583464154892724,0.5552066980638409,0.7734170591313448
Gowalla,1.0,1.0,1.0,3,0.02,0.10634144472278331,0.14016044687956442,0.09215254009789273,0.18148297550443454,0.09199372056514914,0.0923731030873888,0.3540031397174254,0.5554683411826269,0.7770800627943485
Gowalla,1.0,1.0,1.0,5,0.005,0.10443657376423347,0.13950043281830657,0.09066934384023304,0.1813914303996021,0.0902145473574045,0.09221611721611722,0.3540031397174254,0.5528519099947672,0.7752485609628467
Gowalla,1.0,1.0,1.0,5,0.01,0.10959338305096708,0.14347956618912638,0.09253969009584137,0.18339309217680658,0.09398220826792257,0.09375981161695449,0.3665620094191523,0.565410779696494,0.7762951334379906
Gowalla,1.0,1.0,1.0,5,0.02,0.10834447785777915,0.14121945569859484,0.09084599013296982,0.18024194203551333,0.09309262166405023,0.09211145996860283,0.36002093144950287,0.5586080586080586,0.7786499215070644
Gowalla,1.0,1.0,1.0,10,0.005,0.10770334372276,0.14487480263915134,0.09104221697970523,0.18845331808498547,0.09175824175824177,0.09432234432234432,0.3642072213500785,0.5575614861329147,0.7859759288330717
Gowalla,1.0,1.0,1.0,10,0.01,0.10911324481261926,0.1427877364483907,0.09403993741033374,0.18397883339693388,0.09492412349555207,0.09387755102040818,0.3655154369440084,0.5630559916274201,0.7668759811616954
Gowalla,1.0,1.0,1.0,10,0.02,0.10531315977782675,0.13950886694990475,0.09042224106001312,0.18223298925444276,0.09225536368393512,0.09209837781266354,0.34850863422291994,0.5575614861329147,0.7742019884877027
Gowalla,1.0,1.0,2.0,1,0.005,0.10948209551963378,0.14294975567174595,0.0913120665009342,0.18268132286953467,0.09398220826792257,0.09332810047095763,0.3602825745682888,0.5554683411826269,0.7723704866562009
Gowalla,1.0,1.0,2.0,1,0.01,0.1065302087393305,0.13879427675106393,0.09028166894278414,0.17853724066998927,0.09437467294610152,0.09262166405023547,0.347723704866562,0.5557299843014128,0.7679225536368394
Gowalla,1.0,1.0,2.0,1,0.02,0.10986240287990824,0.1432536023258568,0.09325686346699433,0.18339447049045993,0.09319727891156462,0.09267399267399269,0.3626373626373626,0.5565149136577708,0.7762951334379906
Gowalla,1.0,1.0,2.0,3,0.005,0.10881484898673462,0.1423762088080681,0.09124793963132335,0.18259682785849926,0.09400837257980114,0.09369440083725798,0.358451072736787,0.5596546310832025,0.7702773417059131
Gowalla,1.0,1.0,2.0,3,0.01,0.10582243323988078,0.1409145762555317,0.08919660182280426,0.18222633670911717,0.0913919413919414,0.09298796441653585,0.35374149659863946,0.5502354788069074,0.7687074829931972
Gowalla,1.0,1.0,2.0,3,0.02,0.10828688191254005,0.1412379212952688,0.09223306904566977,0.18212927703512893,0.09416535845107274,0.09328885400313972,0.3529565672422815,0.5510204081632653,0.7710622710622711
Gowalla,1.0,1.0,2.0,5,0.005,0.1055716476917649,0.13894593836350216,0.09051064059718861,0.17794644445094826,0.09154892726321298,0.09203296703296704,0.348246991104134,0.554683411826269,0.7653061224489796
Gowalla,1.0,1.0,2.0,5,0.01,0.10704894309829294,0.1400525457614475,0.08980765748867567,0.18139877718990213,0.09296180010465727,0.09178440607012035,0.35426478283621143,0.5559916274201988,0.7760334903192047
Gowalla,1.0,1.0,2.0,5,0.02,0.10541974536624149,0.13952959053563718,0.0882544327995538,0.17895197211998004,0.09092098377812663,0.09217687074829933,0.3550497121925693,0.5565149136577708,0.7639979068550498
Gowalla,1.0,1.0,2.0,10,0.005,0.10867721656283164,0.14476821472247717,0.09103552395243339,0.1880724164520044,0.09327577184720041,0.09434850863422292,0.3676085818942962,0.5612244897959183,0.7878074306645735
Gowalla,1.0,1.0,2.0,10,0.01,0.10731431597585299,0.1429467885941197,0.09187176416447713,0.18571429530143624,0.09298796441653584,0.09440083725798014,0.35374149659863946,0.5572998430141287,0.7765567765567766
Gowalla,1.0,1.0,2.0,10,0.02,0.10488664391152706,0.14107119781581687,0.08752199484581401,0.18220318393460996,0.09081632653061225,0.0935374149659864,0.35060177917320773,0.5444793301936159,0.7770800627943485
Gowalla,1.5,0.3,0.2,1,0.005,0.10558442365716672,0.13813276853043802,0.0886151949976151,0.17675047267400876,0.0921768707482993,0.09147043432757719,0.35583464154892724,0.5502354788069074,0.7645211930926217
Gowalla,1.5,0.3,0.2,1,0.01,0.1079012514083336,0.14085351257717152,0.09272088906399939,0.18141119791127472,0.09369440083725798,0.09258241758241759,0.3663003663003663,0.5659340659340659,0.7776033490319204
Gowalla,1.5,0.3,0.2,1,0.02,0.10906302887165198,0.14295728241785274,0.09245484975320134,0.18393469969914272,0.09340659340659341,0.09331501831501833,0.369440083725798,0.5617477760334904,0.7789115646258503
Gowalla,1.5,0.3,0.2,3,0.005,0.10640647255019797,0.13911855470090406,0.08967265045788787,0.17848957774909815,0.0933542647828362,0.09232077446363161,0.35478806907378335,0.5512820512820513,0.760858189429618
Gowalla,1.5,0.3,0.2,3,0.01,0.10752895865178862,0.14111765891280192,0.0914816321466187,0.18163582531609473,0.09199372056514914,0.09209837781266353,0.35478806907378335,0.5523286237571952,0.7721088435374149
Gowalla,1.5,0.3,0.2,3,0.02,0.10666171189873774,0.14182334770069288,0.09126456326011338,0.18461875630021463,0.09301412872841446,0.0937467294610152,0.35138670852956566,0.5659340659340659,0.7799581371009943
Gowalla,1.5,0.3,0.2,5,0.005,0.10618947311889217,0.13988162331426834,0.09035834605556624,0.18078524003324595,0.09246467817896391,0.09281789638932496,0.35138670852956566,0.5523286237571952,0.7694924123495552
Gowalla,1.5,0.3,0.2,5,0.01,0.10625091818699639,0.14107807695490804,0.08834686525958431,0.18022151090484678,0.09147043432757719,0.09304029304029304,0.35478806907378335,0.5510204081632653,0.7697540554683412
Gowalla,1.5,0.3,0.2,5,0.02,0.10552098561981865,0.14000532290592216,0.08659991700302096,0.179464326418817,0.09196755625327054,0.09375981161695449,0.34798534798534797,0.5342752485609629,0.7626896912611199
Gowalla,1.5,0.3,0.2,10,0.005,0.11147211656064801,0.14611881175673583,0.09292502706423764,0.18659041119474082,0.09618001046572476,0.09555206698063842,0.37336473050758767,0.5714285714285714,0.7862375719518576
Gowalla,1.5,0.3,0.2,10,0.01,0.10502260668315742,0.1390366861386613,0.08814901587227618,0.179382774506216,0.09063317634746207,0.09161433804290949,0.35190999476713763,0.5494505494505495,0.7689691261119832
Gowalla,1.5,0.3,0.2,10,0.02,0.11026067049035972,0.14313269029027476,0.09429380658360144,0.18403666375995273,0.0956567242281528,0.0937728937728938,0.36159079016221873,0.5675039246467818,0.7739403453689168
Gowalla,1.5,0.3,0.5,1,0.005,0.10644843612047962,0.14054981823649057,0.08844799461670555,0.18034382232813703,0.09306645735217164,0.09344583987441131,0.35426478283621143,0.5489272632129775,0.7694924123495552
Gowalla,1.5,0.3,0.5,1,0.01,0.10744293462356866,0.14136218812700035,0.09041681891550467,0.18042637225739813,0.09309262166405023,0.09378597592883309,0.3579277864992151,0.5609628466771324,0.7697540554683412
Gowalla,1.5,0.3,0.5,1,0.02,0.107090086317861,0.14200936656977492,0.09164772586748683,0.18487456078613643,0.09374672946101517,0.09447933019361592,0.3597592883307169,0.5643642072213501,0.783097854526426
Gowalla,1.5,0.3,0.5,3,0.005,0.10752549243127053,0.1426437694856763,0.09214222503497385,0.18610316050488315,0.09382522239665098,0.09398220826792256,0.35609628466771326,0.5659340659340659,0.7768184196755625
Gowalla,1.5,0.3,0.5,3,0.01,0.10834275982262939,0.1429405169783294,0.09150497586693566,0.18442967260762458,0.09332810047095762,0.0934850863422292,0.358451072736787,0.5635792778649922,0.7783882783882784
Gowalla,1.5,0.3,0.5,3,0.02,0.11070910155735902,0.14504476439421282,0.09466138653097504,0.188927669034931,0.09602302459445317,0.09478021978021978,0.3665620094191523,0.5630559916274201,0.7841444270015698
Gowalla,1.5,0.3,0.5,5,0.005,0.10552945755488632,0.1405057653584094,0.0892774029333204,0.18182238498959255,0.09191522762951335,0.0936028257456829,0.3498168498168498,0.5559916274201988,0.7776033490319204
Gowalla,1.5,0.3,0.5,5,0.01,0.10800980316275766,0.14300799624434404,0.09165000747037116,0.1860346904933003,0.09372056514913658,0.0937728937728938,0.36237571951857667,0.5591313448456305,0.7810047095761381
Gowalla,1.5,0.3,0.5,5,0.02,0.10675531924749587,0.14076645828074988,0.09096010488797088,0.18220705971603873,0.09288330716902145,0.09271323914181058,0.34327577184720043,0.5494505494505495,0.7658294086865516
Gowalla,1.5,0.3,0.5,10,0.005,0.10654028315694282,0.1378465294734066,0.09016011249146687,0.17535584847353033,0.0925431711145997,0.09063317634746207,0.36682365253793825,0.5567765567765568,0.7639979068550498
Gowalla,1.5,0.3,0.5,10,0.01,0.10875040810895685,0.14175476876173665,0.09154966414614309,0.18106607072528152,0.09382522239665098,0.09280481423338567,0.35426478283621143,0.5531135531135531,0.771585557299843
Gowalla,1.5,0.3,0.5,10,0.02,0.10875304940223474,0.14242200848923864,0.09266010933965273,0.183286878341978,0.09440083725798014,0.09364207221350078,0.3555729984301413,0.5588697017268446,0.7776033490319204
Gowalla,1.5,0.3,1.0,1,0.005,0.10426919222212493,0.13613195739701098,0.088839372770486,0.17433805918283343,0.09157509157509157,0.0914311878597593,0.3390894819466248,0.5447409733124019,0.7543171114599686
Gowalla,1.5,0.3,1.0,1,0.01,0.10694456121353446,0.1404573064092518,0.0906213520573427,0.18072158666875052,0.09277864992150707,0.09279173207744637,0.3534798534798535,0.5567765567765568,0.7723704866562009
Gowalla,1.5,0.3,1.0,1,0.02,0.10758332458916443,0.14091016199530332,0.0906347308723358,0.18011380773041857,0.09243851386708529,0.09243851386708532,0.3574045002616431,0.5531135531135531,0.7679225536368394
Gowalla,1.5,0.3,1.0,3,0.005,0.10740939047533789,0.14156193076436868,0.09002311390918413,0.18193249180052454,0.0925431711145997,0.09292255363683938,0.35949764521193095,0.5536368393511251,0.7802197802197802
Gowalla,1.5,0.3,1.0,3,0.01,0.10720939121378553,0.13950444355488892,0.08897563437963421,0.17760824354767485,0.09222919937205651,0.0915881737310309,0.36342229199372056,0.5507587650444793,0.7668759811616954
Gowalla,1.5,0.3,1.0,3,0.02,0.10716064988502741,0.13935859834316025,0.08901131288599484,0.17740868385053726,0.09306645735217164,0.09187598116169546,0.35923600209314493,0.5504971219256933,0.761119832548404
Gowalla,1.5,0.3,1.0,5,0.005,0.10841221551924198,0.14188054149261484,0.09295968219906443,0.18338280230319554,0.09440083725798012,0.09309262166405026,0.35714285714285715,0.565410779696494,0.7681841967556253
Gowalla,1.5,0.3,1.0,5,0.01,0.1093256849229637,0.14307095775460357,0.09211264833248563,0.1841433760102155,0.09510727367870227,0.09389063317634747,0.3574045002616431,0.565410779696494,0.782051282051282
Gowalla,1.5,0.3,1.0,5,0.02,0.11010543128767346,0.14385098028373086,0.09291147754070614,0.18450230058208636,0.09434850863422292,0.09382522239665098,0.36787022501308214,0.5601779173207745,0.7810047095761381
Gowalla,1.5,0.3,1.0,10,0.005,0.10383767280021614,0.13796173273028667,0.08798655864807459,0.17927995880720649,0.09175824175824177,0.09216378859236002,0.35269492412349557,0.5518053375196232,0.7689691261119832
Gowalla,1.5,0.3,1.0,10,0.01,0.11019128624107837,0.14415300166130296,0.09324237454383213,0.18433109414323845,0.0945578231292517,0.09361590790162219,0.358712715855573,0.565149136577708,0.7794348508634223
Gowalla,1.5,0.3,1.0,10,0.02,0.1101682587373395,0.14348391784591258,0.09395644044692311,0.18363059463267684,0.09411302982731555,0.09267399267399268,0.3626373626373626,0.5669806384092099,0.7736787022501308
Gowalla,1.5,0.3,2.0,1,0.005,0.10455752905911238,0.13835210920376842,0.08944369333829458,0.17945847885387056,0.09204604918890634,0.09255625327053899,0.34850863422291994,0.5507587650444793,0.7645211930926217
Gowalla,1.5,0.3,2.0,1,0.01,0.10430458129663783,0.1396990763211216,0.08858557019971613,0.181396448556517,0.0902407116692831,0.0924646781789639,0.35374149659863946,0.5484039769754055,0.7731554160125589
Gowalla,1.5,0.3,2.0,1,0.02,0.10257685110720037,0.13764417039107957,0.08836812276281164,0.18037575483784696,0.08898482469911041,0.09113029827315541,0.34327577184720043,0.5515436944008373,0.771585557299843
Gowalla,1.5,0.3,2.0,3,0.005,0.10582544140078903,0.1388322581951662,0.08854000611058255,0.1772774108782347,0.09236002093144952,0.09173207744636316,0.3498168498168498,0.5528519099947672,0.7666143380429095
Gowalla,1.5,0.3,2.0,3,0.01,0.10563556858040697,0.14114172649340292,0.0894025952822303,0.18364479956198912,0.09141810570381999,0.09306645735217164,0.3448456305599163,0.5439560439560439,0.771585557299843
Gowalla,1.5,0.3,2.0,3,0.02,0.10670226259607066,0.13972357295327975,0.09133502062512103,0.17958452134235336,0.09296180010465725,0.09242543171114599,0.3550497121925693,0.5630559916274201,0.7647828362114076
Gowalla,1.5,0.3,2.0,5,0.005,0.1090493795491952,0.14241102104133327,0.09112850696157192,0.18172146404190545,0.09262166405023547,0.0923861852433281,0.3597592883307169,0.5559916274201988,0.7760334903192047
Gowalla,1.5,0.3,2.0,5,0.01,0.10624279900165742,0.14006437778818687,0.09016838228226198,0.18036182472801873,0.09136577708006278,0.09182365253793827,0.3553113553113553,0.554160125588697,0.7694924123495552
Gowalla,1.5,0.3,2.0,5,0.02,0.11207954620515687,0.1444394111871624,0.09662284237451632,0.1847366878754805,0.09625850340136055,0.09383830455259028,0.3749345892203035,0.5790162218733648,0.7776033490319204
Gowalla,1.5,0.3,2.0,10,0.005,0.10712584586897576,0.14026401681744557,0.09134857632220694,0.1802059382697207,0.09314495028780743,0.09318419675562534,0.3555729984301413,0.554683411826269,0.760858189429618
Gowalla,1.5,0.3,2.0,10,0.01,0.10884890114478867,0.14144777921021062,0.09149230655304055,0.18142634569402397,0.0935897435897436,0.0923731030873888,0.3621140763997907,0.5575614861329147,0.7676609105180534
Gowalla,1.5,0.3,2.0,10,0.02,0.11099484627747934,0.14636288965081493,0.09347764472551552,0.18781497247541057,0.0945839874411303,0.0956567242281528,0.3757195185766614,0.564625850340136,0.783097854526426
Gowalla,1.5,0.5,0.2,1,0.005,0.10775045866059924,0.14079222179738088,0.09131047528632803,0.18064566337692547,0.09364207221350078,0.09344583987441131,0.3566195709052852,0.5588697017268446,0.7637362637362637
Gowalla,1.5,0.5,0.2,1,0.01,0.10671379949641452,0.13994276679296042,0.08932312005130431,0.1783086171139838,0.0924123495552067,0.09233385661957091,0.3566195709052852,0.554945054945055,0.7639979068550498
Gowalla,1.5,0.5,0.2,1,0.02,0.10198832883466015,0.13517657903928382,0.08430577169943856,0.17422326330324925,0.08932496075353218,0.09008372579801154,0.33935112506541076,0.5371533228676085,0.7668759811616954
Gowalla,1.5,0.5,0.2,3,0.005,0.10814387897089618,0.14095004131776123,0.09115547354236778,0.18038516657828335,0.09424385138670853,0.09292255363683935,0.3568812140240712,0.5575614861329147,0.7619047619047619
Gowalla,1.5,0.5,0.2,3,0.01,0.10727392784925256,0.14131932241175937,0.08929256845943986,0.18118754504515114,0.09183673469387756,0.0924908424908425,0.3655154369440084,0.5557299843014128,0.7721088435374149
Gowalla,1.5,0.5,0.2,3,0.02,0.10653914153160814,0.14116836047174147,0.09032250501784438,0.18288218674738038,0.09178440607012035,0.09276556776556778,0.3532182103610675,0.5580847723704867,0.7807430664573521
Gowalla,1.5,0.5,0.2,5,0.005,0.10426679442650878,0.13766810075379907,0.087124959635225,0.17727599037335287,0.09160125588697018,0.09229461015175301,0.33751962323390894,0.5340136054421769,0.7590266875981162
Gowalla,1.5,0.5,0.2,5,0.01,0.10597245670042368,0.13850391167429513,0.09008764913008104,0.17773033608388997,0.09220303506017791,0.09148351648351649,0.3464154892726321,0.5486656200941915,0.7673992673992674
Gowalla,1.5,0.5,0.2,5,0.02,0.1021927528192744,0.13685179345341586,0.08596681105051188,0.17725414572674658,0.08882783882783883,0.09101255886970173,0.3456305599162742,0.5421245421245421,0.7660910518053375
Gowalla,1.5,0.5,0.2,10,0.005,0.10488386534702421,0.1391594039942677,0.08896173080531058,0.1801031861679738,0.09136577708006281,0.09266091051805336,0.3516483516483517,0.5520669806384092,0.7624280481423339
Gowalla,1.5,0.5,0.2,10,0.01,0.11020916356890822,0.14366618473547393,0.09351407558341035,0.18479465022727629,0.09434850863422292,0.09315803244374674,0.36787022501308214,0.56567242281528,0.7812663526949242
Gowalla,1.5,0.5,0.2,10,0.02,0.1058521035315801,0.13919552791876777,0.09013145539771923,0.17958417212634242,0.09199372056514914,0.09164050235478807,0.3532182103610675,0.5531135531135531,0.7666143380429095
Gowalla,1.5,0.5,0.5,1,0.005,0.10641018227952835,0.14081390148444553,0.09073144631172826,0.18148523005084316,0.0913919413919414,0.09208529565672424,0.35034013605442177,0.5562532705389849,0.7708006279434851
Gowalla,1.5,0.5,0.5,1,0.01,0.10684474941530556,0.1406292127891321,0.09074847217688473,0.1813800700900378,0.09340659340659341,0.09297488226059655,0.3555729984301413,0.5552066980638409,0.772632129774987
Gowalla,1.5,0.5,0.5,1,0.02,0.10783485708604343,0.14153111037953317,0.08850421818667302,0.18046910872496938,0.09304029304029304,0.09310570381998955,0.36159079016221873,0.5523286237571952,0.771585557299843
Gowalla,1.5,0.5,0.5,3,0.005,0.10843058660183397,0.14227171301850317,0.09128898836688591,0.18213115031513377,0.09361590790162219,0.0935897435897436,0.358451072736787,0.5583464154892727,0.7697540554683412
Gowalla,1.5,0.5,0.5,3,0.01,0.10735278557144395,0.14043859756037283,0.09232594513440957,0.18054468512928207,0.09283097854526426,0.09230769230769231,0.3626373626373626,0.5575614861329147,0.7671376242804814
Gowalla,1.5,0.5,0.5,3,0.02,0.10891593312282126,0.14258360537866885,0.09219955471970741,0.18327060426524386,0.0934850863422292,0.09315803244374674,0.358974358974359,0.5504971219256933,0.7731554160125589
Gowalla,1.5,0.5,0.5,5,0.005,0.10944736278833432,0.1423267196129928,0.09311838634812161,0.1831493663208351,0.09481946624803766,0.09335426478283622,0.36054421768707484,0.5630559916274201,0.7671376242804814
Gowalla,1.5,0.5,0.5,5,0.01,0.10521774272849456,0.13907067932929137,0.09137204658990483,0.18139472543409138,0.09147043432757719,0.09105180533751964,0.34746206174777605,0.5604395604395604,0.7710622710622711
Gowalla,1.5,0.5,0.5,5,0.02,0.10670140401221455,0.14025740079655033,0.09280744296194385,0.1819509908242772,0.09230769230769233,0.09205913134484564,0.3529565672422815,0.5627943485086342,0.7749869178440607
Gowalla,1.5,0.5,0.5,10,0.005,0.10869815697322281,0.141589281794726,0.09193934001950137,0.18037556691101397,0.09314495028780745,0.09239926739926742,0.358974358974359,0.5591313448456305,0.7762951334379906
Gowalla,1.5,0.5,0.5,10,0.01,0.1072571542699269,0.14063290805357126,0.09145796422310182,0.18118382425715665,0.09377289377289379,0.09328885400313973,0.3534798534798535,0.56567242281528,0.7723704866562009
Gowalla,1.5,0.5,0.5,10,0.02,0.10762035332919509,0.14335758369137364,0.09167874339693778,0.18565980126098156,0.09293563579277866,0.094832548403977,0.3540031397174254,0.5536368393511251,0.7723704866562009
Gowalla,1.5,0.5,1.0,1,0.005,0.10969446958269685,0.14291595348984065,0.0923498701448598,0.18282783443086892,0.09419152276295134,0.09301412872841444,0.3621140763997907,0.5622710622710623,0.7765567765567766
Gowalla,1.5,0.5,1.0,1,0.01,0.10798268330237243,0.140020378009118,0.09095289733927642,0.17871474283866623,0.09246467817896391,0.09128728414442702,0.358451072736787,0.554945054945055,0.7655677655677655
Gowalla,1.5,0.5,1.0,1,0.02,0.10717281599488183,0.1419701560009703,0.08980337940258916,0.18370117026958172,0.09304029304029304,0.0935374149659864,0.36159079016221873,0.5544217687074829,0.7742019884877027
Gowalla,1.5,0.5,1.0,3,0.005,0.10715604736483449,0.14173680546159326,0.09108007100171502,0.18330049782071903,0.09290947148090006,0.09273940345368918,0.36682365253793825,0.5638409209837781,0.7768184196755625
Gowalla,1.5,0.5,1.0,3,0.01,0.10755513278244114,0.14093055972790505,0.09311896857078648,0.18097268945714678,0.0933804290947148,0.09310570381998955,0.3613291470434328,0.5635792778649922,0.771847200418629
Gowalla,1.5,0.5,1.0,3,0.02,0.10856648304069143,0.14272637997427334,0.09154572866989469,0.18364465949131814,0.0934589220303506,0.09348508634222921,0.3553113553113553,0.5601779173207745,0.7762951334379906
Gowalla,1.5,0.5,1.0,5,0.005,0.11008740068179605,0.1423244362561979,0.09163398810535923,0.18131292153772732,0.09570905285191,0.09382522239665098,0.36813186813186816,0.5565149136577708,0.7708006279434851
Gowalla,1.5,0.5,1.0,5,0.01,0.1075982672955928,0.14135950733108577,0.0895354806668179,0.17985123273261328,0.09275248560962847,0.09307953950811093,0.35766614338042907,0.5575614861329147,0.7755102040816326
Gowalla,1.5,0.5,1.0,5,0.02,0.10641395815894125,0.14074406439959034,0.09113159846031611,0.18357983310140763,0.09243851386708529,0.0924908424908425,0.3435374149659864,0.5567765567765568,0.7807430664573521
Gowalla,1.5,0.5,1.0,10,0.005,0.10808835203610799,0.14122690550040326,0.08902831679382173,0.17953008993192193,0.09288330716902145,0.09243851386708529,0.3574045002616431,0.5478806907378336,0.7673992673992674
Gowalla,1.5,0.5,1.0,10,0.01,0.10627181190271275,0.13970133117133196,0.08976208854922448,0.1812650943808135,0.09256933542647827,0.0924123495552067,0.3492935635792779,0.5504971219256933,0.7721088435374149
Gowalla,1.5,0.5,1.0,10,0.02,0.10728707296126698,0.14288509352977186,0.09174755942957978,0.18661813915969466,0.0933542647828362,0.09434850863422292,0.3540031397174254,0.5586080586080586,0.7836211407639979
Gowalla,1.5,0.5,2.0,1,0.005,0.10813048244041679,0.14175410782993586,0.09193528040415701,0.18247446106800633,0.09327577184720041,0.09293563579277866,0.36394557823129253,0.5633176347462062,0.7807430664573521
Gowalla,1.5,0.5,2.0,1,0.01,0.10595848383472568,0.13849050816028052,0.08938144703355692,0.1778052292800689,0.0921768707482993,0.09164050235478807,0.33882783882783885,0.5533751962323391,0.7642595499738357
Gowalla,1.5,0.5,2.0,1,0.02,0.1077861352035582,0.14115999261863202,0.09166734772940136,0.1798261687906531,0.09220303506017793,0.09209837781266353,0.3540031397174254,0.5625327053898482,0.7731554160125589
Gowalla,1.5,0.5,2.0,3,0.005,0.1058556755213258,0.1400778829845358,0.08866543188202906,0.1819099878390334,0.09167974882260596,0.09233385661957091,0.3453689167974882,0.5413396127681842,0.7723704866562009
Gowalla,1.5,0.5,2.0,3,0.01,0.1063927122177863,0.14091377800446223,0.09017229387187842,0.18280027807006113,0.09207221350078493,0.09275248560962847,0.3516483516483517,0.5554683411826269,0.7783882783882784
Gowalla,1.5,0.5,2.0,3,0.02,0.10985125446992072,0.1429488296264295,0.0919235017004949,0.1828347292738379,0.09442700156985873,0.0934981684981685,0.3663003663003663,0.5609628466771324,0.7760334903192047
Gowalla,1.5,0.5,2.0,5,0.005,0.10720301342537761,0.14110373940648502,0.09125479121418502,0.18228906291753427,0.09314495028780743,0.09300104657247514,0.36159079016221873,0.5659340659340659,0.7721088435374149
Gowalla,1.5,0.5,2.0,5,0.01,0.10772710663712264,0.14177903405218903,0.09064112415376534,0.1824194743107228,0.09228152799581373,0.09247776033490321,0.3660387231815803,0.5617477760334904,0.7778649921507065
Gowalla,1.5,0.5,2.0,5,0.02,0.10701820142961323,0.14145563199014632,0.08971949534903817,0.1826374521378742,0.09348508634222921,0.09360282574568289,0.3540031397174254,0.5580847723704867,0.7742019884877027
Gowalla,1.5,0.5,2.0,10,0.005,0.10858522236445232,0.14142322015157363,0.090845971582822,0.18066638158112838,0.09372056514913657,0.09292255363683938,0.35426478283621143,0.5620094191522763,0.7747252747252747
Gowalla,1.5,0.5,2.0,10,0.01,0.11192691636120014,0.14584137206113107,0.09368807526613425,0.18635347839017163,0.09518576661433804,0.0946886446886447,0.3649921507064364,0.5572998430141287,0.7786499215070644
Gowalla,1.5,0.5,2.0,10,0.02,0.10909612518193681,0.14398062703424053,0.09256761032350473,0.18598232135738105,0.09290947148090006,0.09339351125065412,0.3723181580324437,0.5635792778649922,0.7742019884877027
Gowalla,1.5,0.7,0.2,1,0.005,0.10454159664244773,0.13821682405492638,0.08931398649452255,0.179642454139769,0.09186289900575616,0.09201988487702775,0.34720041862899004,0.5484039769754055,0.7689691261119832
Gowalla,1.5,0.7,0.2,1,0.01,0.10763732636569931,0.14066237210142385,0.0916191222671228,0.18163443854203018,0.09330193615907902,0.09211145996860283,0.35923600209314493,0.5533751962323391,0.7666143380429095
Gowalla,1.5,0.7,0.2,1,0.02,0.10999656953989594,0.14321417037704934,0.0934281996999956,0.182275504703761,0.09327577184720041,0.09245159602302461,0.3652537938252224,0.5701203558346416,0.7728937728937729
Gowalla,1.5,0.7,0.2,3,0.005,0.1063578886091893,0.13961688137675762,0.09068748235978054,0.17987177242838842,0.0924123495552067,0.09233385661957091,0.3540031397174254,0.5575614861329147,0.7658294086865516
Gowalla,1.5,0.7,0.2,3,0.01,0.1089722730035406,0.1418154156720724,0.09487463707802814,0.18271033459101796,0.09392987964416535,0.09209837781266354,0.36002093144950287,0.5672422815279958,0.7804814233385662
Gowalla,1.5,0.7,0.2,3,0.02,0.1088690244768276,0.14099721323049685,0.0919790678808591,0.1808247058601996,0.09505494505494506,0.09334118262689692,0.3613291470434328,0.5612244897959183,0.7668759811616954
Gowalla,1.5,0.7,0.2,5,0.005,0.10905596589464324,0.14284291422582646,0.09201578031220461,0.1833297644595275,0.09437467294610152,0.09379905808477237,0.35583464154892724,0.564625850340136,0.7728937728937729
Gowalla,1.5,0.7,0.2,5,0.01,0.1069627887062809,0.141766492373825,0.09000986087991869,0.1824283698481848,0.09167974882260597,0.09281789638932496,0.35190999476713763,0.5512820512820513,0.7744636316064888
Gowalla,1.5,0.7,0.2,5,0.02,0.10513402571673366,0.1393514397003609,0.08859770455978508,0.1786085529794771,0.09018838304552591,0.09156200941915228,0.3566195709052852,0.5473574045002616,0.7728937728937729
Gowalla,1.5,0.7,0.2,10,0.005,0.10781248334697285,0.14229518245327963,0.09176844337470608,0.18346283260705432,0.09374672946101517,0.09331501831501833,0.3608058608058608,0.5614861329147044,0.7770800627943485
Gowalla,1.5,0.7,0.2,10,0.01,0.1069265922576484,0.14244270093338546,0.09133496635832151,0.1859865834859576,0.09332810047095763,0.09408686551543695,0.3597592883307169,0.5536368393511251,0.7817896389324961
Gowalla,1.5,0.7,0.2,10,0.02,0.10568712576852901,0.13897034053902843,0.08898314217002316,0.17954057899021103,0.09309262166405023,0.09267399267399269,0.35190999476713763,0.5494505494505495,0.7621664050235479
Gowalla,1.5,0.7,0.5,1,0.005,0.10532147762943653,0.13953581232524254,0.08874085773230606,0.1799186302220317,0.09188906331763476,0.09281789638932496,0.34720041862899004,0.5484039769754055,0.7708006279434851
Gowalla,1.5,0.7,0.5,1,0.01,0.10797349271667778,0.1416320896258108,0.08862596414105933,0.17999741529016236,0.09152276295133438,0.0924908424908425,0.3673469387755102,0.5515436944008373,0.7776033490319204
Gowalla,1.5,0.7,0.5,1,0.02,0.10938567243022321,0.1435259970982695,0.09173301134670231,0.18450189901919772,0.09432234432234432,0.09396912611198324,0.36342229199372056,0.5714285714285714,0.7773417059131345
Gowalla,1.5,0.7,0.5,3,0.005,0.1055264241525564,0.13759351436358744,0.08730913108194097,0.1741936596982155,0.0912349555206698,0.09122187336473052,0.3511250654107797,0.5408163265306123,0.7553636839351126
Gowalla,1.5,0.7,0.5,3,0.01,0.10679928660355868,0.14166198599556365,0.09003939189678026,0.18184030355222194,0.09222919937205651,0.09323652537938253,0.35478806907378335,0.554683411826269,0.7697540554683412
Gowalla,1.5,0.7,0.5,3,0.02,0.11012319860922133,0.14524595094967716,0.09303367469372281,0.18771142161139753,0.09547357404500263,0.09540816326530611,0.36891679748822603,0.5669806384092099,0.7862375719518576
Gowalla,1.5,0.7,0.5,5,0.005,0.10482557329740706,0.1384297318267309,0.08975190998149483,0.17928465484174658,0.0924123495552067,0.09277864992150707,0.3464154892726321,0.5536368393511251,0.7653061224489796
Gowalla,1.5,0.7,0.5,5,0.01,0.10433243291845447,0.1397609805983235,0.08819962610387268,0.18124057844624086,0.09154892726321297,0.09322344322344324,0.35374149659863946,0.5559916274201988,0.7728937728937729
Gowalla,1.5,0.7,0.5,5,0.02,0.10542834570361924,0.13934596064794127,0.08864861042393735,0.17875792011033476,0.09162742019884879,0.09212454212454213,0.36002093144950287,0.5494505494505495,0.7679225536368394
Gowalla,1.5,0.7,0.5,10,0.005,0.10603969117176673,0.1390899064502807,0.08925376046079435,0.17744808705603762,0.09175824175824177,0.0913526949241235,0.36237571951857667,0.5580847723704867,0.7676609105180534
Gowalla,1.5,0.7,0.5,10,0.01,0.10444004391771662,0.139280312040209,0.08617779410953522,0.17852053162118064,0.08945578231292517,0.09200680272108842,0.3555729984301413,0.5429094714809001,0.7637362637362637
Gowalla,1.5,0.7,0.5,10,0.02,0.1082326486190087,0.14334213220212538,0.09259581812433401,0.184224114729687,0.0925170068027211,0.0936420722135008,0.37598116169544743,0.5672422815279958,0.7728937728937729
Gowalla,1.5,0.7,1.0,1,0.005,0.11176478885278733,0.1440782795600241,0.09465041168754325,0.18323394833060577,0.09649398220826792,0.09423076923076924,0.3655154369440084,0.5641025641025641,0.7705389848246991
Gowalla,1.5,0.7,1.0,1,0.01,0.10753099090386357,0.1413178797498379,0.09140999893469971,0.1811986385643551,0.0923600209314495,0.09255625327053899,0.3618524332810047,0.5580847723704867,0.7687074829931972
Gowalla,1.5,0.7,1.0,1,0.02,0.10874817290122653,0.14318053674917494,0.09104711939848054,0.1842303199106953,0.09322344322344323,0.09386446886446886,0.35766614338042907,0.5502354788069074,0.7747252747252747
Gowalla,1.5,0.7,1.0,3,0.005,0.10742459879395332,0.14136775209135277,0.08989741058178755,0.18176438290165128,0.09351125065410779,0.09372056514913658,0.3663003663003663,0.5552066980638409,0.7768184196755625
Gowalla,1.5,0.7,1.0,3,0.01,0.10739883523679562,0.14148974561204383,0.09072524022084473,0.18285794097656755,0.0936159079016222,0.09379905808477237,0.34379905808477235,0.5494505494505495,0.7770800627943485
Gowalla,1.5,0.7,1.0,3,0.02,0.1072911023065141,0.14290713171974315,0.09054145764110282,0.18564482165420507,0.09301412872841444,0.09441391941391943,0.35034013605442177,0.5536368393511251,0.7755102040816326
Gowalla,1.5,0.7,1.0,5,0.005,0.10893764455342846,0.14300080579865798,0.09118352926731756,0.182598819107336,0.0934850863422292,0.09383830455259028,0.3555729984301413,0.5578231292517006,0.7734170591313448
Gowalla,1.5,0.7,1.0,5,0.01,0.10851789330740164,0.14044441809779235,0.09070016247373693,0.1783041159674239,0.09311878597592885,0.09188906331763476,0.35766614338042907,0.5520669806384092,0.7653061224489796
Gowalla,1.5,0.7,1.0,5,0.02,0.10745205974141621,0.14004578332576886,0.08936350963286883,0.17789637705237285,0.09306645735217164,0.09177132391418105,0.36002093144950287,0.5473574045002616,0.7681841967556253
Gowalla,1.5,0.7,1.0,10,0.005,0.1069846350040416,0.14065410949030413,0.09155512739064582,0.18230529397102463,0.09270015698587128,0.09213762428048143,0.34955520669806384,0.5552066980638409,0.7757718472004186
Gowalla,1.5,0.7,1.0,10,0.01,0.10964871427627577,0.1438523690156142,0.09407576563604726,0.1847505850062841,0.09408686551543695,0.09459706959706962,0.3602825745682888,0.5565149136577708,0.772632129774987
Gowalla,1.5,0.7,1.0,10,0.02,0.10708449655510753,0.1406083551378532,0.09014739309608263,0.18081271578510158,0.0924646781789639,0.0925039246467818,0.35374149659863946,0.554160125588697,0.7660910518053375
Gowalla,1.5,0.7,2.0,1,0.005,0.10786085145397939,0.14136000547268449,0.09233176850345248,0.1808445455098537,0.09181057038199895,0.09167974882260596,0.3663003663003663,0.565410779696494,0.7749869178440607
Gowalla,1.5,0.7,2.0,1,0.01,0.10972496767848469,0.14282526708502388,0.09387154162679136,0.18375207737122953,0.09604918890633177,0.094570905285191,0.3621140763997907,0.5659340659340659,0.7770800627943485
Gowalla,1.5,0.7,2.0,1,0.02,0.10549996442514295,0.13937638018601634,0.08886463389519533,0.18052021815731448,0.09207221350078494,0.09226844583987442,0.35138670852956566,0.5450026164311879,0.7705389848246991
Gowalla,1.5,0.7,2.0,3,0.005,0.1043179816544495,0.13905833361202216,0.08944162499203355,0.1803800269759295,0.08990057561486134,0.09181057038199895,0.34955520669806384,0.5476190476190477,0.7721088435374149
Gowalla,1.5,0.7,2.0,3,0.01,0.10272502434407552,0.13757916072071066,0.08682634504415127,0.17995413226747484,0.08935112506541078,0.09170591313448458,0.3464154892726321,0.5447409733124019,0.771847200418629
Gowalla,1.5,0.7,2.0,3,0.02,0.10547038073567594,0.13916429675114333,0.08953915838880049,0.18016162372919514,0.09212454212454213,0.09258241758241759,0.3448456305599163,0.5512820512820513,0.7629513343799058
Gowalla,1.5,0.7,2.0,5,0.005,0.10857455520780876,0.1430227876680574,0.09341919642809747,0.1850401566803896,0.09416535845107273,0.09377289377289379,0.3579277864992151,0.5593929879644165,0.7749869178440607
Gowalla,1.5,0.7,2.0,5,0.01,0.10684635427196926,0.14108349083699775,0.09016832409321043,0.18251915280555006,0.09277864992150707,0.09283097854526426,0.35269492412349557,0.5520669806384092,0.7757718472004186
Gowalla,1.5,0.7,2.0,5,0.02,0.10543159064233336,0.1404194698705694,0.08917451610471254,0.18197336531294367,0.09139194139194141,0.09277864992150707,0.34746206174777605,0.5531135531135531,0.7781266352694924
Gowalla,1.5,0.7,2.0,10,0.005,0.11089455226220438,0.14284707911962904,0.09404218970585891,0.18069640106351692,0.09576138147566719,0.09340659340659341,0.3655154369440084,0.5659340659340659,0.7739403453689168
Gowalla,1.5,0.7,2.0,10,0.01,0.10764469483416747,0.14361722424046208,0.09178349177591502,0.1848419560702753,0.09298796441653584,0.09438775510204081,0.3568812140240712,0.5567765567765568,0.7760334903192047
Gowalla,1.5,0.7,2.0,10,0.02,0.10363969761807883,0.13934871870515583,0.0876196892049808,0.18224735567239544,0.09003139717425432,0.09247776033490321,0.3380429094714809,0.5405546834118262,0.7689691261119832
Gowalla,1.5,1.0,0.2,1,0.005,0.10615388452333219,0.14060584611513122,0.08912523599616207,0.18120191026829224,0.09170591313448456,0.092556253270539,0.3500784929356358,0.5429094714809001,0.7647828362114076
Gowalla,1.5,1.0,0.2,1,0.01,0.10605487002707002,0.139456242168429,0.09085958742309985,0.17912396686280624,0.09222919937205651,0.09226844583987442,0.36237571951857667,0.5593929879644165,0.7687074829931972
Gowalla,1.5,1.0,0.2,1,0.02,0.10747051978287797,0.1431529585307593,0.09186264174827859,0.1863355379287062,0.09324960753532183,0.094832548403977,0.35086342229199374,0.5588697017268446,0.7815279958137101
Gowalla,1.5,1.0,0.2,3,0.005,0.10603285951010763,0.14067105483976872,0.09042306262240245,0.18292336081568603,0.09256933542647829,0.09323652537938253,0.3545264259549974,0.5617477760334904,0.7836211407639979
Gowalla,1.5,1.0,0.2,3,0.01,0.11023576943908664,0.1446976563387451,0.09237049573130823,0.1851116202959837,0.09385138670852958,0.09383830455259026,0.3665620094191523,0.5593929879644165,0.7783882783882784
Gowalla,1.5,1.0,0.2,3,0.02,0.10601800617382294,0.13861239263197173,0.08825377375949302,0.1771578646883415,0.09092098377812663,0.09107796964939822,0.3487702773417059,0.5507587650444793,0.7660910518053375
Gowalla,1.5,1.0,0.2,5,0.005,0.10818765859232564,0.14135715930920278,0.09383449176006985,0.18297674180814374,0.09461015175300891,0.09305337519623233,0.36289900575614864,0.5727367870225013,0.7681841967556253
Gowalla,1.5,1.0,0.2,5,0.01,0.10447978969897721,0.14061144529640315,0.08970873647356072,0.18201780567309664,0.08969126111983255,0.0927001569858713,0.3545264259549974,0.5520669806384092,0.7755102040816326
Gowalla,1.5,1.0,0.2,5,0.02,0.10636959074661459,0.1397045284065345,0.08937157588814136,0.17865668349184133,0.09186289900575616,0.09208529565672424,0.36002093144950287,0.5515436944008373,0.7708006279434851
Gowalla,1.5,1.0,0.2,10,0.005,0.1039686102675631,0.13643056053364966,0.08675253789147765,0.17315970269633987,0.09003139717425432,0.09101255886970173,0.34798534798534797,0.5379382522239665,0.7574568288854003
Gowalla,1.5,1.0,0.2,10,0.01,0.10717753648015307,0.14092268743754044,0.08959437700563729,0.17975156471449652,0.09102564102564102,0.09118262689691263,0.35034013605442177,0.543694400837258,0.7710622710622711
Gowalla,1.5,1.0,0.2,10,0.02,0.10529414662637591,0.13793081777571725,0.08997087632355648,0.17750603540365248,0.09254317111459968,0.09181057038199897,0.35086342229199374,0.5507587650444793,0.7621664050235479
Gowalla,1.5,1.0,0.5,1,0.005,0.10705006932008483,0.14073845383995226,0.09123662043751778,0.1820304615008034,0.09243851386708529,0.09237310308738882,0.3487702773417059,0.5601779173207745,0.7739403453689168
Gowalla,1.5,1.0,0.5,1,0.01,0.10733757342019935,0.14226568060654787,0.08967658719719473,0.18209713588537563,0.09165358451072737,0.0934981684981685,0.3579277864992151,0.5518053375196232,0.7749869178440607
Gowalla,1.5,1.0,0.5,1,0.02,0.10747426548685222,0.14082175461984933,0.09167672829772802,0.18125553814914483,0.09264782836211408,0.0923600209314495,0.35609628466771326,0.5622710622710623,0.7773417059131345
Gowalla,1.5,1.0,0.5,3,0.005,0.10585236203477943,0.13894688744436495,0.08833805032869115,0.17809262785553306,0.09225536368393512,0.09237310308738882,0.3553113553113553,0.5504971219256933,0.7626896912611199
Gowalla,1.5,1.0,0.5,3,0.01,0.1106917758497438,0.14215534194149976,0.09395347148387038,0.18085432658756115,0.09429618001046573,0.0913919413919414,0.3665620094191523,0.5769230769230769,0.7791732077446363
Gowalla,1.5,1.0,0.5,3,0.02,0.1061806146650069,0.1389746242226027,0.0906733912349202,0.1790890017901654,0.09259549973835687,0.09175824175824177,0.35190999476713763,0.5578231292517006,0.7692307692307693
Gowalla,1.5,1.0,0.5,5,0.005,0.10734893668146361,0.1415641832909517,0.09287101675276105,0.18391241037617911,0.09382522239665096,0.0933150183150183,0.35426478283621143,0.565149136577708,0.7770800627943485
Gowalla,1.5,1.0,0.5,5,0.01,0.1080618628217998,0.14248154045568712,0.09224509343155156,0.18461215454231164,0.09403453689167975,0.09341967556253272,0.35374149659863946,0.5570381998953428,0.7694924123495552
Gowalla,1.5,1.0,0.5,5,0.02,0.10637562071344883,0.1408372218984453,0.08913687712618766,0.1816564796469285,0.09243851386708532,0.09290947148090006,0.3534798534798535,0.5510204081632653,0.7731554160125589
Gowalla,1.5,1.0,0.5,10,0.005,0.10571895813095936,0.13895722101808441,0.08997142890347445,0.1798120474298871,0.0924908424908425,0.09181057038199897,0.348246991104134,0.5557299843014128,0.772632129774987
Gowalla,1.5,1.0,0.5,10,0.01,0.10711159243826611,0.14132258435351874,0.09134895501047065,0.1824452665523399,0.09264782836211408,0.09267399267399269,0.3456305599162742,0.5557299843014128,0.7731554160125589
Gowalla,1.5,1.0,0.5,10,0.02,0.10922996554969351,0.14377128947780501,0.09244486401344318,0.18396730646075915,0.09311878597592883,0.0934850863422292,0.36106750392464676,0.5635792778649922,0.7762951334379906
Gowalla,1.5,1.0,1.0,1,0.005,0.10519878150649485,0.14028543686487055,0.08967963789177916,0.18204775294856088,0.09099947671376243,0.0925170068027211,0.34798534798534797,0.5515436944008373,0.771847200418629
Gowalla,1.5,1.0,1.0,1,0.01,0.1083101829544111,0.1421639814118131,0.09258506937770716,0.1823033638632354,0.09272632129774988,0.09279173207744637,0.3579277864992151,0.5664573521716378,0.7744636316064888
Gowalla,1.5,1.0,1.0,1,0.02,0.10787143274908241,0.14056671989251437,0.09367627363806938,0.18132088206938096,0.09387755102040818,0.09288330716902145,0.3608058608058608,0.565149136577708,0.7739403453689168
Gowalla,1.5,1.0,1.0,3,0.005,0.10750342256969456,0.14204225515308494,0.09082331463517529,0.18359095519412877,0.0924908424908425,0.09318419675562534,0.3540031397174254,0.554160125588697,0.7776033490319204
Gowalla,1.5,1.0,1.0,3,0.01,0.10622813016782108,0.1406668516634538,0.09021896116864425,0.18158467956395427,0.09196755625327054,0.09292255363683935,0.34379905808477235,0.5533751962323391,0.7762951334379906
Gowalla,1.5,1.0,1.0,3,0.02,0.11093381598368628,0.14489018054733757,0.09281514769098416,0.18590181566810776,0.09542124542124543,0.0946363160648875,0.3574045002616431,0.5680272108843537,0.782051282051282
Gowalla,1.5,1.0,1.0,5,0.005,0.10790008078313076,0.1414819894768396,0.09179108184210548,0.18216475727065942,0.09398220826792257,0.09352433281004711,0.3553113553113553,0.5627943485086342,0.7723704866562009
Gowalla,1.5,1.0,1.0,5,0.01,0.10687016541894494,0.13977053879282833,0.09110600222298293,0.18054499552065872,0.09332810047095763,0.09196755625327054,0.3602825745682888,0.5635792778649922,0.7770800627943485
Gowalla,1.5,1.0,1.0,5,0.02,0.11172859284202473,0.1452674568807337,0.09485794117313662,0.18576194446979188,0.0956305599162742,0.09434850863422292,0.3741496598639456,0.5729984301412873,0.7747252747252747
Gowalla,1.5,1.0,1.0,10,0.005,0.10966661230502087,0.14161403701514713,0.09184708749513001,0.18011109847889692,0.09416535845107273,0.09213762428048143,0.36682365253793825,0.565410779696494,0.7687074829931972
Gowalla,1.5,1.0,1.0,10,0.01,0.10762351929111996,0.14086995495031074,0.09078451878098673,0.18057618197365732,0.09314495028780743,0.09339351125065412,0.3568812140240712,0.5586080586080586,0.7689691261119832
Gowalla,1.5,1.0,1.0,10,0.02,0.10864649378478239,0.1426842935651073,0.09230668417707291,0.1839032828120439,0.09372056514913658,0.09281789638932497,0.3613291470434328,0.5593929879644165,0.771585557299843
Gowalla,1.5,1.0,2.0,1,0.005,0.10672014350807156,0.14058273630098675,0.08961812894475205,0.18033063241692163,0.09314495028780743,0.09355049712192572,0.34615384615384615,0.5528519099947672,0.771847200418629
Gowalla,1.5,1.0,2.0,1,0.01,0.10258081305914082,0.13687903276039984,0.08546644258003223,0.17710953291429435,0.08945578231292517,0.09160125588697018,0.336996336996337,0.5395081109366824,0.7647828362114076
Gowalla,1.5,1.0,2.0,1,0.02,0.10385018534597985,0.1389569634272661,0.08936473230869987,0.1804913662793368,0.08969126111983257,0.09194139194139195,0.3511250654107797,0.5470957613814756,0.7713239141810571
Gowalla,1.5,1.0,2.0,3,0.005,0.10615360063155743,0.14119609404931535,0.09019530110193122,0.18330979176233256,0.09262166405023547,0.0936028257456829,0.3456305599162742,0.554160125588697,0.7760334903192047
Gowalla,1.5,1.0,2.0,3,0.01,0.11007301621390397,0.14285992598210534,0.09300599271345597,0.18256598890897724,0.0946363160648875,0.09330193615907902,0.36473050758765047,0.5661957090528519,0.7812663526949242
Gowalla,1.5,1.0,2.0,3,0.02,0.10526898525482288,0.14020308854178146,0.09089529161743701,0.18238068855303183,0.09178440607012035,0.09307953950811093,0.3487702773417059,0.5520669806384092,0.7770800627943485
Gowalla,1.5,1.0,2.0,5,0.005,0.10609344441123986,0.1397371095938618,0.08830777895615123,0.17946749340779436,0.09225536368393512,0.09253008895866038,0.35766614338042907,0.5491889063317634,0.771585557299843
Gowalla,1.5,1.0,2.0,5,0.01,0.10413472936544323,0.1386862880037434,0.0881766680303299,0.17877231663060653,0.09086865515436945,0.09259549973835687,0.337257980115123,0.543432757718472,0.7671376242804814
Gowalla,1.5,1.0,2.0,5,0.02,0.10877369625572593,0.14203955712755037,0.09151762227480038,0.18198933585244034,0.09416535845107273,0.0935504971219257,0.3579277864992151,0.5612244897959183,0.7742019884877027
Gowalla,1.5,1.0,2.0,10,0.005,0.10900785072274041,0.1418153395896469,0.09030568903046048,0.1811199984503757,0.09382522239665098,0.09310570381998955,0.3579277864992151,0.5491889063317634,0.7747252747252747
Gowalla,1.5,1.0,2.0,10,0.01,0.1077908610419497,0.14183887963235814,0.09170220004549375,0.18318111502012657,0.0945316588173731,0.09399529042386186,0.3613291470434328,0.5635792778649922,0.7789115646258503
Gowalla,1.5,1.0,2.0,10,0.02,0.10621547132353337,0.14172192415225324,0.09151325061055902,0.18470759073266219,0.0925431711145997,0.09386446886446886,0.3566195709052852,0.5572998430141287,0.7817896389324961
Gowalla,2.0,0.3,0.2,1,0.005,0.10712023654284551,0.1399063841241014,0.08745284876504397,0.1779176157171341,0.09277864992150707,0.09284406070120356,0.3529565672422815,0.543432757718472,0.7668759811616954
Gowalla,2.0,0.3,0.2,1,0.01,0.1068583210126687,0.13965639734120913,0.09066809287801864,0.17968693384351958,0.09330193615907902,0.09268707482993198,0.3568812140240712,0.5562532705389849,0.7642595499738357
Gowalla,2.0,0.3,0.2,1,0.02,0.10906897138218564,0.1421353271742134,0.09152821252297438,0.18144409215824275,0.09406070120355835,0.09270015698587128,0.35923600209314493,0.5565149136577708,0.7700156985871272
Gowalla,2.0,0.3,0.2,3,0.005,0.11039921202102913,0.14483074815713104,0.09437242557962103,0.18568685546495656,0.09479330193615908,0.09478021978021979,0.36813186813186816,0.5690737833594977,0.7796964939822083
Gowalla,2.0,0.3,0.2,3,0.01,0.10680731445063994,0.14053526887530265,0.08846707313801305,0.17984179022657568,0.09267399267399268,0.09284406070120356,0.35609628466771326,0.554160125588697,0.7605965463108321
Gowalla,2.0,0.3,0.2,3,0.02,0.10432323513482648,0.13894875232687293,0.0876045390464774,0.17924615708834551,0.09089481946624806,0.09273940345368918,0.35243328100470955,0.5450026164311879,0.7697540554683412
Gowalla,2.0,0.3,0.2,5,0.005,0.10667047499542051,0.13933211093054934,0.09028773000357748,0.17818333210815102,0.09183673469387756,0.09190214547357405,0.3529565672422815,0.5557299843014128,0.7684458398744113
Gowalla,2.0,0.3,0.2,5,0.01,0.11175125154693266,0.14418795991487593,0.0938201687691649,0.18313589545932724,0.09612768184196754,0.09381214024071169,0.3704866562009419,0.5756148613291471,0.7776033490319204
Gowalla,2.0,0.3,0.2,5,0.02,0.10611611499010916,0.14019443046195365,0.09066270591369048,0.18189624640648377,0.09199372056514914,0.09245159602302461,0.347723704866562,0.5536368393511251,0.7791732077446363
Gowalla,2.0,0.3,0.2,10,0.005,0.10815374421499863,0.14373917923989676,0.0933402875619016,0.18763494626796665,0.09372056514913658,0.09437467294610152,0.3534798534798535,0.565149136577708,0.7828362114076399
Gowalla,2.0,0.3,0.2,10,0.01,0.10710237870909513,0.1413764727318288,0.089449486478052,0.18176511894540334,0.09290947148090006,0.09296180010465725,0.3532182103610675,0.5552066980638409,0.782574568288854
Gowalla,2.0,0.3,0.2,10,0.02,0.11153828179493734,0.1444873768291279,0.0938563729226823,0.1836417539343546,0.09607535321821037,0.09433542647828363,0.36394557823129253,0.5680272108843537,0.7749869178440607
Gowalla,2.0,0.3,0.5,1,0.005,0.10656075217670101,0.13940234135674362,0.09183915484900203,0.18029307787869517,0.09285714285714285,0.09183673469387756,0.3511250654107797,0.5575614861329147,0.7786499215070644
Gowalla,2.0,0.3,0.5,1,0.01,0.10559414010252623,0.14109151847253693,0.08972874517801495,0.18350711860875532,0.09123495552066982,0.09302721088435374,0.3529565672422815,0.5523286237571952,0.782312925170068
Gowalla,2.0,0.3,0.5,1,0.02,0.10852704330643233,0.14171338252192292,0.09190256266520808,0.18114747217035415,0.09311878597592883,0.0923992673992674,0.35923600209314493,0.5599162742019885,0.7647828362114076
Gowalla,2.0,0.3,0.5,3,0.005,0.1057970232036853,0.14094559649113422,0.09078793343233865,0.18302622031530696,0.09175824175824177,0.09306645735217164,0.34720041862899004,0.5523286237571952,0.7713239141810571
Gowalla,2.0,0.3,0.5,3,0.01,0.10628536853117078,0.14008509028991417,0.09101786153690708,0.18090278482011268,0.09178440607012035,0.09192830978545265,0.3550497121925693,0.5604395604395604,0.7708006279434851
Gowalla,2.0,0.3,0.5,3,0.02,0.10747773168877864,0.14080722884202915,0.09071680976004515,0.18058433271495458,0.09270015698587128,0.09242543171114599,0.35190999476713763,0.5559916274201988,0.7687074829931972
Gowalla,2.0,0.3,0.5,5,0.005,0.10909041568083108,0.1434871390254696,0.09150482056015398,0.1833496602466675,0.09228152799581373,0.09322344322344324,0.3665620094191523,0.5617477760334904,0.783097854526426
Gowalla,2.0,0.3,0.5,5,0.01,0.10646581986150726,0.14161022431354006,0.09229035166992702,0.1846385241507331,0.09199372056514914,0.09293563579277866,0.3545264259549974,0.5643642072213501,0.7783882783882784
Gowalla,2.0,0.3,0.5,5,0.02,0.10789382510260308,0.14200954173647454,0.09034168329765385,0.1818090812667254,0.09285714285714286,0.09328885400313973,0.3621140763997907,0.5533751962323391,0.7734170591313448
Gowalla,2.0,0.3,0.5,10,0.005,0.10547898910301177,0.13964753390086385,0.09015239678632236,0.17991772074010748,0.09196755625327054,0.09297488226059655,0.35138670852956566,0.5586080586080586,0.7742019884877027
Gowalla,2.0,0.3,0.5,10,0.01,0.10784091823773906,0.14045029989840527,0.09148609474339191,0.17902340769356753,0.09157509157509157,0.09116954474097333,0.3665620094191523,0.5557299843014128,0.7700156985871272
Gowalla,2.0,0.3,0.5,10,0.02,0.10586785805517346,0.1391244483439724,0.09111294528904623,0.1793219827655992,0.09259549973835689,0.09183673469387756,0.33516483516483514,0.554160125588697,0.7752485609628467
Gowalla,2.0,0.3,1.0,1,0.005,0.1075356178050095,0.14006885754713647,0.09278218271181739,0.17985236594062212,0.09335426478283622,0.09198063840920985,0.3613291470434328,0.56567242281528,0.7731554160125589
Gowalla,2.0,0.3,1.0,1,0.01,0.10435609030742495,0.13696419365746884,0.09040834297708113,0.1770471552154472,0.09107796964939822,0.09082940868655155,0.35086342229199374,0.5554683411826269,0.772632129774987
Gowalla,2.0,0.3,1.0,1,0.02,0.10549195095742672,0.13818687158400103,0.08821958208771373,0.17757029727786683,0.09225536368393512,0.09162742019884879,0.35034013605442177,0.5481423338566196,0.7619047619047619
Gowalla,2.0,0.3,1.0,3,0.005,0.10635947172268707,0.14004165759510728,0.08975675971454063,0.17994475518603895,0.09277864992150707,0.09292255363683936,0.358712715855573,0.5599162742019885,0.7684458398744113
Gowalla,2.0,0.3,1.0,3,0.01,0.10511639314166141,0.13824924380107428,0.09019016949934605,0.17793197235347935,0.09178440607012035,0.09154892726321298,0.3579277864992151,0.5536368393511251,0.7639979068550498
Gowalla,2.0,0.3,1.0,3,0.02,0.10407708014568377,0.1395187951126028,0.08667071871647863,0.18119033642730237,0.09079016221873365,0.09298796441653585,0.34327577184720043,0.5395081109366824,0.7752485609628467
Gowalla,2.0,0.3,1.0,5,0.005,0.10575409925908309,0.13969363563844944,0.08899458623904559,0.1806250235217496,0.09204604918890635,0.09228152799581373,0.3521716378859236,0.5510204081632653,0.7728937728937729
Gowalla,2.0,0.3,1.0,5,0.01,0.10920181921930858,0.14185908324871427,0.0906202859054169,0.18073684695015194,0.09319727891156462,0.0923600209314495,0.36106750392464676,0.5559916274201988,0.7734170591313448
Gowalla,2.0,0.3,1.0,5,0.02,0.10417344510361697,0.13880545229043606,0.08748530716139914,0.1799877418334227,0.09102564102564102,0.09224228152799584,0.34903192046049186,0.5408163265306123,0.7755102040816326
Gowalla,2.0,0.3,1.0,10,0.005,0.10507581447689748,0.140905910180446,0.09026191200116854,0.18305954852766584,0.09149659863945579,0.09324960753532183,0.3574045002616431,0.5578231292517006,0.7708006279434851
Gowalla,2.0,0.3,1.0,10,0.01,0.1092661206297006,0.14339028060331765,0.09160791384087785,0.18292008457299136,0.09280481423338566,0.09334118262689692,0.35609628466771326,0.5504971219256933,0.7757718472004186
Gowalla,2.0,0.3,1.0,10,0.02,0.11033650422378277,0.14389659897727058,0.09407158002758358,0.18448371889308246,0.09508110936682365,0.0936420722135008,0.37022501308215594,0.5709052851909995,0.7789115646258503
Gowalla,2.0,0.3,2.0,1,0.005,0.1146256912521842,0.14531665971758134,0.09694651688682046,0.18287913261120178,0.09822082679225538,0.09444008372579803,0.3710099424385139,0.575091575091575,0.7697540554683412
Gowalla,2.0,0.3,2.0,1,0.01,0.1097807622204788,0.14467248864488944,0.09171617200308016,0.1853568438919451,0.09298796441653585,0.09378597592883309,0.36054421768707484,0.5604395604395604,0.7851909994767138
Gowalla,2.0,0.3,2.0,1,0.02,0.10951686552104119,0.1424381777902906,0.09212352671236843,0.18101104775776455,0.09432234432234432,0.09314495028780745,0.36289900575614864,0.5659340659340659,0.7752485609628467
Gowalla,2.0,0.3,2.0,3,0.005,0.10772859657785058,0.1417700104859398,0.09267104366062548,0.18326114028288265,0.09262166405023547,0.09272632129774987,0.3597592883307169,0.5593929879644165,0.7812663526949242
Gowalla,2.0,0.3,2.0,3,0.01,0.10640774676433529,0.14152637420660352,0.08965107563379124,0.18376849786033522,0.09272632129774987,0.09360282574568289,0.3516483516483517,0.5510204081632653,0.7721088435374149
Gowalla,2.0,0.3,2.0,3,0.02,0.10229772763070202,0.1356733462534488,0.08565593664052142,0.1761378142516889,0.09055468341182628,0.09084249084249085,0.34222919937205654,0.5473574045002616,0.7619047619047619
Gowalla,2.0,0.3,2.0,5,0.005,0.10472815380810557,0.13855613047652518,0.08956841614796196,0.1786937608607168,0.09136577708006281,0.09218995290423862,0.35086342229199374,0.5494505494505495,0.7579801151229723
Gowalla,2.0,0.3,2.0,5,0.01,0.10865207107564528,0.14223542354746355,0.091071760493296,0.18220542297324066,0.09264782836211408,0.0925300889586604,0.3626373626373626,0.5518053375196232,0.771585557299843
Gowalla,2.0,0.3,2.0,5,0.02,0.10747680273284253,0.14242556857413852,0.09204008595531395,0.18402462287874038,0.09280481423338567,0.09382522239665098,0.35086342229199374,0.5580847723704867,0.7760334903192047
Gowalla,2.0,0.3,2.0,10,0.005,0.10803627218896646,0.14370274679359848,0.09256655676323913,0.18714875290987956,0.09406070120355836,0.09489795918367348,0.3545264259549974,0.5690737833594977,0.782051282051282
Gowalla,2.0,0.3,2.0,10,0.01,0.11080200825211735,0.1434401373238469,0.09324522867521469,0.1830104524675444,0.09534275248560964,0.0935374149659864,0.3621140763997907,0.5638409209837781,0.7721088435374149
Gowalla,2.0,0.3,2.0,10,0.02,0.10972820757871064,0.14275078064075514,0.09273535170799915,0.18374904050913998,0.09466248037676608,0.09321036106750392,0.3574045002616431,0.5570381998953428,0.7676609105180534
Gowalla,2.0,0.5,0.2,1,0.005,0.10658101810827533,0.14121568297232096,0.0883374105790624,0.18195704584288472,0.09293563579277865,0.09361590790162219,0.3532182103610675,0.5520669806384092,0.7810047095761381
Gowalla,2.0,0.5,0.2,1,0.01,0.10466683984366426,0.1399814959223597,0.08816798086841571,0.18109006498458013,0.09094714809000524,0.09301412872841444,0.34720041862899004,0.54421768707483,0.7634746206174777
Gowalla,2.0,0.5,0.2,1,0.02,0.11002605884056124,0.1428922376753395,0.09344435682315375,0.18168343762201036,0.09374672946101517,0.09296180010465727,0.36917844060701205,0.56567242281528,0.7744636316064888
Gowalla,2.0,0.5,0.2,3,0.005,0.1083257063161933,0.14214065647175403,0.09271162755691074,0.18355859007346365,0.09398220826792257,0.09331501831501834,0.3621140763997907,0.56567242281528,0.7747252747252747
Gowalla,2.0,0.5,0.2,3,0.01,0.10457411616407519,0.1374396797624986,0.08834378825936826,0.1777688496983641,0.0912611198325484,0.09090790162218734,0.34275248560962845,0.543432757718472,0.76007326007326
Gowalla,2.0,0.5,0.2,3,0.02,0.10550068959194357,0.13848748160005614,0.09066117455202431,0.17923103620998987,0.09154892726321298,0.09105180533751962,0.3553113553113553,0.5601779173207745,0.7689691261119832
Gowalla,2.0,0.5,0.2,5,0.005,0.11122994719093844,0.14571712536291573,0.09658659282932908,0.18817018618726733,0.09474097331240189,0.09433542647828363,0.369440083725798,0.5805860805860806,0.7925170068027211
Gowalla,2.0,0.5,0.2,5,0.01,0.1052581932981984,0.13958645462255426,0.0883837062803051,0.1809607224897032,0.09084249084249084,0.09186289900575616,0.35138670852956566,0.5523286237571952,0.7762951334379906
Gowalla,2.0,0.5,0.2,5,0.02,0.10578805393925204,0.1396910036787156,0.08862955809511293,0.1794082082231891,0.09181057038199895,0.09255625327053899,0.34955520669806384,0.5528519099947672,0.7668759811616954
Gowalla,2.0,0.5,0.2,10,0.005,0.10384245906412788,0.13767337376310002,0.09022188440250237,0.17927795220509768,0.08995290423861853,0.09068550497121926,0.34379905808477235,0.554945054945055,0.7723704866562009
Gowalla,2.0,0.5,0.2,10,0.01,0.10913300546576069,0.14325212867412734,0.09248126346345066,0.18400949210468703,0.0935112506541078,0.09292255363683935,0.3608058608058608,0.5591313448456305,0.7776033490319204
Gowalla,2.0,0.5,0.2,10,0.02,0.10931776905831099,0.1427947335566293,0.09291752304335942,0.18418236940813532,0.09500261643118786,0.09421768707482994,0.348246991104134,0.5625327053898482,0.772632129774987
Gowalla,2.0,0.5,0.5,1,0.005,0.10645025163698285,0.14061791669536114,0.09062031426460054,0.1818478505411241,0.09173207744636316,0.09211145996860284,0.35086342229199374,0.5525902668759811,0.7744636316064888
Gowalla,2.0,0.5,0.5,1,0.01,0.10517647394793918,0.1412898852654446,0.090927725450026,0.18536379606169803,0.09175824175824177,0.09314495028780743,0.34955520669806384,0.56567242281528,0.7768184196755625
Gowalla,2.0,0.5,0.5,1,0.02,0.10852472857524074,0.14137853813070753,0.09127501836237117,0.17967779863280445,0.09421768707482994,0.09317111459968604,0.3568812140240712,0.5554683411826269,0.7736787022501308
Gowalla,2.0,0.5,0.5,3,0.005,0.10797692841551608,0.14067614450983926,0.09035441944979658,0.17848401642083644,0.09201988487702775,0.09175824175824177,0.36473050758765047,0.5533751962323391,0.7626896912611199
Gowalla,2.0,0.5,0.5,3,0.01,0.10349686028665306,0.13799824932206875,0.08822392871879757,0.18045597277664205,0.09047619047619049,0.0923600209314495,0.3411826268969126,0.5410779696493982,0.7744636316064888
Gowalla,2.0,0.5,0.5,3,0.02,0.10596828947170357,0.140510307521589,0.09102227549026203,0.18330125339678008,0.09167974882260597,0.09200680272108844,0.3511250654107797,0.5515436944008373,0.782312925170068
Gowalla,2.0,0.5,0.5,5,0.005,0.10692564778471596,0.14055355662994906,0.0894142683547739,0.18016312115428987,0.0913396127681842,0.09211145996860284,0.3540031397174254,0.5536368393511251,0.7710622710622711
Gowalla,2.0,0.5,0.5,5,0.01,0.10513194025527862,0.14115531189727698,0.08965913868442031,0.18407008250348536,0.091156462585034,0.0933150183150183,0.3534798534798535,0.5504971219256933,0.772632129774987
Gowalla,2.0,0.5,0.5,5,0.02,0.10762455478878712,0.14007269430197192,0.08876367604063429,0.17862296001846467,0.09270015698587128,0.09194139194139195,0.35426478283621143,0.5481423338566196,0.7687074829931972
Gowalla,2.0,0.5,0.5,10,0.005,0.10662760054812,0.13964007990109847,0.09066437194726666,0.18072319669371842,0.09285714285714285,0.0924123495552067,0.35714285714285715,0.5533751962323391,0.7689691261119832
Gowalla,2.0,0.5,0.5,10,0.01,0.10748458617922775,0.1404815614997635,0.09024078420027798,0.17968805276752917,0.09267399267399268,0.09224228152799582,0.34955520669806384,0.5591313448456305,0.7752485609628467
Gowalla,2.0,0.5,0.5,10,0.02,0.10565577693781494,0.13976217044221242,0.08834749559795542,0.1785780488379413,0.09097331240188383,0.09192830978545265,0.35949764521193095,0.553898482469911,0.7765567765567766
Gowalla,2.0,0.5,1.0,1,0.005,0.10716989983763565,0.14002310476687904,0.0907745568345493,0.18122179087471105,0.09390371533228675,0.09315803244374674,0.3521716378859236,0.5520669806384092,0.7731554160125589
Gowalla,2.0,0.5,1.0,1,0.01,0.10541611554449933,0.13952659614771876,0.08877204982315655,0.17899098313074352,0.09209837781266353,0.09281789638932496,0.3568812140240712,0.5491889063317634,0.7621664050235479
Gowalla,2.0,0.5,1.0,1,0.02,0.1078759002426167,0.14097589980172737,0.08912690392970592,0.18061004210900142,0.0935897435897436,0.0923731030873888,0.36002093144950287,0.5552066980638409,0.7810047095761381
Gowalla,2.0,0.5,1.0,3,0.005,0.10718174099072421,0.1415419494866435,0.08889794195245047,0.1815648978475217,0.09207221350078493,0.09323652537938251,0.36289900575614864,0.5557299843014128,0.7749869178440607
Gowalla,2.0,0.5,1.0,3,0.01,0.10622558120442854,0.1394536885183235,0.08938075235913488,0.17805571144647384,0.09243851386708529,0.09259549973835689,0.3550497121925693,0.5531135531135531,0.7676609105180534
Gowalla,2.0,0.5,1.0,3,0.02,0.10687521530200288,0.1408236475374334,0.09084681646052564,0.18353276541923977,0.09411302982731555,0.09379905808477237,0.3511250654107797,0.5536368393511251,0.7676609105180534
Gowalla,2.0,0.5,1.0,5,0.005,0.10758031087730816,0.1417935125331563,0.09029992926448993,0.1814973390222011,0.09204604918890635,0.09287022501308216,0.36159079016221873,0.554945054945055,0.772632129774987
Gowalla,2.0,0.5,1.0,5,0.01,0.10744358149328573,0.14115364387999046,0.09042339102903194,0.17984753826092442,0.09311878597592883,0.09327577184720041,0.36002093144950287,0.5580847723704867,0.7752485609628467
Gowalla,2.0,0.5,1.0,5,0.02,0.10572501026744482,0.1403706903735974,0.0895919128628674,0.18096948183523714,0.09113029827315541,0.09221611721611722,0.35818942961800104,0.554160125588697,0.7653061224489796
Gowalla,2.0,0.5,1.0,10,0.005,0.10990988669835654,0.14397723953868177,0.09120200189338074,0.18420902029339992,0.09413919413919414,0.09406070120355835,0.3676085818942962,0.5641025641025641,0.7765567765567766
Gowalla,2.0,0.5,1.0,10,0.01,0.10682605508656237,0.1393849065070817,0.09162478210434509,0.1806372247731945,0.09327577184720041,0.09165358451072737,0.358974358974359,0.5669806384092099,0.7694924123495552
Gowalla,2.0,0.5,1.0,10,0.02,0.10854656292395941,0.14305532849319832,0.09172783872617762,0.18384793846526648,0.09317111459968604,0.09338042909471482,0.3534798534798535,0.5528519099947672,0.7768184196755625
Gowalla,2.0,0.5,2.0,1,0.005,0.10609546159955173,0.1396817389309681,0.08993626134414213,0.18070725249647235,0.09225536368393512,0.09191522762951336,0.3555729984301413,0.5572998430141287,0.7708006279434851
Gowalla,2.0,0.5,2.0,1,0.01,0.10495289833335111,0.13925172609181,0.09006837983781076,0.1810068272886866,0.0912611198325484,0.09183673469387756,0.34850863422291994,0.5528519099947672,0.7708006279434851
Gowalla,2.0,0.5,2.0,1,0.02,0.10692748748828512,0.141351705813817,0.08959395980186394,0.18250730310376184,0.09207221350078496,0.09270015698587127,0.3534798534798535,0.5478806907378336,0.7739403453689168
Gowalla,2.0,0.5,2.0,3,0.005,0.10786712337168645,0.13935358990604835,0.09126302013741908,0.17781164002652236,0.09212454212454213,0.09041077969649398,0.3618524332810047,0.5565149136577708,0.7676609105180534
Gowalla,2.0,0.5,2.0,3,0.01,0.10752341986858623,0.14164355397922557,0.09026892113273456,0.18174443110686975,0.09154892726321297,0.09220303506017792,0.3621140763997907,0.5531135531135531,0.7684458398744113
Gowalla,2.0,0.5,2.0,3,0.02,0.1088249155069102,0.1433078780463918,0.09164107173287997,0.18460117112143504,0.09314495028780743,0.09372056514913658,0.3563579277864992,0.5554683411826269,0.7734170591313448
Gowalla,2.0,0.5,2.0,5,0.005,0.10428331409341372,0.13793316395217972,0.08749894621124597,0.17754852552291986,0.09024071166928309,0.09105180533751962,0.348246991104134,0.5478806907378336,0.7713239141810571
Gowalla,2.0,0.5,2.0,5,0.01,0.10851877699199117,0.1416239897047308,0.0912691039445142,0.18203531570558237,0.09419152276295134,0.09317111459968604,0.35243328100470955,0.5593929879644165,0.7647828362114076
Gowalla,2.0,0.5,2.0,5,0.02,0.10720563460207404,0.14079451429636874,0.09017231320834769,0.18080019906569963,0.09165358451072736,0.09183673469387757,0.35766614338042907,0.5567765567765568,0.7760334903192047
Gowalla,2.0,0.5,2.0,10,0.005,0.10398785436104249,0.13918056784850816,0.08835330388724158,0.17986253055246826,0.08987441130298274,0.09233385661957091,0.34903192046049186,0.5507587650444793,0.7639979068550498
Gowalla,2.0,0.5,2.0,10,0.01,0.10609953721986215,0.13945547060575222,0.08845950773807294,0.17829735153259677,0.09079016221873365,0.09122187336473052,0.35243328100470955,0.543171114599686,0.7700156985871272
Gowalla,2.0,0.5,2.0,10,0.02,0.1059979352443488,0.1412060397038095,0.09172024411966802,0.18326643729895994,0.09102564102564102,0.09207221350078494,0.35609628466771326,0.5591313448456305,0.7867608581894296
Gowalla,2.0,0.7,0.2,1,0.005,0.10913594788272717,0.14226795678848514,0.09078985856363923,0.180202373486878,0.0945316588173731,0.09403453689167976,0.35714285714285715,0.5536368393511251,0.7626896912611199
Gowalla,2.0,0.7,0.2,1,0.01,0.10689195660349328,0.1417905761524935,0.09119631803777287,0.1840509134770943,0.09309262166405023,0.09377289377289379,0.35583464154892724,0.5599162742019885,0.7783882783882784
Gowalla,2.0,0.7,0.2,1,0.02,0.10715545012931663,0.14086539766746087,0.09120623501569017,0.18069941712591944,0.09277864992150707,0.09313186813186815,0.3597592883307169,0.5572998430141287,0.7755102040816326
Gowalla,2.0,0.7,0.2,3,0.005,0.1052131908398785,0.13855103300485447,0.0892639418852474,0.1788992487476624,0.09160125588697018,0.09164050235478807,0.3550497121925693,0.5510204081632653,0.7658294086865516
Gowalla,2.0,0.7,0.2,3,0.01,0.10720532337728196,0.14068794985612107,0.09153881573854816,0.18116704593003152,0.09272632129774987,0.0923992673992674,0.3534798534798535,0.5515436944008373,0.7639979068550498
Gowalla,2.0,0.7,0.2,3,0.02,0.10653537357775185,0.14014413934248007,0.09030115158502412,0.1810464393910581,0.09264782836211408,0.09222919937205654,0.347723704866562,0.5504971219256933,0.7734170591313448
Gowalla,2.0,0.7,0.2,5,0.005,0.10569805082679519,0.14014082731864597,0.089795999654732,0.1813972868232891,0.09309262166405023,0.0934981684981685,0.3521716378859236,0.5523286237571952,0.7747252747252747
Gowalla,2.0,0.7,0.2,5,0.01,0.10799912063804533,0.14114652610760214,0.09233574794676441,0.18039868909067178,0.09144427001569859,0.09169283097854526,0.37127158555729983,0.5630559916274201,0.7689691261119832
Gowalla,2.0,0.7,0.2,5,0.02,0.1061909073379431,0.1397348381135582,0.09024956639551306,0.1795138595779233,0.09215070643642073,0.09264782836211408,0.3534798534798535,0.5502354788069074,0.7692307692307693
Gowalla,2.0,0.7,0.2,10,0.005,0.10768275857698513,0.14258892300152332,0.09146036614452273,0.18387387370900937,0.09290947148090006,0.09382522239665098,0.3574045002616431,0.5567765567765568,0.7708006279434851
Gowalla,2.0,0.7,0.2,10,0.01,0.10868260985502609,0.14103530421594968,0.09056894533297295,0.17920650080934364,0.09335426478283622,0.09181057038199897,0.36002093144950287,0.5528519099947672,0.7668759811616954
Gowalla,2.0,0.7,0.2,10,0.02,0.10977145697852493,0.1450523462948188,0.09271474998209325,0.18659898412988069,0.09502878074306646,0.09549973835688122,0.36682365253793825,0.5641025641025641,0.7739403453689168
Gowalla,2.0,0.7,0.5,1,0.005,0.10479590731413299,0.1391472367570076,0.08990002974362982,0.18162029039214386,0.0914442700156986,0.09237310308738882,0.35243328100470955,0.5502354788069074,0.7765567765567766
Gowalla,2.0,0.7,0.5,1,0.01,0.10815606611641534,0.14302297604436295,0.09053451236224387,0.18467263064866174,0.09290947148090005,0.0934850863422292,0.36106750392464676,0.5570381998953428,0.7789115646258503
Gowalla,2.0,0.7,0.5,1,0.02,0.10889536576926952,0.14257978679933223,0.09215740585410076,0.18207409841702077,0.09264782836211408,0.0923600209314495,0.3618524332810047,0.5630559916274201,0.7721088435374149
Gowalla,2.0,0.7,0.5,3,0.005,0.10849637608659395,0.14285087941252178,0.09015412014238416,0.18178619799499868,0.09272632129774988,0.0934981684981685,0.3618524332810047,0.5565149136577708,0.7687074829931972
Gowalla,2.0,0.7,0.5,3,0.01,0.10817563694346144,0.14189506899337143,0.09182636741799893,0.18252797236268162,0.09361590790162219,0.09300104657247515,0.35949764521193095,0.5627943485086342,0.7810047095761381
Gowalla,2.0,0.7,0.5,3,0.02,0.10557915193950093,0.1410934332243691,0.09012082742764879,0.18332035051959883,0.09094714809000524,0.09262166405023547,0.34275248560962845,0.5559916274201988,0.7859759288330717
Gowalla,2.0,0.7,0.5,5,0.005,0.1073675274291912,0.1414176435648307,0.09157567532941174,0.18332170954706292,0.09280481423338567,0.09311878597592885,0.34327577184720043,0.5544217687074829,0.7739403453689168
Gowalla,2.0,0.7,0.5,5,0.01,0.10627912417876463,0.14124723504347916,0.08954918373894083,0.18257006030346928,0.09181057038199897,0.09322344322344321,0.34615384615384615,0.5528519099947672,0.7744636316064888
Gowalla,2.0,0.7,0.5,5,0.02,0.10282935100106386,0.13667339167204637,0.08747046436906789,0.1772815922584508,0.08992673992673994,0.09088173731030874,0.34275248560962845,0.5439560439560439,0.7639979068550498
Gowalla,2.0,0.7,0.5,10,0.005,0.10748542413701193,0.1408625484359116,0.09112408093721842,0.18128087370250018,0.09382522239665098,0.09298796441653585,0.347723704866562,0.5523286237571952,0.7660910518053375
Gowalla,2.0,0.7,0.5,10,0.01,0.10557550081595776,0.139787270608565,0.08942650527811077,0.18111063978350042,0.09167974882260597,0.09242543171114599,0.347723704866562,0.5497121925693355,0.7721088435374149
Gowalla,2.0,0.7,0.5,10,0.02,0.10605042599883072,0.14015068253257434,0.08911624075323785,0.1809056912326657,0.0923600209314495,0.09275248560962847,0.35923600209314493,0.5536368393511251,0.7739403453689168
Gowalla,2.0,0.7,1.0,1,0.005,0.10927786264058016,0.14334796938197827,0.09299887194943154,0.18562662143763145,0.09432234432234432,0.09324960753532183,0.35923600209314493,0.5630559916274201,0.7836211407639979
Gowalla,2.0,0.7,1.0,1,0.01,0.1065930398720639,0.1416243522880775,0.08997896710282025,0.18313635598460432,0.09293563579277866,0.0936551543694401,0.35374149659863946,0.5583464154892727,0.7673992673992674
Gowalla,2.0,0.7,1.0,1,0.02,0.11083609151022836,0.14422490676466052,0.09449350497514378,0.18453926350792518,0.09497645211930926,0.09387755102040818,0.37441130298273156,0.5698587127158555,0.7844060701203558
Gowalla,2.0,0.7,1.0,3,0.005,0.10969166853783219,0.14394856391415423,0.09208961819845288,0.1839216791225653,0.09437467294610152,0.0945970695970696,0.35923600209314493,0.5627943485086342,0.7791732077446363
Gowalla,2.0,0.7,1.0,3,0.01,0.10766459937202943,0.1428086405958762,0.0891491001257629,0.18403841431553045,0.09285714285714286,0.09373364730507588,0.3642072213500785,0.5512820512820513,0.7778649921507065
Gowalla,2.0,0.7,1.0,3,0.02,0.10890553445475847,0.14072035532795374,0.0914067913099347,0.17833183010856193,0.09369440083725798,0.09230769230769231,0.37022501308215594,0.5593929879644165,0.7687074829931972
Gowalla,2.0,0.7,1.0,5,0.005,0.1075642204318022,0.14109917497420701,0.09197205766324647,0.18107485661221925,0.09306645735217164,0.0925170068027211,0.3663003663003663,0.5565149136577708,0.7655677655677655
Gowalla,2.0,0.7,1.0,5,0.01,0.10508236243757406,0.13859650515710123,0.0894251857251018,0.17825099304145645,0.09157509157509157,0.09205913134484564,0.3568812140240712,0.5470957613814756,0.7702773417059131
Gowalla,2.0,0.7,1.0,5,0.02,0.10758080246357933,0.1404637773638809,0.08970861905881483,0.1789699377585963,0.09147043432757719,0.09179748822605967,0.358712715855573,0.5468341182626897,0.760334903192046
Gowalla,2.0,0.7,1.0,10,0.005,0.10766421416626228,0.14121415295977377,0.09215956972111365,0.18205380936282942,0.09369440083725798,0.09331501831501833,0.35609628466771326,0.5559916274201988,0.7742019884877027
Gowalla,2.0,0.7,1.0,10,0.01,0.10727294316524283,0.14206701250461687,0.09127591615637691,0.1836652658591288,0.09351125065410779,0.09436159079016222,0.3566195709052852,0.5570381998953428,0.7802197802197802
Gowalla,2.0,0.7,1.0,10,0.02,0.10830239912890306,0.14069250599786137,0.08969799021569633,0.17837694077098448,0.0925431711145997,0.09166666666666667,0.35766614338042907,0.5470957613814756,0.7605965463108321
Gowalla,2.0,0.7,2.0,1,0.005,0.10615307526577782,0.13954002414501038,0.09105614332133113,0.1794929427919884,0.09181057038199895,0.09119570905285193,0.3534798534798535,0.5525902668759811,0.7723704866562009
Gowalla,2.0,0.7,2.0,1,0.01,0.10360347880320066,0.13948077009505236,0.0882222818959689,0.18134755527137264,0.08945578231292517,0.09184981684981686,0.3500784929356358,0.5468341182626897,0.7742019884877027
Gowalla,2.0,0.7,2.0,1,0.02,0.10802853220295586,0.1400723528514423,0.09107107399024308,0.17822883388135904,0.09317111459968604,0.09194139194139195,0.35086342229199374,0.5578231292517006,0.7676609105180534
Gowalla,2.0,0.7,2.0,3,0.005,0.10874646717863436,0.14248289563796643,0.09311191196799863,0.1835942773316484,0.09487179487179488,0.09399529042386186,0.3717948717948718,0.5703819989534276,0.7807430664573521
Gowalla,2.0,0.7,2.0,3,0.01,0.10914970012162468,0.14087367854083574,0.09331828530771813,0.17989776206637112,0.09377289377289377,0.09150968079539508,0.36106750392464676,0.5701203558346416,0.7760334903192047
Gowalla,2.0,0.7,2.0,3,0.02,0.10940551692174241,0.14281910330223757,0.09253379698283691,0.1834057651511392,0.09474097331240189,0.0932888540031397,0.3608058608058608,0.5612244897959183,0.7815279958137101
Gowalla,2.0,0.7,2.0,5,0.005,0.1042324871354247,0.1388076638150347,0.08778751466731029,0.1797495953533103,0.09076399790685505,0.09203296703296704,0.3511250654107797,0.5499738356881214,0.7653061224489796
Gowalla,2.0,0.7,2.0,5,0.01,0.10849501652241547,0.14246679979960405,0.09424930294665339,0.18419190686305406,0.09385138670852958,0.09280481423338567,0.35426478283621143,0.5709052851909995,0.783359497645212
Gowalla,2.0,0.7,2.0,5,0.02,0.10743462673852017,0.14133457582134065,0.0914663950821638,0.18223164091098767,0.09217687074829933,0.09229461015175301,0.36106750392464676,0.5533751962323391,0.7731554160125589
Gowalla,2.0,0.7,2.0,10,0.005,0.1071555259962965,0.14006313529549702,0.08944523504072384,0.17924839068517323,0.09340659340659341,0.09275248560962847,0.35583464154892724,0.5536368393511251,0.7655677655677655
Gowalla,2.0,0.7,2.0,10,0.01,0.10546553528381823,0.1393141721165967,0.08902173874183372,0.1792188761331732,0.09170591313448456,0.09216378859236002,0.35190999476713763,0.5463108320251178,0.7647828362114076
Gowalla,2.0,0.7,2.0,10,0.02,0.10674268954612372,0.13854554567988733,0.08958452696459497,0.17658584567128627,0.09280481423338567,0.09174515960230246,0.35609628466771326,0.5554683411826269,0.7653061224489796
Gowalla,2.0,1.0,0.2,1,0.005,0.10923405692358262,0.1428758255217683,0.09169121417035235,0.18311833619432352,0.09450549450549452,0.09381214024071168,0.3636839351125065,0.5680272108843537,0.7781266352694924
Gowalla,2.0,1.0,0.2,1,0.01,0.1073718025915586,0.14148839404858796,0.09038370706595651,0.1811629889393435,0.09262166405023547,0.09300104657247515,0.35426478283621143,0.553898482469911,0.7673992673992674
Gowalla,2.0,1.0,0.2,1,0.02,0.10970899051918223,0.14207719404088823,0.09223223921886163,0.18200884552036842,0.09492412349555207,0.09326268969126111,0.3602825745682888,0.5630559916274201,0.7728937728937729
Gowalla,2.0,1.0,0.2,3,0.005,0.10881954284377092,0.14200213628416603,0.09371416670620539,0.18348305951597585,0.09372056514913657,0.0925431711145997,0.3621140763997907,0.5685504971219257,0.7728937728937729
Gowalla,2.0,1.0,0.2,3,0.01,0.10771437180791242,0.14002996714352503,0.08986600584781244,0.17750192285039254,0.09220303506017791,0.09161433804290949,0.3621140763997907,0.5557299843014128,0.7739403453689168
Gowalla,2.0,1.0,0.2,3,0.02,0.10436180191664904,0.13908493348012288,0.08942786991374076,0.18142517367473027,0.09081632653061225,0.09220303506017791,0.34615384615384615,0.5478806907378336,0.7676609105180534
Gowalla,2.0,1.0,0.2,5,0.005,0.10791276449470695,0.14239315665914937,0.09300212439382818,0.18438141460536386,0.09374672946101517,0.0935897435897436,0.3540031397174254,0.5604395604395604,0.7744636316064888
Gowalla,2.0,1.0,0.2,5,0.01,0.10372714759459568,0.13807630234599827,0.08820652330634957,0.18011832880285267,0.0903192046049189,0.09208529565672424,0.34301412872841447,0.5410779696493982,0.7702773417059131
Gowalla,2.0,1.0,0.2,5,0.02,0.10505221017453958,0.13873201661534992,0.08937612716750197,0.17830371756606284,0.09092098377812663,0.09150968079539509,0.35609628466771326,0.5604395604395604,0.7728937728937729
Gowalla,2.0,1.0,0.2,10,0.005,0.10536329851625581,0.1405204767513504,0.08933895140920621,0.18168432842409823,0.09222919937205651,0.09381214024071169,0.35086342229199374,0.5489272632129775,0.7776033490319204
Gowalla,2.0,1.0,0.2,10,0.01,0.11027297122362037,0.1424939999830712,0.09293396947540429,0.1816451496067187,0.09455782312925169,0.09260858189429619,0.3631606488749346,0.565410779696494,0.7692307692307693
Gowalla,2.0,1.0,0.2,10,0.02,0.10921990736286412,0.14226562849455532,0.0915338613382807,0.1811711892701415,0.09338042909471482,0.09229461015175301,0.36054421768707484,0.5625327053898482,0.7692307692307693
Gowalla,2.0,1.0,0.5,1,0.005,0.10735208314840677,0.1416428468020417,0.09007139059710989,0.18277459011629935,0.09317111459968604,0.09296180010465725,0.3568812140240712,0.5507587650444793,0.7710622710622711
Gowalla,2.0,1.0,0.5,1,0.01,0.10317536417597387,0.13666566131105085,0.08749797975998974,0.1767629287075702,0.09175824175824175,0.09221611721611722,0.347723704866562,0.5470957613814756,0.7637362637362637
Gowalla,2.0,1.0,0.5,1,0.02,0.11041431151994922,0.14492620062994446,0.09311386094342033,0.18545311093150765,0.09390371533228675,0.09421768707482994,0.369440083725798,0.5627943485086342,0.7773417059131345
Gowalla,2.0,1.0,0.5,3,0.005,0.10842564336329272,0.14062857602880155,0.09138477937888034,0.1797360295258346,0.09374672946101517,0.0924123495552067,0.3579277864992151,0.56567242281528,0.771847200418629
Gowalla,2.0,1.0,0.5,3,0.01,0.102754871694897,0.1365613673869395,0.08752907021382357,0.17713940321228602,0.0903976975405547,0.0913396127681842,0.348246991104134,0.5468341182626897,0.7579801151229723
Gowalla,2.0,1.0,0.5,3,0.02,0.1075275430738941,0.1414200057852748,0.09102688563272916,0.18212259441725348,0.0925431711145997,0.09245159602302461,0.35374149659863946,0.5586080586080586,0.782312925170068
Gowalla,2.0,1.0,0.5,5,0.005,0.10475301782508033,0.13995270531407825,0.08701104423400437,0.1801671979952379,0.0912611198325484,0.09327577184720041,0.3500784929356358,0.5421245421245421,0.7679225536368394
Gowalla,2.0,1.0,0.5,5,0.01,0.10962932601461357,0.1433557232083876,0.09327192593052865,0.18441378438957787,0.09447933019361592,0.09408686551543695,0.36577708006279436,0.5648874934589221,0.7710622710622711
Gowalla,2.0,1.0,0.5,5,0.02,0.10949350938717978,0.14194525600929941,0.09228335295802154,0.1812621043681181,0.09366823652537938,0.09218995290423862,0.3673469387755102,0.5612244897959183,0.7728937728937729
Gowalla,2.0,1.0,0.5,10,0.005,0.10906872027081004,0.14159693254936276,0.0921098090074474,0.1814275129620951,0.09413919413919415,0.0925431711145997,0.358451072736787,0.5612244897959183,0.7736787022501308
Gowalla,2.0,1.0,0.5,10,0.01,0.10791775733276089,0.1410498763671928,0.09221598361669034,0.18081115636574818,0.09201988487702775,0.0913396127681842,0.36237571951857667,0.5588697017268446,0.7671376242804814
Gowalla,2.0,1.0,0.5,10,0.02,0.10950516597437679,0.1424874204040726,0.09347661301826386,0.18326459320959215,0.09479330193615908,0.09387755102040816,0.3555729984301413,0.5630559916274201,0.7781266352694924
Gowalla,2.0,1.0,1.0,1,0.005,0.10615684364817142,0.14008052274899643,0.09089084982789475,0.1819531050729169,0.09301412872841444,0.09322344322344323,0.3458922030350602,0.5609628466771324,0.7728937728937729
Gowalla,2.0,1.0,1.0,1,0.01,0.10383668704921852,0.1390509250045016,0.08807563541402522,0.1802577170048571,0.09018838304552591,0.09183673469387757,0.35583464154892724,0.5518053375196232,0.7694924123495552
Gowalla,2.0,1.0,1.0,1,0.02,0.10790241685168249,0.1422941473511746,0.09402956035389232,0.18613473425671478,0.09385138670852958,0.09360282574568289,0.35766614338042907,0.5625327053898482,0.7794348508634223
Gowalla,2.0,1.0,1.0,3,0.005,0.10735762292288978,0.1408254164704983,0.09158005529301923,0.18254057910998547,0.09285714285714285,0.09213762428048142,0.3618524332810047,0.5661957090528519,0.7783882783882784
Gowalla,2.0,1.0,1.0,3,0.01,0.10746848372460714,0.14218792074798875,0.0916639590608026,0.1834161041987816,0.09191522762951335,0.09326268969126111,0.36787022501308214,0.5622710622710623,0.7778649921507065
Gowalla,2.0,1.0,1.0,3,0.02,0.10597521782957903,0.1386207053931847,0.08886420592155474,0.17645373860185712,0.09081632653061225,0.09079016221873365,0.35478806907378335,0.5476190476190477,0.7621664050235479
Gowalla,2.0,1.0,1.0,5,0.005,0.1068745030900954,0.14055069920186447,0.09068896563053067,0.18161797382925837,0.09220303506017792,0.09191522762951335,0.358451072736787,0.5544217687074829,0.7773417059131345
Gowalla,2.0,1.0,1.0,5,0.01,0.1089042006190167,0.14303076081208907,0.09292631095277117,0.18332364132159312,0.09309262166405026,0.09361590790162219,0.3626373626373626,0.5625327053898482,0.7736787022501308
Gowalla,2.0,1.0,1.0,5,0.02,0.10693957239616607,0.14189155195883468,0.0918070965119578,0.1843236964152811,0.0923861852433281,0.09330193615907902,0.3534798534798535,0.5515436944008373,0.7694924123495552
Gowalla,2.0,1.0,1.0,10,0.005,0.10838420278899943,0.1427333797465474,0.09292707722401629,0.1842481462200346,0.09324960753532183,0.09311878597592886,0.3579277864992151,0.5667189952904239,0.7783882783882784
Gowalla,2.0,1.0,1.0,10,0.01,0.10666643928756138,0.13933985258277812,0.08950738098200604,0.17943859794481506,0.09290947148090006,0.09192830978545265,0.35426478283621143,0.5552066980638409,0.7687074829931972
Gowalla,2.0,1.0,1.0,10,0.02,0.1072603553961515,0.14078772206656154,0.09071736175216394,0.18050256610004617,0.0923338566195709,0.09229461015175303,0.3597592883307169,0.5567765567765568,0.7684458398744113
Gowalla,2.0,1.0,2.0,1,0.005,0.10681656928225251,0.14082181281991707,0.09080256720165576,0.18176652534328197,0.09246467817896391,0.09280481423338567,0.3618524332810047,0.5588697017268446,0.7776033490319204
Gowalla,2.0,1.0,2.0,1,0.01,0.10712604389020261,0.13910677165367913,0.08998909702889345,0.17676675502466258,0.09220303506017792,0.09136577708006281,0.36054421768707484,0.5525902668759811,0.7647828362114076
Gowalla,2.0,1.0,2.0,1,0.02,0.10615620259050362,0.14031798608308682,0.09119523958629845,0.18215536129176474,0.09212454212454213,0.09296180010465727,0.3553113553113553,0.5562532705389849,0.7760334903192047
Gowalla,2.0,1.0,2.0,3,0.005,0.10941857331487388,0.14271136929258213,0.09259154520723127,0.18282943875910687,0.09419152276295134,0.09321036106750392,0.3608058608058608,0.565410779696494,0.7679225536368394
Gowalla,2.0,1.0,2.0,3,0.01,0.10431591624676494,0.13896993426814028,0.08709218649993099,0.17838523233411485,0.09003139717425432,0.09245159602302461,0.3466771323914181,0.5439560439560439,0.7632129774986918
Gowalla,2.0,1.0,2.0,3,0.02,0.10739485385220289,0.14063124324985019,0.0915840455646776,0.18121528686429897,0.0925170068027211,0.09271323914181058,0.3563579277864992,0.5607012035583464,0.7681841967556253
Gowalla,2.0,1.0,2.0,5,0.005,0.10485205768380754,0.13764384464768864,0.08969295033436285,0.1785707277806381,0.09079016221873365,0.09055468341182628,0.3419675562532705,0.5507587650444793,0.7639979068550498
Gowalla,2.0,1.0,2.0,5,0.01,0.1071523025350435,0.14198374619155785,0.08978347594636088,0.1822347820320003,0.09113029827315541,0.09293563579277866,0.35426478283621143,0.5491889063317634,0.7694924123495552
Gowalla,2.0,1.0,2.0,5,0.02,0.10511825716459736,0.14073580553108445,0.08902163986879123,0.18234958496178819,0.09105180533751962,0.0933804290947148,0.3448456305599163,0.5531135531135531,0.7702773417059131
Gowalla,2.0,1.0,2.0,10,0.005,0.1079425900189286,0.14180214790055545,0.09139118132230613,0.18203172896056338,0.09165358451072739,0.09221611721611722,0.35949764521193095,0.5648874934589221,0.7844060701203558
Gowalla,2.0,1.0,2.0,10,0.01,0.10558920492213789,0.14048646502841797,0.09042077793096988,0.182565886098679,0.09086865515436944,0.09238618524332812,0.3532182103610675,0.5554683411826269,0.7796964939822083
Gowalla,2.0,1.0,2.0,10,0.02,0.1081383637611913,0.1415760468237722,0.0911310463059325,0.1811397547083259,0.09256933542647827,0.09262166405023547,0.3566195709052852,0.5536368393511251,0.7749869178440607
