dataset,preference.beta_Q,preference.lambda_uncertainty,preference.kappa,training.local_epochs,training.learning_rate,ndcg@10,ndcg@20,recall@10,recall@20,precision@10,precision@20,acc@5,acc@10,acc@20
Foursquare,0.5,0.3,0.2,1,0.005,0.0738778413986045,0.11304512177150136,0.08796800786228874,0.18119044626352676,0.05459414915533581,0.055274000824062634,0.23939019365471775,0.41738772146683145,0.6633704161516275
Foursquare,0.5,0.3,0.2,1,0.01,0.07626684452064408,0.11410328637060951,0.09294639672165235,0.18134785262783767,0.05640708693860734,0.055686032138442525,0.26328800988875156,0.44128553770086526,0.6773794808405439
Foursquare,0.5,0.3,0.2,1,0.02,0.0742866242693893,0.11607778113315384,0.09051976102609338,0.1893959033527459,0.05591264936135146,0.05751957148743306,0.2488669138854553,0.4210960032962505,0.6794396374124434
Foursquare,0.5,0.3,0.2,3,0.005,0.0768966205522627,0.11713612508603591,0.09434465825263481,0.18980140553969352,0.05735475896168108,0.05733415739596209,0.25669550885867326,0.44128553770086526,0.6893283889575608
Foursquare,0.5,0.3,0.2,3,0.01,0.07679694635617951,0.1154742102553377,0.09247347954694407,0.18300672557184955,0.05591264936135146,0.05591264936135146,0.2550473836011537,0.43757725587144625,0.6786155747836835
Foursquare,0.5,0.3,0.2,3,0.02,0.08090542441967316,0.12162600832253921,0.09743102186527607,0.19464526490211143,0.0584672435105068,0.057952204367531936,0.24927894519983518,0.45282241450350225,0.7091058920477956
Foursquare,0.5,0.3,0.2,5,0.005,0.07610867687120408,0.11717678100529691,0.09060921031453444,0.18835770166532728,0.05496497733827771,0.05665430572723527,0.24927894519983518,0.41944787803873096,0.6901524515863205
Foursquare,0.5,0.3,0.2,5,0.01,0.07524400146564147,0.11490103066892936,0.09185905423334281,0.1853954557667361,0.05591264936135146,0.05620107128141739,0.2484548825710754,0.43098475484136795,0.6744952616398846
Foursquare,0.5,0.3,0.2,5,0.02,0.07593086812096764,0.11511201743047486,0.0924909714322771,0.18532158183952138,0.05599505562422743,0.056139266584260404,0.24721878862793573,0.4334569427276473,0.6860321384425216
Foursquare,0.5,0.3,0.2,10,0.005,0.0782689115405967,0.11678240716786614,0.0940676393722045,0.18506175971107344,0.0569015245158632,0.05624227441285538,0.24474660074165636,0.4400494437577256,0.6827358879274825
Foursquare,0.5,0.3,0.2,10,0.01,0.07749151439706431,0.11764992182753552,0.09222689707146035,0.18690031774472943,0.05620107128141738,0.056736711990111245,0.25298722702925425,0.4330449114132674,0.680675731355583
Foursquare,0.5,0.3,0.2,10,0.02,0.07852542395581524,0.11859198787423522,0.09478775294507655,0.1887068153807016,0.056983930778739186,0.05737536052740008,0.253811289658014,0.44210960032962504,0.6864441697569015
Foursquare,0.5,0.3,0.5,1,0.005,0.0783908778577806,0.11688404252609849,0.09323818288169897,0.18514097003743574,0.056736711990111245,0.0557890399670375,0.2599917593737124,0.4388133498145859,0.6703749484960857
Foursquare,0.5,0.3,0.5,1,0.01,0.07344154909421537,0.1140665233878548,0.0899675226995962,0.18530769823130527,0.0542233209723939,0.05642768850432633,0.23939019365471775,0.4219200659250103,0.680675731355583
Foursquare,0.5,0.3,0.5,1,0.02,0.07927680824751403,0.12038654411961773,0.09685386313024466,0.1938412564079938,0.057807993407498974,0.05826122785331684,0.2542233209723939,0.45199835187474247,0.703749484960857
Foursquare,0.5,0.3,0.5,3,0.005,0.07566121575746557,0.1162137197819662,0.09225977062810096,0.1879790226803857,0.05529460238978162,0.05671611042439226,0.25092707045735474,0.43057272352698805,0.6889163576431809
Foursquare,0.5,0.3,0.5,3,0.01,0.07875673859894874,0.1179085514180844,0.09413263227888681,0.1870907206583375,0.057148743304491136,0.0565306963329213,0.2595797280593325,0.43716522455706636,0.6831479192418624
Foursquare,0.5,0.3,0.5,3,0.02,0.07901830054396544,0.11763016381650038,0.09545518228151399,0.1867329966303102,0.057354758961681095,0.05630407911001236,0.2521631644004944,0.44087350638648537,0.6835599505562423
Foursquare,0.5,0.3,0.5,5,0.005,0.07628843818537064,0.11735083520080661,0.09291281457716902,0.1883195907790826,0.056283477544293366,0.057540173053152045,0.2546353522867738,0.4289245982694685,0.6802637000412032
Foursquare,0.5,0.3,0.5,5,0.01,0.08151966290821905,0.12121275895872773,0.09974355338483507,0.19263451140275684,0.058879274824886696,0.05826122785331685,0.24927894519983518,0.45323444581788214,0.6942727647301195
Foursquare,0.5,0.3,0.5,5,0.02,0.08017260722231456,0.12165325492090452,0.09434658756827659,0.19170997960971,0.05710754017305316,0.05819942315615987,0.25710754017305315,0.44169756901524515,0.6905644829007005
Foursquare,0.5,0.3,0.5,10,0.005,0.07605550477322269,0.11575534458397581,0.09214126912690898,0.18711609505607824,0.05677791512154924,0.0569015245158632,0.25133910177173463,0.4297486608982283,0.6794396374124434
Foursquare,0.5,0.3,0.5,10,0.01,0.07355146494340892,0.11344341425970796,0.09038022932921143,0.18487180931250827,0.05434693036670786,0.05543881334981458,0.2373300370828183,0.43098475484136795,0.6831479192418624
Foursquare,0.5,0.3,0.5,10,0.02,0.07598936377851434,0.11697287363000206,0.09043523280852014,0.187045476546899,0.05554182117840955,0.057210548001648126,0.23897816234033786,0.4318088174701277,0.6852080758137619
Foursquare,0.5,0.3,1.0,1,0.005,0.07867842090047747,0.11681777724181172,0.09516678806945925,0.18577814277876498,0.05805521219612691,0.056407086938607326,0.2599917593737124,0.4388133498145859,0.6782035434693037
Foursquare,0.5,0.3,1.0,1,0.01,0.07632236596081071,0.11707552812567812,0.09382208938433007,0.189157658662347,0.056571899464359296,0.05729295426452411,0.25010300782859496,0.43798928718582614,0.6872682323856613
Foursquare,0.5,0.3,1.0,1,0.02,0.08002648514059696,0.12254970986035682,0.0954803285067494,0.19601470991685668,0.057890399670374945,0.05904408735063865,0.26287597857437167,0.44252163164400493,0.7016893283889576
Foursquare,0.5,0.3,1.0,3,0.005,0.08491367842421026,0.12440887472734691,0.10089332279466526,0.1936991637183137,0.06056860321384425,0.05859085290482077,0.2657601977750309,0.46641944787803874,0.6975690152451587
Foursquare,0.5,0.3,1.0,3,0.01,0.0835707694023338,0.1234585942136861,0.09953935893481128,0.19285086333339255,0.060238978162340334,0.059064688916357654,0.27564894932014833,0.4581788215904409,0.696332921302019
Foursquare,0.5,0.3,1.0,3,0.02,0.07713866225237967,0.11719890401619497,0.09355134497380004,0.18736504777612484,0.05648949320148331,0.057025133910177175,0.2484548825710754,0.44128553770086526,0.6798516687268232
Foursquare,0.5,0.3,1.0,5,0.005,0.07830600513652487,0.11950395824594895,0.09514865185069489,0.19345673398099544,0.057066337041615164,0.05786979810465595,0.2599917593737124,0.4445817882159044,0.6905644829007005
Foursquare,0.5,0.3,1.0,5,0.01,0.08079108961619376,0.11880926695959758,0.09707912875582818,0.1864592205182072,0.05908529048207664,0.057498969921714056,0.2546353522867738,0.44087350638648537,0.6823238566131026
Foursquare,0.5,0.3,1.0,5,0.02,0.07510690904161532,0.1156105492299465,0.09206332784568651,0.18758248101671085,0.05603625875566543,0.05712814173877215,0.24145035022661723,0.4252163164400494,0.6782035434693037
Foursquare,0.5,0.3,1.0,10,0.005,0.07682799349719052,0.11704358341977947,0.09225791752765758,0.18649111852234013,0.05669550885867327,0.05712814173877216,0.2488669138854553,0.4359291306139267,0.6798516687268232
Foursquare,0.5,0.3,1.0,10,0.01,0.07933410809329651,0.11960265403377388,0.09540517650821148,0.19026096565364195,0.058755665430572736,0.05834363411619284,0.2624639472599918,0.4437577255871446,0.6814997939843428
Foursquare,0.5,0.3,1.0,10,0.02,0.07693925250891626,0.11587777576425548,0.09433806724773212,0.18605361800507683,0.05743716522455708,0.05675731355583024,0.2426864441697569,0.45323444581788214,0.6802637000412032
Foursquare,0.5,0.3,2.0,1,0.005,0.08046350515775882,0.1204478796736481,0.09526083317478419,0.18966938404902442,0.05760197775030903,0.05716934487021014,0.26782035434693036,0.4445817882159044,0.6872682323856613
Foursquare,0.5,0.3,2.0,1,0.01,0.08072562357047863,0.1187811623577787,0.09625101995287866,0.18544170340236485,0.05854964977338278,0.05683971981870622,0.2702925422332097,0.44870210135970334,0.680675731355583
Foursquare,0.5,0.3,2.0,1,0.02,0.08321011550362738,0.12153451706243557,0.0998926305702019,0.19044494246389243,0.060527400082406264,0.05811701689328389,0.2649361351462711,0.46312319736299956,0.6909765142150803
Foursquare,0.5,0.3,2.0,3,0.005,0.08045677800112942,0.12170586320875257,0.09584861808679294,0.19299879842978532,0.05735475896168108,0.05811701689328389,0.25793160280181293,0.4454058508446642,0.7008652657601978
Foursquare,0.5,0.3,2.0,3,0.01,0.07882725260579766,0.11785690456818146,0.09560541629351468,0.18716731420424096,0.05776679027606098,0.05675731355583024,0.2546353522867738,0.4404614750721055,0.6782035434693037
Foursquare,0.5,0.3,2.0,3,0.02,0.07502669073106753,0.11490203745395625,0.09378521767761867,0.18739839954692572,0.057148743304491136,0.05737536052740008,0.24639472599917595,0.43798928718582614,0.6687268232385661
Foursquare,0.5,0.3,2.0,5,0.005,0.07677659844729808,0.11522204119938878,0.0927461207166459,0.18387247423113837,0.05558302430984754,0.055170992995467655,0.22826534816646066,0.4223320972393902,0.6658426040379068
Foursquare,0.5,0.3,2.0,5,0.01,0.07670934837794545,0.11575577170974237,0.09242828578890502,0.18497631816121773,0.056613102595797285,0.056571899464359296,0.24351050679851668,0.4289245982694685,0.6707869798104656
Foursquare,0.5,0.3,2.0,5,0.02,0.07558757576581938,0.11523539453428489,0.09154855524428145,0.18538247211061776,0.05574783683559951,0.0561804697156984,0.2369180057684384,0.4256283477544293,0.6687268232385661
Foursquare,0.5,0.3,2.0,10,0.005,0.07864423188741869,0.11800617756590431,0.09337225067948239,0.18777999663039696,0.057643180881747004,0.057066337041615164,0.2521631644004944,0.4392253811289658,0.6790276060980635
Foursquare,0.5,0.3,2.0,10,0.01,0.08049666308130105,0.11967421750545089,0.09797164619586417,0.19038192400774465,0.05867325916769674,0.05708693860733416,0.26411207251751134,0.4515863205603626,0.6876802637000412
Foursquare,0.5,0.3,2.0,10,0.02,0.07636193756729875,0.11601800693757056,0.09322643721270595,0.18683826979621732,0.056159868149979406,0.056221672847136375,0.23073753605274,0.43139678615574784,0.6790276060980635
Foursquare,0.5,0.5,0.2,1,0.005,0.078463499380042,0.1166758389786161,0.09457064892244543,0.18492032587234367,0.057025133910177175,0.056159868149979406,0.2620519159456119,0.446229913473424,0.6802637000412032
Foursquare,0.5,0.5,0.2,1,0.01,0.07803463306664443,0.11674733578881079,0.09382283538605399,0.1843906459618402,0.05636588380716935,0.056159868149979406,0.24721878862793573,0.4334569427276473,0.6683147919241862
Foursquare,0.5,0.5,0.2,1,0.02,0.07952889791958985,0.12019042765721229,0.09723134589237792,0.1936243577227615,0.05813761845900289,0.05813761845900288,0.25298722702925425,0.4495261639884631,0.6893283889575608
Foursquare,0.5,0.5,0.2,3,0.005,0.0803216115853263,0.120447238216732,0.0983290152473079,0.1941448130865745,0.05904408735063865,0.05778739184177997,0.26081582200247216,0.4565306963329213,0.6979810465595385
Foursquare,0.5,0.5,0.2,3,0.01,0.0760291814288529,0.11632932205382734,0.09135967158722945,0.1860784706132449,0.05603625875566543,0.056819118252987244,0.24186238154099712,0.42398022249690975,0.6613102595797281
Foursquare,0.5,0.5,0.2,3,0.02,0.07606991786000056,0.1158978665297885,0.09295881511400622,0.1865983434060759,0.05607746188710342,0.0565306963329213,0.25051503914297485,0.43428100535640707,0.6790276060980635
Foursquare,0.5,0.5,0.2,5,0.005,0.08142711241312851,0.12011234217657102,0.09810499081720567,0.19038100752438594,0.06056860321384425,0.057725587144623,0.26122785331685205,0.4511742892459827,0.680675731355583
Foursquare,0.5,0.5,0.2,5,0.01,0.07493941963501306,0.11453637101788262,0.09040873732406397,0.18335432126139906,0.055706633704161526,0.056571899464359296,0.24433456942727647,0.4330449114132674,0.6843840131850021
Foursquare,0.5,0.5,0.2,5,0.02,0.07895262005646624,0.11946612348846063,0.09392849335272409,0.18947563801343364,0.057478368355995055,0.05778739184177997,0.2554594149155336,0.44128553770086526,0.6847960444993819
Foursquare,0.5,0.5,0.2,10,0.005,0.08005783657956647,0.12074565433417997,0.09466733637693453,0.19188014138324472,0.05892047795632468,0.058487845076225786,0.2558714462299135,0.44787803873094356,0.6852080758137619
Foursquare,0.5,0.5,0.2,10,0.01,0.07609399085474478,0.11430298926704852,0.09352483195611132,0.18233774353679513,0.056283477544293366,0.056139266584260404,0.25092707045735474,0.43716522455706636,0.6740832303255048
Foursquare,0.5,0.5,0.2,10,0.02,0.08008881826248132,0.12009206613601554,0.09362829933473824,0.1880777127317269,0.056613102595797285,0.05727235269880511,0.26287597857437167,0.43675319324268647,0.6761433868974042
Foursquare,0.5,0.5,0.5,1,0.005,0.07640971008783451,0.11694985968213216,0.09276104292711168,0.1878513561340588,0.05628347754429337,0.05741656365883808,0.25298722702925425,0.43551709929954674,0.6852080758137619
Foursquare,0.5,0.5,0.5,1,0.01,0.0807083177702151,0.1206512545464342,0.0974031255640946,0.19107473603011374,0.05735475896168108,0.05733415739596209,0.2558714462299135,0.44870210135970334,0.6955088586732592
Foursquare,0.5,0.5,0.5,1,0.02,0.07871293133998124,0.11766530359302671,0.093965700243201,0.18539664414635498,0.05813761845900288,0.057210548001648126,0.25793160280181293,0.44870210135970334,0.6856201071281417
Foursquare,0.5,0.5,0.5,3,0.005,0.08262748305454137,0.12148894969356591,0.095948518236816,0.18877882657365788,0.05813761845900289,0.05679851668726823,0.2702925422332097,0.44787803873094356,0.6913885455294603
Foursquare,0.5,0.5,0.5,3,0.01,0.07503624973384126,0.11469147734483241,0.09197890617731379,0.18561425411167867,0.05562422744128554,0.055830243098475486,0.25051503914297485,0.4359291306139267,0.6823238566131026
Foursquare,0.5,0.5,0.5,3,0.02,0.07798301363841977,0.11771835232633074,0.0954034488524474,0.18957716032603944,0.05776679027606098,0.057478368355995055,0.24639472599917595,0.4441697569015245,0.6905644829007005
Foursquare,0.5,0.5,0.5,5,0.005,0.07681640808461915,0.11747154727226226,0.09274219265489737,0.18864702409497408,0.05644829007004532,0.05745776679027607,0.25257519571487436,0.43757725587144625,0.6934487021013597
Foursquare,0.5,0.5,0.5,5,0.01,0.08105764802850211,0.12101247743346925,0.0972953081686677,0.1918132784494152,0.05863205603625876,0.05803461063040792,0.2591676967449526,0.44746600741656367,0.695920889987639
Foursquare,0.5,0.5,0.5,5,0.02,0.07769935830170253,0.11753190587105422,0.09247602083593474,0.1863923770013249,0.057395962093119084,0.05745776679027605,0.24639472599917595,0.4363411619283066,0.6736711990111248
Foursquare,0.5,0.5,0.5,10,0.005,0.07795445438695772,0.11790018963606162,0.09309530082122282,0.18729400867367868,0.056613102595797285,0.05683971981870622,0.24969097651421507,0.43098475484136795,0.6765554182117841
Foursquare,0.5,0.5,0.5,10,0.01,0.07622405029074153,0.1161714911259445,0.09058945916051096,0.1843820564473885,0.05562422744128554,0.05665430572723527,0.25257519571487436,0.4120313143798929,0.6633704161516275
Foursquare,0.5,0.5,0.5,10,0.02,0.07934354800413414,0.12188054849805745,0.09381634004043618,0.19484231318449874,0.057725587144623,0.05896168108776268,0.2587556654305727,0.43798928718582614,0.7004532344458179
Foursquare,0.5,0.5,1.0,1,0.005,0.0745525434598308,0.1139102986509024,0.09142119679624415,0.1832502573724037,0.05554182117840956,0.05589204779563247,0.24680675731355584,0.44169756901524515,0.6740832303255048
Foursquare,0.5,0.5,1.0,1,0.01,0.0809762602718049,0.12028767141887997,0.0987884321816214,0.1926848178595131,0.059167696744952626,0.057704985578904,0.25793160280181293,0.45488257107540175,0.6967449526163988
Foursquare,0.5,0.5,1.0,1,0.02,0.08047981865130689,0.12192132525414853,0.09385167715166154,0.1921247383234555,0.05817882159044087,0.05842604037906882,0.2595797280593325,0.43510506798516685,0.6930366707869798
Foursquare,0.5,0.5,1.0,3,0.005,0.07984174406309248,0.11873714122692539,0.09335493005622976,0.18553172477880703,0.05723114956736712,0.05642768850432633,0.26782035434693036,0.43798928718582614,0.6814997939843428
Foursquare,0.5,0.5,1.0,3,0.01,0.08011006690537478,0.12101619979807986,0.09409453145180967,0.190549312531371,0.05735475896168108,0.0580964153275649,0.2665842604037907,0.4396374124433457,0.6790276060980635
Foursquare,0.5,0.5,1.0,3,0.02,0.07674631510481182,0.11708595083478214,0.09431713609775542,0.1892918848659571,0.05718994643592914,0.057704985578904,0.24763081994231562,0.43675319324268647,0.6909765142150803
Foursquare,0.5,0.5,1.0,5,0.005,0.07905566737822224,0.11994171669239048,0.09208017579941827,0.18915340856864274,0.05694272764730119,0.057498969921714056,0.25298722702925425,0.4388133498145859,0.6893283889575608
Foursquare,0.5,0.5,1.0,5,0.01,0.0782959248635102,0.11663624594031284,0.09424807481285402,0.18560358763344087,0.057395962093119084,0.056489493201483325,0.25092707045735474,0.4503502266172229,0.680675731355583
Foursquare,0.5,0.5,1.0,5,0.02,0.07660326237551003,0.11529800867000568,0.09269062574210946,0.18352223802904338,0.05694272764730119,0.05644829007004532,0.24680675731355584,0.4326328800988875,0.6683147919241862
Foursquare,0.5,0.5,1.0,10,0.005,0.07892159364397937,0.12114380831185662,0.09499822240729806,0.19331354361106692,0.056159868149979406,0.05830243098475484,0.2595797280593325,0.4388133498145859,0.6880922950144212
Foursquare,0.5,0.5,1.0,10,0.01,0.08249453099246978,0.12218771210807833,0.10030556492685924,0.19466148111324993,0.06044499381953028,0.05875566543057272,0.2723526988051092,0.4581788215904409,0.6938607334157396
Foursquare,0.5,0.5,1.0,10,0.02,0.07823589304297698,0.11730147895041369,0.09498661379970834,0.18677578698968872,0.058384837247630814,0.05727235269880511,0.2546353522867738,0.4565306963329213,0.6798516687268232
Foursquare,0.5,0.5,2.0,1,0.005,0.07834397681608127,0.11848922905434027,0.09586616740763623,0.19045026861961806,0.057890399670374945,0.05774618871034199,0.25010300782859496,0.4503502266172229,0.6856201071281417
Foursquare,0.5,0.5,2.0,1,0.01,0.07972186212471609,0.12001582062243901,0.0955838054513176,0.19064981050580976,0.057807993407498974,0.057704985578904,0.2517511330861145,0.4297486608982283,0.6889163576431809
Foursquare,0.5,0.5,2.0,1,0.02,0.0739261908014622,0.11408548006582894,0.09127613878267615,0.1861943769828073,0.055335805521219604,0.056221672847136375,0.22661722290894107,0.4276885043263288,0.6777915121549237
Foursquare,0.5,0.5,2.0,3,0.005,0.07514427172250801,0.11630110617043962,0.0941219518628529,0.19115143526984424,0.05628347754429337,0.05723114956736712,0.242274412855377,0.43675319324268647,0.681087762669963
Foursquare,0.5,0.5,2.0,3,0.01,0.08083158743037994,0.12021183898858362,0.09819762238047662,0.1908762389510796,0.05834363411619283,0.05725175113308612,0.25669550885867326,0.4511742892459827,0.6868562010712814
Foursquare,0.5,0.5,2.0,3,0.02,0.0735697768381872,0.11490561795833751,0.08840962098172937,0.1855161843642791,0.054717758549649775,0.05679851668726824,0.2377420683971982,0.4276885043263288,0.6852080758137619
Foursquare,0.5,0.5,2.0,5,0.005,0.07801921765970886,0.11775132781686856,0.09397991376365429,0.18772993515380143,0.05723114956736712,0.057148743304491136,0.2554594149155336,0.4445817882159044,0.676967449526164
Foursquare,0.5,0.5,2.0,5,0.01,0.07655163216763454,0.11828410526815161,0.09070170853265691,0.1896859890747633,0.055830243098475486,0.057807993407498974,0.2521631644004944,0.43428100535640707,0.6872682323856613
Foursquare,0.5,0.5,2.0,5,0.02,0.07936135365833966,0.12011764244806282,0.09551455708554404,0.19251270543586602,0.0584672435105068,0.057993407498969925,0.2669962917181706,0.4429336629583848,0.6843840131850021
Foursquare,0.5,0.5,2.0,10,0.005,0.0791869550630142,0.11846828514275304,0.09490104444113509,0.1878330143922304,0.058220024721878864,0.057684384013185014,0.25010300782859496,0.44252163164400493,0.6790276060980635
Foursquare,0.5,0.5,2.0,10,0.01,0.07805003955232975,0.11710929486319913,0.09534565001703563,0.18762042912704405,0.057437165224557066,0.0565306963329213,0.2554594149155336,0.43469303667078696,0.672847136382365
Foursquare,0.5,0.5,2.0,10,0.02,0.07983548511963318,0.12098327764667932,0.09818651970619105,0.19480413693341678,0.059291306139266586,0.059002884219200656,0.24639472599917595,0.45529460238978164,0.6979810465595385
Foursquare,0.5,0.7,0.2,1,0.005,0.078374174573918,0.11736664043225614,0.09603160146508555,0.18798942980774702,0.05830243098475484,0.05683971981870622,0.25298722702925425,0.45241038318912236,0.6819118252987227
Foursquare,0.5,0.7,0.2,1,0.01,0.07558498934120755,0.11529167600147079,0.09392191973276286,0.1881729061331398,0.05686032138442522,0.05663370416151627,0.2488669138854553,0.4363411619283066,0.6930366707869798
Foursquare,0.5,0.7,0.2,1,0.02,0.07728927668423453,0.11694046928296149,0.09274091683672123,0.18588917907691666,0.05640708693860734,0.056613102595797285,0.25092707045735474,0.43428100535640707,0.6786155747836835
Foursquare,0.5,0.7,0.2,3,0.005,0.07718241035221814,0.11687162581721242,0.09378433293473146,0.18823165921377916,0.05718994643592914,0.05710754017305316,0.261639884631232,0.4318088174701277,0.6831479192418624
Foursquare,0.5,0.7,0.2,3,0.01,0.07850113208950672,0.11723736004271829,0.09425744524540805,0.18534448527012454,0.057395962093119084,0.05675731355583024,0.25710754017305315,0.449938195302843,0.6918005768438401
Foursquare,0.5,0.7,0.2,3,0.02,0.07926904650424756,0.1200809842949527,0.09459081802966221,0.19103590446008184,0.05694272764730119,0.057684384013185,0.25339925834363414,0.4388133498145859,0.6901524515863205
Foursquare,0.5,0.7,0.2,5,0.005,0.07420623287092692,0.1137270239886316,0.08806086430487968,0.18098993741511554,0.05368768026370004,0.05515039142974867,0.23856613102595797,0.4186238154099712,0.6794396374124434
Foursquare,0.5,0.7,0.2,5,0.01,0.07481139209061557,0.11673764797939205,0.09152452475045555,0.18967525863992749,0.05508858673259167,0.05760197775030903,0.24515863205603625,0.43139678615574784,0.6868562010712814
Foursquare,0.5,0.7,0.2,5,0.02,0.0787980667923704,0.11775284709927665,0.09489430421462766,0.1879339811958334,0.05780799340749896,0.05630407911001235,0.24433456942727647,0.4437577255871446,0.676967449526164
Foursquare,0.5,0.7,0.2,10,0.005,0.07884456482723132,0.1176330175698445,0.09613682152537137,0.18744731628375128,0.05735475896168108,0.05694272764730119,0.25298722702925425,0.43675319324268647,0.6794396374124434
Foursquare,0.5,0.7,0.2,10,0.01,0.07641953750403845,0.11557373974404095,0.09144234875101209,0.18401461754917595,0.05595385249278945,0.05611866501854142,0.25628347754429337,0.42727647301194893,0.6744952616398846
Foursquare,0.5,0.7,0.2,10,0.02,0.08156806681221619,0.1226520445074162,0.09677359498763972,0.19385939548522826,0.05883807169344871,0.05859085290482076,0.261639884631232,0.44787803873094356,0.6909765142150803
Foursquare,0.5,0.7,0.5,1,0.005,0.07653652785713996,0.11782978377539592,0.0934874807639535,0.19063473728142064,0.0569015245158632,0.05811701689328389,0.2484548825710754,0.43757725587144625,0.6913885455294603
Foursquare,0.5,0.7,0.5,1,0.01,0.07817865264626021,0.11856778993140078,0.09497706526878112,0.19076803745453322,0.05686032138442522,0.05729295426452411,0.24721878862793573,0.4404614750721055,0.6864441697569015
Foursquare,0.5,0.7,0.5,1,0.02,0.07799434881962572,0.11809928759510331,0.09455485729942913,0.1903673352053736,0.0569015245158632,0.05686032138442522,0.25339925834363414,0.44252163164400493,0.6852080758137619
Foursquare,0.5,0.7,0.5,3,0.005,0.07539355037729908,0.11574506633398814,0.08997899029109749,0.18435489079235318,0.05442933662958386,0.05618046971569839,0.2546353522867738,0.4293366295838484,0.6777915121549237
Foursquare,0.5,0.7,0.5,3,0.01,0.08245880219421886,0.12119444029838201,0.10072040886436391,0.19239942681573585,0.06180469715698393,0.058735063864853734,0.26905644829007,0.46023897816234033,0.6819118252987227
Foursquare,0.5,0.7,0.5,3,0.02,0.07475120278740516,0.11579716676879133,0.09164991512619307,0.18870094589136027,0.057231149567367114,0.057993407498969925,0.24515863205603625,0.44087350638648537,0.6988051091882983
Foursquare,0.5,0.7,0.5,5,0.005,0.0754530661008873,0.11569409026673427,0.09128046642206857,0.18496715695864546,0.056159868149979406,0.05716934487021014,0.25133910177173463,0.4281005356407087,0.6868562010712814
Foursquare,0.5,0.7,0.5,5,0.01,0.07538093748500313,0.11589998536712615,0.0903465454997877,0.1865615089745483,0.05578903996703748,0.056880922950144214,0.25010300782859496,0.4276885043263288,0.6687268232385661
Foursquare,0.5,0.7,0.5,5,0.02,0.0787125146226071,0.11801207120589843,0.09482665078439051,0.1868708851312099,0.056736711990111245,0.0565306963329213,0.2604037906880923,0.44087350638648537,0.6827358879274825
Foursquare,0.5,0.7,0.5,10,0.005,0.07651201130351354,0.11352601332526627,0.09444185511360965,0.18137899962723786,0.0580964153275649,0.05626287597857438,0.24721878862793573,0.4429336629583848,0.6757313555830243
Foursquare,0.5,0.7,0.5,10,0.01,0.0797989320301756,0.11839793780042138,0.09714471318054112,0.18795700252409814,0.057890399670374945,0.05704573547589616,0.2550473836011537,0.4511742892459827,0.6782035434693037
Foursquare,0.5,0.7,0.5,10,0.02,0.07962617999939813,0.12014484523447418,0.09413136372935879,0.19061799026091333,0.05751957148743306,0.057498969921714056,0.253811289658014,0.43757725587144625,0.6798516687268232
Foursquare,0.5,0.7,1.0,1,0.005,0.07656402312337729,0.11653505156443943,0.09100575644092147,0.185493057233143,0.05595385249278945,0.056571899464359296,0.25628347754429337,0.43510506798516685,0.6777915121549237
Foursquare,0.5,0.7,1.0,1,0.01,0.07852443974574522,0.11729231677267095,0.0949535099365151,0.18738877482142388,0.05694272764730119,0.05593325092707046,0.2554594149155336,0.44210960032962504,0.6864441697569015
Foursquare,0.5,0.7,1.0,1,0.02,0.07746053818340692,0.1172368607374998,0.09467479751075598,0.18887422147811544,0.05718994643592914,0.05725175113308611,0.2554594149155336,0.4433456942727647,0.6893283889575608
Foursquare,0.5,0.7,1.0,3,0.005,0.07646694380383573,0.11707055274814897,0.0940892256958156,0.1897207638170937,0.057519571487433044,0.05778739184177997,0.2521631644004944,0.44499381953028433,0.6918005768438401
Foursquare,0.5,0.7,1.0,3,0.01,0.08063692324602816,0.11895997743113068,0.09492955875063241,0.1852632738342072,0.057519571487433044,0.056139266584260404,0.26452410383189123,0.4470539761021838,0.6835599505562423
Foursquare,0.5,0.7,1.0,3,0.02,0.08130848682963758,0.11943539549283304,0.09725221006447672,0.1878597625347901,0.05916769674495261,0.057128141738772134,0.2723526988051092,0.44746600741656367,0.6876802637000412
Foursquare,0.5,0.7,1.0,5,0.005,0.07574250083833513,0.11611520332251456,0.09259480349615361,0.18825483271356613,0.05554182117840956,0.056551297898640294,0.24927894519983518,0.4264524103831891,0.6802637000412032
Foursquare,0.5,0.7,1.0,5,0.01,0.07794324984930444,0.11755368375323269,0.09593153616269742,0.18960401294636753,0.05760197775030903,0.057148743304491136,0.2426864441697569,0.44169756901524515,0.6967449526163988
Foursquare,0.5,0.7,1.0,5,0.02,0.07840206825280972,0.11935237760649749,0.09619896168358613,0.1926352384312524,0.057148743304491136,0.05766378244746601,0.24598269468479605,0.4404614750721055,0.6880922950144212
Foursquare,0.5,0.7,1.0,10,0.005,0.07921389517501151,0.11783934557092127,0.09687504781678465,0.1876601413064361,0.05830243098475484,0.05675731355583024,0.24927894519983518,0.4466419447878039,0.6794396374124434
Foursquare,0.5,0.7,1.0,10,0.01,0.08060263461670729,0.11910382348276248,0.09763179097716564,0.1882275448628907,0.05941491553358056,0.05770498557890399,0.2591676967449526,0.44746600741656367,0.681087762669963
Foursquare,0.5,0.7,1.0,10,0.02,0.08054251700562472,0.12011756252322608,0.09789738233382428,0.1910545059593623,0.05694272764730119,0.056736711990111245,0.25257519571487436,0.4392253811289658,0.6868562010712814
Foursquare,0.5,0.7,2.0,1,0.005,0.08216189609015222,0.12287653139589186,0.09854366054434364,0.19509709858661115,0.05912649361351463,0.05863205603625875,0.25710754017305315,0.4515863205603626,0.6975690152451587
Foursquare,0.5,0.7,2.0,1,0.01,0.07292408255914061,0.11275797347449813,0.08898263898886397,0.1816705977193443,0.054635352286773804,0.05599505562422744,0.23856613102595797,0.42356819118252986,0.6683147919241862
Foursquare,0.5,0.7,2.0,1,0.02,0.07816344353602665,0.11783815620874916,0.09522885947746002,0.18798370725561991,0.056736711990111245,0.056983930778739186,0.2558714462299135,0.4396374124433457,0.688504326328801
Foursquare,0.5,0.7,2.0,3,0.005,0.07878473861737341,0.11892355853521357,0.09613896508647037,0.19010704680821283,0.057189946435929125,0.057148743304491136,0.24557066337041616,0.4404614750721055,0.6802637000412032
Foursquare,0.5,0.7,2.0,3,0.01,0.07508098069869956,0.11707326490382516,0.08897638164615931,0.18718719003183532,0.05459414915533581,0.05692212608158219,0.23279769262463948,0.4223320972393902,0.6790276060980635
Foursquare,0.5,0.7,2.0,3,0.02,0.07670787263612747,0.11735785183537137,0.09474277745084675,0.19034372263575483,0.057025133910177175,0.05735475896168108,0.25133910177173463,0.44252163164400493,0.6864441697569015
Foursquare,0.5,0.7,2.0,5,0.005,0.07579160512796211,0.11573821333754994,0.09205214874496281,0.1857659965286944,0.05591264936135146,0.05632468067573135,0.24557066337041616,0.43139678615574784,0.6790276060980635
Foursquare,0.5,0.7,2.0,5,0.01,0.07788803541445402,0.11740840950215499,0.09333055925350288,0.18713448697010426,0.05710754017305316,0.05681911825298723,0.25298722702925425,0.4363411619283066,0.6716110424392254
Foursquare,0.5,0.7,2.0,5,0.02,0.07971028386489067,0.11881247574905601,0.09703175468302615,0.18917534102090605,0.057437165224557066,0.05675731355583024,0.2595797280593325,0.4441697569015245,0.6868562010712814
Foursquare,0.5,0.7,2.0,10,0.005,0.07726416600338888,0.11695760123254952,0.09352577060163624,0.18755999511256333,0.05620107128141738,0.05667490729295427,0.25339925834363414,0.43469303667078696,0.6777915121549237
Foursquare,0.5,0.7,2.0,10,0.01,0.07611563987519691,0.11787265989489906,0.09316058440672635,0.1916313353371001,0.05628347754429337,0.05797280593325092,0.24474660074165636,0.438401318500206,0.6843840131850021
Foursquare,0.5,0.7,2.0,10,0.02,0.07417159684414358,0.11505403034833245,0.09070480332773331,0.18701947413048958,0.05545941491553359,0.05683971981870622,0.24145035022661723,0.42068397198187063,0.6847960444993819
Foursquare,0.5,1.0,0.2,1,0.005,0.08581034543982416,0.1271277907220041,0.10379373283193921,0.2011138950600318,0.062463947259991756,0.060589204779563255,0.27523691800576844,0.4787803873094355,0.7144622991347342
Foursquare,0.5,1.0,0.2,1,0.01,0.07862415093410653,0.11932812250998237,0.09433625097226375,0.1905449515720956,0.05892047795632468,0.05861145447053976,0.2558714462299135,0.4495261639884631,0.6955088586732592
Foursquare,0.5,1.0,0.2,1,0.02,0.07919194240126667,0.11981467937207715,0.09580064200010237,0.19140454024067863,0.05776679027606098,0.05784919653893697,0.2604037906880923,0.4404614750721055,0.6897404202719407
Foursquare,0.5,1.0,0.2,3,0.005,0.07869386560535171,0.11888959318388179,0.09347283972616116,0.18804473087248047,0.057643180881747004,0.05745776679027605,0.25051503914297485,0.4359291306139267,0.6740832303255048
Foursquare,0.5,1.0,0.2,3,0.01,0.07610208193470155,0.1197185152073955,0.0905775623317148,0.19431965788358427,0.05545941491553359,0.05828182941903584,0.25669550885867326,0.41985990935311085,0.6996291718170581
Foursquare,0.5,1.0,0.2,3,0.02,0.07798136745408897,0.11731539004873981,0.09339284822092386,0.18654812499509818,0.056571899464359296,0.05642768850432633,0.24598269468479605,0.44169756901524515,0.6777915121549237
Foursquare,0.5,1.0,0.2,5,0.005,0.07787544866638609,0.11628291216222825,0.09255882757910372,0.18374769277512332,0.057395962093119084,0.05642768850432633,0.25298722702925425,0.4458178821590441,0.6679027606098064
Foursquare,0.5,1.0,0.2,5,0.01,0.07923959576485101,0.11920564982924918,0.09478373482819388,0.18911847783095304,0.05772558714462299,0.05723114956736712,0.2542233209723939,0.44210960032962504,0.688504326328801
Foursquare,0.5,1.0,0.2,5,0.02,0.07571400169224214,0.11522905599957568,0.0912258148896755,0.18400631801454326,0.05517099299546765,0.056098063452822415,0.242274412855377,0.43016069221260816,0.6724351050679852
Foursquare,0.5,1.0,0.2,10,0.005,0.07635999197285835,0.1170227520974252,0.09060766197948679,0.18643757616476725,0.05603625875566543,0.056983930778739186,0.24927894519983518,0.4297486608982283,0.6777915121549237
Foursquare,0.5,1.0,0.2,10,0.01,0.07595828839400819,0.11617443445733493,0.09243422896469845,0.1858350099374601,0.05566543057272354,0.05677791512154924,0.25051503914297485,0.43428100535640707,0.6827358879274825
Foursquare,0.5,1.0,0.2,10,0.02,0.07966407566751112,0.11947056794086482,0.09584920401588416,0.19059250130468944,0.057931602801812934,0.0565925010300783,0.24639472599917595,0.44746600741656367,0.6852080758137619
Foursquare,0.5,1.0,0.5,1,0.005,0.07725364611932428,0.11664488219737022,0.09286840125516443,0.1857012199352589,0.05665430572723527,0.056613102595797285,0.25669550885867326,0.44169756901524515,0.6790276060980635
Foursquare,0.5,1.0,0.5,1,0.01,0.08066650091727069,0.12143455363847887,0.09841830384011929,0.19406018955362547,0.057519571487433044,0.05803461063040792,0.2583436341161928,0.4515863205603626,0.6934487021013597
Foursquare,0.5,1.0,0.5,1,0.02,0.08147886010921211,0.12086850753754345,0.09633418772696505,0.18962170845219609,0.057807993407498974,0.05681911825298723,0.26081582200247216,0.4495261639884631,0.6872682323856613
Foursquare,0.5,1.0,0.5,3,0.005,0.07650847324584392,0.11606241683860367,0.09221002235543534,0.18491823741811567,0.05756077461887103,0.057231149567367114,0.24474660074165636,0.4396374124433457,0.6872682323856613
Foursquare,0.5,1.0,0.5,3,0.01,0.0815686751973639,0.12248923871466354,0.10086192777499627,0.1979527582920391,0.06069221260815823,0.0591882983106716,0.2727647301194891,0.46600741656365885,0.7025133910177174
Foursquare,0.5,1.0,0.5,3,0.02,0.07738858146777852,0.11746614829781339,0.09383856497063696,0.18794351205796017,0.05751957148743306,0.05735475896168108,0.24721878862793573,0.4396374124433457,0.6856201071281417
Foursquare,0.5,1.0,0.5,5,0.005,0.07715908608542259,0.11548810925759401,0.09352787899271522,0.18385184734517407,0.05587144622991346,0.05548001648125258,0.2517511330861145,0.4400494437577256,0.6839719818706221
Foursquare,0.5,1.0,0.5,5,0.01,0.07764736969460984,0.11558783073838153,0.09292767061798302,0.18224759923321024,0.05624227441285538,0.055644829007004536,0.24062628759785742,0.4256283477544293,0.6674907292954264
Foursquare,0.5,1.0,0.5,5,0.02,0.08117902687232148,0.12116694725022235,0.09876136331348337,0.19258505886599459,0.05978574371652246,0.05902348578491965,0.26782035434693036,0.4515863205603626,0.6979810465595385
Foursquare,0.5,1.0,0.5,10,0.005,0.07296914062580763,0.11163586649949983,0.08790823989801934,0.17913198284289844,0.0542233209723939,0.05496497733827771,0.23320972393901937,0.4219200659250103,0.6600741656365884
Foursquare,0.5,1.0,0.5,10,0.01,0.07594809849047143,0.1140497264691582,0.09327990662045965,0.18229513370829184,0.057643180881747004,0.05683971981870622,0.242274412855377,0.4392253811289658,0.6724351050679852
Foursquare,0.5,1.0,0.5,10,0.02,0.07822709099268398,0.11852182986630713,0.09273264409867778,0.186826295346959,0.05648949320148331,0.05729295426452411,0.2480428512566955,0.4285125669550886,0.6707869798104656
Foursquare,0.5,1.0,1.0,1,0.005,0.07811912784737231,0.11797452299943718,0.09530323721585951,0.18842002674504887,0.05813761845900289,0.05727235269880511,0.25133910177173463,0.44499381953028433,0.6872682323856613
Foursquare,0.5,1.0,1.0,1,0.01,0.0817508392567064,0.12101387581435541,0.09708434064824194,0.18991786526307458,0.060197775030902345,0.05871446229913473,0.2558714462299135,0.4511742892459827,0.6819118252987227
Foursquare,0.5,1.0,1.0,1,0.02,0.07792243600239526,0.11804163970765644,0.0928534703276923,0.18755821439958228,0.05681911825298723,0.05696332921302019,0.25628347754429337,0.4429336629583848,0.6905644829007005
Foursquare,0.5,1.0,1.0,3,0.005,0.07508948298303972,0.114146972757286,0.09075033410851646,0.18331544523677668,0.05570663370416151,0.05626287597857438,0.24598269468479605,0.4338689740420272,0.6839719818706221
Foursquare,0.5,1.0,1.0,3,0.01,0.07975683341700739,0.11710699596148422,0.0996152765406612,0.187088513008356,0.05826122785331685,0.05595385249278945,0.25710754017305315,0.4503502266172229,0.6823238566131026
Foursquare,0.5,1.0,1.0,3,0.02,0.07588573158637456,0.11816862731694537,0.09047864113070883,0.18871330222812,0.054717758549649775,0.057622579316028016,0.25751957148743304,0.4281005356407087,0.6794396374124434
Foursquare,0.5,1.0,1.0,5,0.005,0.0779274440612228,0.11649968169789778,0.09313511920057081,0.1839972406746639,0.05686032138442522,0.05599505562422744,0.2599917593737124,0.44169756901524515,0.6860321384425216
Foursquare,0.5,1.0,1.0,5,0.01,0.07760936155944347,0.11796858136082605,0.09379403975464301,0.18876173820159484,0.05644829007004532,0.05743716522455708,0.2542233209723939,0.4392253811289658,0.6852080758137619
Foursquare,0.5,1.0,1.0,5,0.02,0.07525287373076181,0.1157419294379993,0.09207989742811479,0.18718480276558125,0.054717758549649775,0.05651009476720231,0.2480428512566955,0.4252163164400494,0.6880922950144212
Foursquare,0.5,1.0,1.0,10,0.005,0.08017937847783457,0.11990663432836937,0.09614398885864059,0.18836954751352014,0.05842604037906882,0.0580964153275649,0.265348166460651,0.45447053976102186,0.6918005768438401
Foursquare,0.5,1.0,1.0,10,0.01,0.07800206670209686,0.11592467126559305,0.09148500770751915,0.18109741150036968,0.056571899464359296,0.05593325092707046,0.2542233209723939,0.4363411619283066,0.6724351050679852
Foursquare,0.5,1.0,1.0,10,0.02,0.07624917571415324,0.11598440260329418,0.09271643886938973,0.1864438640609992,0.05545941491553358,0.05585084466419448,0.25710754017305315,0.4338689740420272,0.6819118252987227
Foursquare,0.5,1.0,2.0,1,0.005,0.07456278184220214,0.1141133784550854,0.09032344154789806,0.183578808649791,0.05554182117840956,0.05615986814997939,0.2426864441697569,0.4326328800988875,0.6740832303255048
Foursquare,0.5,1.0,2.0,1,0.01,0.07999290271896524,0.11987128713876856,0.09714804084092861,0.19126187765996772,0.05896168108776265,0.057952204367531936,0.25339925834363414,0.4400494437577256,0.6852080758137619
Foursquare,0.5,1.0,2.0,1,0.02,0.07578641691136007,0.11704437641629489,0.09192653894486719,0.18929449156234085,0.05591264936135147,0.057684384013185,0.242274412855377,0.42480428512566953,0.6847960444993819
Foursquare,0.5,1.0,2.0,3,0.005,0.07709478442764257,0.11520801673982942,0.09185617827674525,0.18122528430482876,0.056407086938607326,0.055768438401318496,0.25092707045735474,0.43716522455706636,0.6641944787803873
Foursquare,0.5,1.0,2.0,3,0.01,0.0781487286148654,0.11744198333371486,0.09458283986974365,0.18728719033220032,0.05718994643592914,0.05696332921302019,0.2542233209723939,0.43716522455706636,0.680675731355583
Foursquare,0.5,1.0,2.0,3,0.02,0.0803419102814455,0.1209800831194945,0.09775038928046624,0.19322925687830997,0.058549649773382784,0.058405438813349815,0.2604037906880923,0.45488257107540175,0.7008652657601978
Foursquare,0.5,1.0,2.0,5,0.005,0.07787086118623027,0.12013117116722427,0.0939571614484516,0.19330969922416566,0.0573135558302431,0.05883807169344871,0.2521631644004944,0.4338689740420272,0.6934487021013597
Foursquare,0.5,1.0,2.0,5,0.01,0.0750164450886651,0.11694564856983983,0.09071800315327072,0.18863595883739134,0.054552946023897805,0.057231149567367114,0.25051503914297485,0.42480428512566953,0.6905644829007005
Foursquare,0.5,1.0,2.0,5,0.02,0.07729803177365227,0.11833481503933896,0.09437096983866683,0.1910444894481801,0.057066337041615164,0.05756077461887104,0.2550473836011537,0.4503502266172229,0.6843840131850021
Foursquare,0.5,1.0,2.0,10,0.005,0.07921251160288126,0.11876280981044335,0.09626890447752125,0.18912759286662315,0.05826122785331685,0.05778739184177997,0.2665842604037907,0.44169756901524515,0.6872682323856613
Foursquare,0.5,1.0,2.0,10,0.01,0.07856197476310421,0.11668702077103026,0.09341870551962816,0.18278295386657029,0.05702513391017716,0.056159868149979406,0.265348166460651,0.43798928718582614,0.680675731355583
Foursquare,0.5,1.0,2.0,10,0.02,0.07870567088917878,0.1177327817070437,0.09487666569302332,0.1873834130996711,0.05756077461887104,0.0565100947672023,0.25751957148743304,0.4454058508446642,0.6938607334157396
Foursquare,1.0,0.3,0.2,1,0.005,0.07914223325253616,0.11904599219261369,0.09524011283650939,0.18979317275289645,0.05751957148743306,0.057148743304491136,0.25257519571487436,0.43551709929954674,0.6901524515863205
Foursquare,1.0,0.3,0.2,1,0.01,0.07737895830018117,0.11936170505300145,0.09110896558658806,0.19002061267828413,0.05533580552121962,0.05789039967037496,0.2649361351462711,0.42398022249690975,0.6852080758137619
Foursquare,1.0,0.3,0.2,1,0.02,0.07626304136425897,0.11287425853319195,0.0907164394296832,0.17670940786808564,0.05603625875566543,0.054429336629583845,0.2554594149155336,0.43098475484136795,0.6600741656365884
Foursquare,1.0,0.3,0.2,3,0.005,0.07711027066477452,0.11595885498161689,0.09332282312595656,0.18416962849835494,0.055830243098475486,0.0561804697156984,0.2488669138854553,0.43551709929954674,0.6670786979810466
Foursquare,1.0,0.3,0.2,3,0.01,0.07814974384013783,0.11978060897623515,0.09542708355583618,0.1924337289884578,0.056736711990111245,0.05811701689328389,0.25092707045735474,0.44087350638648537,0.6831479192418624
Foursquare,1.0,0.3,0.2,3,0.02,0.0816686620500192,0.12104017881074855,0.09888498819186323,0.19143461482943977,0.05900288421920066,0.05805521219612691,0.2669962917181706,0.4511742892459827,0.6847960444993819
Foursquare,1.0,0.3,0.2,5,0.005,0.07711569970394874,0.11672871683362199,0.09307565746772922,0.18673113506714334,0.05751957148743306,0.057107540173053147,0.25133910177173463,0.4454058508446642,0.6823238566131026
Foursquare,1.0,0.3,0.2,5,0.01,0.07961890329704127,0.11813940493179897,0.09554016262597229,0.18646674201267713,0.05718994643592914,0.05636588380716935,0.26122785331685205,0.43551709929954674,0.6782035434693037
Foursquare,1.0,0.3,0.2,5,0.02,0.07787253956603923,0.11782587635064674,0.09541079541678121,0.19000761427378368,0.05764318088174702,0.057272352698805123,0.253811289658014,0.4433456942727647,0.6852080758137619
Foursquare,1.0,0.3,0.2,10,0.005,0.07854989863574532,0.11725847103611055,0.09288801615195778,0.18413046653052936,0.05661310259579727,0.05651009476720231,0.26782035434693036,0.44210960032962504,0.680675731355583
Foursquare,1.0,0.3,0.2,10,0.01,0.07458306940915473,0.11629949822965632,0.09092676692240297,0.18917866338675587,0.05562422744128554,0.05745776679027605,0.24103831891223734,0.4297486608982283,0.6814997939843428
Foursquare,1.0,0.3,0.2,10,0.02,0.07502991832343339,0.11479944834390812,0.09249866059239056,0.18638226252645917,0.05648949320148331,0.0569015245158632,0.24392253811289658,0.4359291306139267,0.6757313555830243
Foursquare,1.0,0.3,0.5,1,0.005,0.07810555014050093,0.11784464222101498,0.09349495444028567,0.18717466296274912,0.056489493201483325,0.056613102595797285,0.2517511330861145,0.43757725587144625,0.6835599505562423
Foursquare,1.0,0.3,0.5,1,0.01,0.07597920689844484,0.11854658682455563,0.09325537997943735,0.19354757421507077,0.05661310259579729,0.058384837247630814,0.24103831891223734,0.44169756901524515,0.7021013597033374
Foursquare,1.0,0.3,0.5,1,0.02,0.07727744120831896,0.11482664963660316,0.09291957546007644,0.1817817647856221,0.05665430572723527,0.05525339925834363,0.24103831891223734,0.4400494437577256,0.6740832303255048
Foursquare,1.0,0.3,0.5,3,0.005,0.08109227001604123,0.1200814192268738,0.09460971265398944,0.18582586683804445,0.05830243098475484,0.05725175113308611,0.2665842604037907,0.44787803873094356,0.6819118252987227
Foursquare,1.0,0.3,0.5,3,0.01,0.07866350623176949,0.11951329788141324,0.09308615335810955,0.19043598535952272,0.057725587144623,0.057993407498969925,0.25751957148743304,0.4396374124433457,0.6872682323856613
Foursquare,1.0,0.3,0.5,3,0.02,0.07756027606112995,0.11963061870748541,0.09666067650283201,0.19490550179835475,0.057148743304491136,0.05861145447053976,0.2484548825710754,0.45199835187474247,0.6926246394725999
Foursquare,1.0,0.3,0.5,5,0.005,0.08011641016290566,0.11956761370828876,0.09567696401958983,0.1895570385118751,0.05834363411619284,0.05737536052740008,0.26081582200247216,0.4429336629583848,0.6926246394725999
Foursquare,1.0,0.3,0.5,5,0.01,0.08118303113047359,0.12175738987843165,0.10035458389143567,0.19563604225839282,0.059662134322208495,0.05871446229913473,0.25628347754429337,0.45282241450350225,0.6938607334157396
Foursquare,1.0,0.3,0.5,5,0.02,0.07905324234844176,0.12031458561728647,0.09452698477278745,0.19110749646631756,0.05665430572723527,0.0580964153275649,0.25010300782859496,0.4363411619283066,0.6880922950144212
Foursquare,1.0,0.3,0.5,10,0.005,0.07590280656486392,0.11575318624331325,0.09108670435770319,0.1854120512382051,0.05554182117840956,0.05607746188710343,0.25298722702925425,0.42398022249690975,0.6716110424392254
Foursquare,1.0,0.3,0.5,10,0.01,0.07910060641084245,0.1185592198908196,0.09407488965943808,0.18801424952720738,0.05793160280181295,0.057066337041615164,0.2595797280593325,0.4404614750721055,0.6868562010712814
Foursquare,1.0,0.3,0.5,10,0.02,0.07920935914008419,0.11871709081511432,0.09566115288935878,0.19001697734749903,0.05834363411619284,0.057313555830243106,0.2542233209723939,0.4326328800988875,0.681087762669963
Foursquare,1.0,0.3,1.0,1,0.005,0.08281553387421675,0.12065471510862952,0.09805554230756819,0.18817515389602316,0.06081582200247219,0.05786979810465595,0.26864441697569014,0.45488257107540175,0.6864441697569015
Foursquare,1.0,0.3,1.0,1,0.01,0.07968311521304998,0.11926525409324283,0.09675683220869853,0.1904638425260207,0.05879686856201071,0.05782859497321796,0.25092707045735474,0.44210960032962504,0.6901524515863205
Foursquare,1.0,0.3,1.0,1,0.02,0.07625623421562132,0.11570699697581356,0.08992681945408007,0.18351937573587387,0.05686032138442522,0.05708693860733416,0.24392253811289658,0.4210960032962505,0.6588380716934487
Foursquare,1.0,0.3,1.0,3,0.005,0.086378913349473,0.12536054590567644,0.10554154253799664,0.19839334513044563,0.06287597857437165,0.05939431396786156,0.27482488669138855,0.4672435105067985,0.7058096415327565
Foursquare,1.0,0.3,1.0,3,0.01,0.07476048016989191,0.11743462860424485,0.09197652522921877,0.1918579274828113,0.055170992995467655,0.05807581376184591,0.24598269468479605,0.43016069221260816,0.6926246394725999
Foursquare,1.0,0.3,1.0,3,0.02,0.07923000311000732,0.12063620996861327,0.09398994258538113,0.19213568616960003,0.05776679027606098,0.05842604037906882,0.2583436341161928,0.4404614750721055,0.6872682323856613
Foursquare,1.0,0.3,1.0,5,0.005,0.08314779327830112,0.12252044694916149,0.10003253110661255,0.19252520506730736,0.06007416563658837,0.058364235681911826,0.2698805109188298,0.4610630407911001,0.6872682323856613
Foursquare,1.0,0.3,1.0,5,0.01,0.08091368999274946,0.12258833275175297,0.09668322157868298,0.19544526915085908,0.05834363411619283,0.05871446229913473,0.25710754017305315,0.4429336629583848,0.7066337041615163
Foursquare,1.0,0.3,1.0,5,0.02,0.07686976184593304,0.11472441170165176,0.09265276541888556,0.18146799344592165,0.05718994643592914,0.05599505562422744,0.25010300782859496,0.44746600741656367,0.6753193242686444
Foursquare,1.0,0.3,1.0,10,0.005,0.08058887744399745,0.12082146858675653,0.09707431674641326,0.19256738257115777,0.05962093119077049,0.05840543881334983,0.26370004120313145,0.44870210135970334,0.6909765142150803
Foursquare,1.0,0.3,1.0,10,0.01,0.08400048977494817,0.12345957351894475,0.09912536042895133,0.19239874982489605,0.06036258755665431,0.058735063864853734,0.27400082406262877,0.4635352286773795,0.6872682323856613
Foursquare,1.0,0.3,1.0,10,0.02,0.07699926536311975,0.11730968136744077,0.09317658090585132,0.1886310360244048,0.056571899464359296,0.056901524515863215,0.24021425628347753,0.42686444169756904,0.6711990111248455
Foursquare,1.0,0.3,2.0,1,0.005,0.07879270624201337,0.11985113960544118,0.09547331223108792,0.19198326391166237,0.05718994643592914,0.05811701689328389,0.2583436341161928,0.449938195302843,0.6938607334157396
Foursquare,1.0,0.3,2.0,1,0.01,0.07825330230386766,0.11574833236276683,0.09356793272297485,0.18172646019763544,0.05764318088174702,0.05593325092707046,0.25051503914297485,0.4441697569015245,0.6749072929542645
Foursquare,1.0,0.3,2.0,1,0.02,0.07966990438600688,0.1208806504174019,0.09585200732198935,0.1936668737432712,0.05772558714462299,0.057890399670374945,0.25628347754429337,0.44169756901524515,0.696332921302019
Foursquare,1.0,0.3,2.0,3,0.005,0.072742829609197,0.11214432592249583,0.08969956710338074,0.18232711629964307,0.054758961681087764,0.05560362587556655,0.22908941079522044,0.42356819118252986,0.6798516687268232
Foursquare,1.0,0.3,2.0,3,0.01,0.0786358243554183,0.11966823785792817,0.09348291097296085,0.18928971423043792,0.05743716522455708,0.05828182941903584,0.26328800988875156,0.438401318500206,0.6868562010712814
Foursquare,1.0,0.3,2.0,3,0.02,0.07959998616932269,0.11776827811455289,0.09408211930617555,0.1844891510634324,0.057766790276060985,0.05681911825298723,0.2591676967449526,0.44169756901524515,0.6765554182117841
Foursquare,1.0,0.3,2.0,5,0.005,0.0794399544497801,0.11818254934634953,0.09611510007411771,0.18815232929781087,0.057931602801812934,0.05677791512154924,0.26081582200247216,0.4458178821590441,0.688504326328801
Foursquare,1.0,0.3,2.0,5,0.01,0.07474556496946083,0.11414661876799766,0.09221663110288646,0.18545119629010043,0.05587144622991348,0.056139266584260404,0.25257519571487436,0.44087350638648537,0.6880922950144212
Foursquare,1.0,0.3,2.0,5,0.02,0.07813672346854826,0.11772607683993798,0.09328188953913011,0.1862885697739842,0.05653069633292131,0.05681911825298723,0.2587556654305727,0.4334569427276473,0.6814997939843428
Foursquare,1.0,0.3,2.0,10,0.005,0.08006622842958075,0.12157533194730936,0.0978340584025306,0.19615926984030999,0.058220024721878864,0.058323032550473844,0.2591676967449526,0.4429336629583848,0.6934487021013597
Foursquare,1.0,0.3,2.0,10,0.01,0.07867520955417842,0.11866230768176808,0.09513342271144078,0.18886925586187664,0.05661310259579727,0.05686032138442522,0.2558714462299135,0.4433456942727647,0.6950968273588792
Foursquare,1.0,0.3,2.0,10,0.02,0.07745992849965033,0.11751542479820296,0.09498169559151746,0.18918304888170112,0.056489493201483325,0.05729295426452411,0.24721878862793573,0.4396374124433457,0.688504326328801
Foursquare,1.0,0.5,0.2,1,0.005,0.07924810543170567,0.11787815265838522,0.09507074199435404,0.18608224807464854,0.05718994643592914,0.05599505562422744,0.26411207251751134,0.43798928718582614,0.6794396374124434
Foursquare,1.0,0.5,0.2,1,0.01,0.08020640097042409,0.12011262230870418,0.09797040063984042,0.1930502219777348,0.059414915533580547,0.05793160280181295,0.25092707045735474,0.4458178821590441,0.6930366707869798
Foursquare,1.0,0.5,0.2,1,0.02,0.08068487433484003,0.12072539818926938,0.09546467851568732,0.1902797440039422,0.05850844664194479,0.057704985578904,0.26370004120313145,0.44870210135970334,0.6864441697569015
Foursquare,1.0,0.5,0.2,3,0.005,0.07401181870016323,0.1154425444177521,0.08885036918403733,0.18703263325899022,0.05480016481252575,0.05667490729295427,0.2356819118252987,0.4227441285537701,0.6827358879274825
Foursquare,1.0,0.5,0.2,3,0.01,0.08245473552409946,0.12378279663430425,0.09827432202670573,0.19512101232390622,0.05912649361351463,0.05896168108776268,0.26905644829007,0.4507622579316028,0.7033374536464772
Foursquare,1.0,0.5,0.2,3,0.02,0.07383044689088127,0.1139251006227126,0.08945079864690678,0.1834513500083173,0.05541821178409559,0.05669550885867327,0.24515863205603625,0.42068397198187063,0.6777915121549237
Foursquare,1.0,0.5,0.2,5,0.005,0.07637889191533857,0.1167149816389153,0.09292167986697113,0.1867832156041578,0.05537700865265761,0.0565925010300783,0.2480428512566955,0.43675319324268647,0.6831479192418624
Foursquare,1.0,0.5,0.2,5,0.01,0.07853231359116487,0.11658774005513468,0.09374541122594165,0.1840673213619047,0.05714874330449115,0.055974454058508455,0.25793160280181293,0.4396374124433457,0.672847136382365
Foursquare,1.0,0.5,0.2,5,0.02,0.07770065394294345,0.11838284516924401,0.09208829622388166,0.18925257686297645,0.0565306963329213,0.05718994643592914,0.25793160280181293,0.43716522455706636,0.6918005768438401
Foursquare,1.0,0.5,0.2,10,0.005,0.0788966789656494,0.12081391841212602,0.09541931213611764,0.19477682355954168,0.05727235269880511,0.05850844664194479,0.2661722290894108,0.44210960032962504,0.7016893283889576
Foursquare,1.0,0.5,0.2,10,0.01,0.07964127718097916,0.11971635698855765,0.09592195464766476,0.1905263815171919,0.0584672435105068,0.05803461063040792,0.2558714462299135,0.4503502266172229,0.6880922950144212
Foursquare,1.0,0.5,0.2,10,0.02,0.0802088675809121,0.11818850355705349,0.09691305124517727,0.1862564010387316,0.0584672435105068,0.05644829007004532,0.25793160280181293,0.44787803873094356,0.6856201071281417
Foursquare,1.0,0.5,0.5,1,0.005,0.07947375555245613,0.11918846585269725,0.09797856429177988,0.19139760002928238,0.05784919653893695,0.05751957148743306,0.2517511330861145,0.4433456942727647,0.688504326328801
Foursquare,1.0,0.5,0.5,1,0.01,0.07716312156166698,0.11642344537381173,0.0927878369237284,0.18613957949208526,0.05764318088174702,0.05683971981870622,0.25010300782859496,0.43551709929954674,0.6749072929542645
Foursquare,1.0,0.5,0.5,1,0.02,0.0799095387118371,0.12046486521331348,0.09353009267984409,0.19048792355306288,0.057066337041615164,0.05733415739596209,0.26328800988875156,0.4359291306139267,0.6905644829007005
Foursquare,1.0,0.5,0.5,3,0.005,0.07785406774027356,0.11708902426631461,0.09319951127156162,0.18539935920385553,0.05714874330449115,0.05708693860733416,0.2624639472599918,0.44210960032962504,0.6802637000412032
Foursquare,1.0,0.5,0.5,3,0.01,0.07668345838702223,0.11558449011909644,0.09254327607752874,0.18465983422065674,0.05628347754429337,0.056015657189946444,0.24392253811289658,0.4264524103831891,0.672847136382365
Foursquare,1.0,0.5,0.5,3,0.02,0.08254201664864881,0.1217760487839709,0.09896366946821317,0.19178074168319342,0.05949732179645653,0.057828594973217975,0.2669962917181706,0.4581788215904409,0.7004532344458179
Foursquare,1.0,0.5,0.5,5,0.005,0.07855054321394815,0.11684930843916559,0.09320148218701758,0.182998371091514,0.056159868149979406,0.05554182117840956,0.2542233209723939,0.43469303667078696,0.6720230737536053
Foursquare,1.0,0.5,0.5,5,0.01,0.08049544690297257,0.11922165484284171,0.09845193129236059,0.18886810289773656,0.059167696744952626,0.05745776679027605,0.2702925422332097,0.4569427276473012,0.6843840131850021
Foursquare,1.0,0.5,0.5,5,0.02,0.08043548985202377,0.12036783502571949,0.09531600802370419,0.18942561250572143,0.05863205603625875,0.05782859497321796,0.2694684796044499,0.44746600741656367,0.6909765142150803
Foursquare,1.0,0.5,0.5,10,0.005,0.07654289436280252,0.11649355142247939,0.09104756937454336,0.18511518812205305,0.05665430572723527,0.056736711990111245,0.24969097651421507,0.4334569427276473,0.6827358879274825
Foursquare,1.0,0.5,0.5,10,0.01,0.07940892772952102,0.11997193752260565,0.09574889061963318,0.19260909618587838,0.057519571487433044,0.057890399670374945,0.261639884631232,0.43716522455706636,0.6889163576431809
Foursquare,1.0,0.5,0.5,10,0.02,0.07665007020183609,0.1140860813505886,0.091331155170901,0.17956560966113544,0.05677791512154924,0.05545941491553358,0.24351050679851668,0.438401318500206,0.6670786979810466
Foursquare,1.0,0.5,1.0,1,0.005,0.07547543837992254,0.11537600174045493,0.09118856461535124,0.1854827206111709,0.05537700865265761,0.05638648537288835,0.2426864441697569,0.4276885043263288,0.6827358879274825
Foursquare,1.0,0.5,1.0,1,0.01,0.07910040120879662,0.12003680647984714,0.09585168419571681,0.19308103850672206,0.05892047795632468,0.05892047795632468,0.2517511330861145,0.4445817882159044,0.6934487021013597
Foursquare,1.0,0.5,1.0,1,0.02,0.0775696461943828,0.11681623693238746,0.09251750533589506,0.18576218002559375,0.05595385249278945,0.05591264936135146,0.24186238154099712,0.42480428512566953,0.6753193242686444
Foursquare,1.0,0.5,1.0,3,0.005,0.07947145419803055,0.11949575071315423,0.09604086778735393,0.19013653400990524,0.057231149567367114,0.05723114956736712,0.2620519159456119,0.4454058508446642,0.6938607334157396
Foursquare,1.0,0.5,1.0,3,0.01,0.07402296379920356,0.11501545611894079,0.08995626086253508,0.18653072163679071,0.05566543057272352,0.05683971981870622,0.24680675731355584,0.4264524103831891,0.6819118252987227
Foursquare,1.0,0.5,1.0,3,0.02,0.08147235760667634,0.12077272630637118,0.09889167159459633,0.1917718526451699,0.059662134322208495,0.05786979810465595,0.25710754017305315,0.4495261639884631,0.688504326328801
Foursquare,1.0,0.5,1.0,5,0.005,0.07708005804695531,0.11584869929611333,0.09276820401122426,0.1839180903407491,0.05591264936135146,0.05576843840131851,0.2517511330861145,0.4281005356407087,0.6687268232385661
Foursquare,1.0,0.5,1.0,5,0.01,0.07674469778283559,0.11866783575362463,0.09301911597044014,0.1909787391761528,0.05587144622991347,0.05774618871034199,0.24433456942727647,0.4281005356407087,0.695920889987639
Foursquare,1.0,0.5,1.0,5,0.02,0.07610086057025343,0.11745898567151682,0.09278561186469304,0.19136256758913237,0.05595385249278945,0.057066337041615164,0.2430984754841368,0.4297486608982283,0.6827358879274825
Foursquare,1.0,0.5,1.0,10,0.005,0.07444944151730659,0.11380466619308886,0.0899731444890554,0.18239456212112187,0.055088586732591684,0.055727235269880514,0.2369180057684384,0.4252163164400494,0.6679027606098064
Foursquare,1.0,0.5,1.0,10,0.01,0.07862307296090698,0.11777472145683279,0.09511271656465496,0.18637846139248024,0.057395962093119084,0.05729295426452411,0.2554594149155336,0.4429336629583848,0.6773794808405439
Foursquare,1.0,0.5,1.0,10,0.02,0.07688030056686028,0.11719924427338536,0.09240666276932005,0.18773729304933287,0.056819118252987216,0.05729295426452411,0.2484548825710754,0.4363411619283066,0.6823238566131026
Foursquare,1.0,0.5,2.0,1,0.005,0.07998671643104435,0.12040475114994015,0.0956134994044454,0.19065655959556246,0.05842604037906882,0.05813761845900289,0.26122785331685205,0.4454058508446642,0.688504326328801
Foursquare,1.0,0.5,2.0,1,0.01,0.07671142875374129,0.11657067627470909,0.09358413027532053,0.18795012947868192,0.056613102595797285,0.056983930778739186,0.24639472599917595,0.43428100535640707,0.6872682323856613
Foursquare,1.0,0.5,2.0,1,0.02,0.07950531590231587,0.12139949042019535,0.09530867824735113,0.19272796770051234,0.05677791512154924,0.058075813761845896,0.2546353522867738,0.44252163164400493,0.6876802637000412
Foursquare,1.0,0.5,2.0,3,0.005,0.07927289737161726,0.12085470098457346,0.09546275584256729,0.19432431225179114,0.05751957148743306,0.05819942315615987,0.2604037906880923,0.4396374124433457,0.7012772970745776
Foursquare,1.0,0.5,2.0,3,0.01,0.07644782227337481,0.11592199842103873,0.09276438895366017,0.18647416847250078,0.05595385249278945,0.05603625875566543,0.24351050679851668,0.43057272352698805,0.6860321384425216
Foursquare,1.0,0.5,2.0,3,0.02,0.07550465732554214,0.11599719403102876,0.08937512170110183,0.1850535958944516,0.05459414915533581,0.0562010712814174,0.25339925834363414,0.4215080346106304,0.6757313555830243
Foursquare,1.0,0.5,2.0,5,0.005,0.0777881407091234,0.11883830003905295,0.09320624037564862,0.19022508383652487,0.056613102595797285,0.05778739184177997,0.25133910177173463,0.43510506798516685,0.6814997939843428
Foursquare,1.0,0.5,2.0,5,0.01,0.07747624068826559,0.11681302747994037,0.0950403888366706,0.18658254944905917,0.05558302430984755,0.05630407911001236,0.24969097651421507,0.4338689740420272,0.6819118252987227
Foursquare,1.0,0.5,2.0,5,0.02,0.08309417652651886,0.12334284352418366,0.0983435649379535,0.1930040160450904,0.05916769674495261,0.058405438813349815,0.2649361351462711,0.4503502266172229,0.6798516687268232
Foursquare,1.0,0.5,2.0,10,0.005,0.07450086920014076,0.11594067877643383,0.09052110904701571,0.18798381146976834,0.05525339925834363,0.05716934487021014,0.2356819118252987,0.4264524103831891,0.6901524515863205
Foursquare,1.0,0.5,2.0,10,0.01,0.07981783855625385,0.11945365161631713,0.0962167400083241,0.19094671358218615,0.057395962093119084,0.05667490729295427,0.2624639472599918,0.46312319736299956,0.7012772970745776
Foursquare,1.0,0.5,2.0,10,0.02,0.07924796080687446,0.119335090797874,0.09561874202325162,0.19054496743788082,0.057313555830243106,0.057478368355995055,0.25010300782859496,0.4441697569015245,0.6860321384425216
Foursquare,1.0,0.7,0.2,1,0.005,0.07950346986184231,0.11927491163700374,0.09589726040528149,0.19004312968443837,0.05850844664194479,0.05737536052740008,0.26328800988875156,0.4511742892459827,0.6946847960444994
Foursquare,1.0,0.7,0.2,1,0.01,0.07846009338301782,0.11925582572063077,0.09376732436748038,0.1889054386058285,0.0580964153275649,0.0584672435105068,0.26905644829007,0.44252163164400493,0.69221260815822
Foursquare,1.0,0.7,0.2,1,0.02,0.08208683728867375,0.12218165648852651,0.09699138982609164,0.19128474248199875,0.057931602801812934,0.05817882159044087,0.26122785331685205,0.4515863205603626,0.6942727647301195
Foursquare,1.0,0.7,0.2,3,0.005,0.07720711842211106,0.1172500076399904,0.09174731571958071,0.18536556363150383,0.057025133910177175,0.05745776679027605,0.24639472599917595,0.43428100535640707,0.6852080758137619
Foursquare,1.0,0.7,0.2,3,0.01,0.07938790558332925,0.12026281207692113,0.09717766509230162,0.19362778283772802,0.05801400906468891,0.058755665430572736,0.2595797280593325,0.4503502266172229,0.6938607334157396
Foursquare,1.0,0.7,0.2,3,0.02,0.07667079164130182,0.11837337608835519,0.09306669328899553,0.19142487613569478,0.05702513391017716,0.058405438813349815,0.24639472599917595,0.4363411619283066,0.6946847960444994
Foursquare,1.0,0.7,0.2,5,0.005,0.07646483386930825,0.11882893327041484,0.09377426243903209,0.1932217752974557,0.05669550885867327,0.058364235681911826,0.242274412855377,0.4400494437577256,0.6934487021013597
Foursquare,1.0,0.7,0.2,5,0.01,0.08169414419475954,0.12067746927839355,0.09731266934733546,0.18955480990001036,0.05937371240214257,0.05778739184177997,0.26411207251751134,0.4565306963329213,0.69221260815822
Foursquare,1.0,0.7,0.2,5,0.02,0.07580038059742748,0.117271891093653,0.09132450631100977,0.18840847053212467,0.05521219612690566,0.057025133910177175,0.24186238154099712,0.42068397198187063,0.6790276060980635
Foursquare,1.0,0.7,0.2,10,0.005,0.0768112878074984,0.11841797717619207,0.0917277744540119,0.18988943846177825,0.05603625875566543,0.057807993407498974,0.25133910177173463,0.43551709929954674,0.6843840131850021
Foursquare,1.0,0.7,0.2,10,0.01,0.07714001226430287,0.1176706430127785,0.0929736250382462,0.18885655600957865,0.05776679027606098,0.057952204367531936,0.24763081994231562,0.43469303667078696,0.6823238566131026
Foursquare,1.0,0.7,0.2,10,0.02,0.0803932969535378,0.12227925248384157,0.09797079089092237,0.1965174034760343,0.05900288421920066,0.05953852492789452,0.2599917593737124,0.45982694684796044,0.7008652657601978
Foursquare,1.0,0.7,0.5,1,0.005,0.07795117438793059,0.1194729126061593,0.09435086965088671,0.19236483200152274,0.05776679027606098,0.05828182941903584,0.25339925834363414,0.44169756901524515,0.6946847960444994
Foursquare,1.0,0.7,0.5,1,0.01,0.08000395554895648,0.11915418405435022,0.09604678901355479,0.18855998494290782,0.05801400906468892,0.05718994643592914,0.25669550885867326,0.43716522455706636,0.6757313555830243
Foursquare,1.0,0.7,0.5,1,0.02,0.07792253500074091,0.11805903249999547,0.09279717111303111,0.18704196911086643,0.05661310259579727,0.056983930778739186,0.2591676967449526,0.43510506798516685,0.6835599505562423
Foursquare,1.0,0.7,0.5,3,0.005,0.08038458738635158,0.11911999846952856,0.09582112301923645,0.18695074052132615,0.05871446229913473,0.05778739184177997,0.265348166460651,0.44746600741656367,0.6761433868974042
Foursquare,1.0,0.7,0.5,3,0.01,0.07664317097745599,0.1177792049252793,0.09237554125846442,0.18903386494830932,0.05694272764730119,0.05784919653893695,0.24969097651421507,0.4359291306139267,0.6827358879274825
Foursquare,1.0,0.7,0.5,3,0.02,0.07738472316868325,0.11855275812976655,0.09294652604901314,0.1901863708827544,0.0569015245158632,0.05778739184177997,0.24598269468479605,0.4330449114132674,0.6889163576431809
Foursquare,1.0,0.7,0.5,5,0.005,0.07680954852947636,0.11945501666636253,0.09459585359798837,0.19477588084313055,0.0569015245158632,0.05887927482488668,0.2550473836011537,0.4433456942727647,0.7016893283889576
Foursquare,1.0,0.7,0.5,5,0.01,0.07622599578939042,0.11665533622336516,0.09430990508287186,0.18937654834674086,0.056159868149979406,0.05696332921302019,0.24021425628347753,0.4437577255871446,0.6856201071281417
Foursquare,1.0,0.7,0.5,5,0.02,0.0782794058272488,0.11810321040775888,0.09394115608495268,0.18832262038559847,0.05776679027606098,0.05760197775030903,0.2591676967449526,0.4466419447878039,0.6757313555830243
Foursquare,1.0,0.7,0.5,10,0.005,0.08005434247114183,0.12014383501898034,0.09835929987191694,0.19304528815796465,0.05945611866501855,0.05842604037906882,0.25793160280181293,0.4507622579316028,0.6843840131850021
Foursquare,1.0,0.7,0.5,10,0.01,0.08211422168141544,0.12104328971801911,0.09990308229616103,0.19177469730614355,0.05879686856201071,0.05704573547589616,0.2554594149155336,0.4503502266172229,0.6864441697569015
Foursquare,1.0,0.7,0.5,10,0.02,0.0807981909670257,0.12027531290599745,0.09529578161428778,0.1894955105111354,0.05850844664194479,0.057231149567367114,0.26864441697569014,0.44210960032962504,0.6843840131850021
Foursquare,1.0,0.7,1.0,1,0.005,0.07973266646878042,0.1196598319374103,0.09733126004504392,0.1922703580879236,0.05892047795632468,0.05801400906468892,0.25793160280181293,0.4495261639884631,0.6897404202719407
Foursquare,1.0,0.7,1.0,1,0.01,0.07484719237883221,0.11322475612901098,0.08875640650420542,0.17967687472657276,0.055212196126905644,0.055356407086938605,0.24351050679851668,0.42068397198187063,0.6646065100947672
Foursquare,1.0,0.7,1.0,1,0.02,0.07571623939325413,0.11713952188630372,0.09255335041522637,0.19050953475340557,0.05640708693860734,0.05756077461887103,0.24351050679851668,0.4338689740420272,0.6872682323856613
Foursquare,1.0,0.7,1.0,3,0.005,0.07944347135924153,0.11887466984997468,0.09450000615904408,0.18795744935221306,0.05686032138442522,0.05681911825298723,0.24598269468479605,0.4359291306139267,0.6757313555830243
Foursquare,1.0,0.7,1.0,3,0.01,0.0785513553135023,0.11858682447232032,0.09535861633299995,0.18909472321398033,0.058220024721878864,0.05776679027606098,0.261639884631232,0.4359291306139267,0.681087762669963
Foursquare,1.0,0.7,1.0,3,0.02,0.07852220254309973,0.11935086394644182,0.09450836853461593,0.1904156006624046,0.05776679027606098,0.05803461063040791,0.24763081994231562,0.4458178821590441,0.6856201071281417
Foursquare,1.0,0.7,1.0,5,0.005,0.07933457110973421,0.12021205896678082,0.09695000493720271,0.19314747144330668,0.05854964977338278,0.0584672435105068,0.24927894519983518,0.44746600741656367,0.6909765142150803
Foursquare,1.0,0.7,1.0,5,0.01,0.07921916526214941,0.1188254333018098,0.09614382385377138,0.18975034916218375,0.05756077461887103,0.05733415739596209,0.25051503914297485,0.4338689740420272,0.6889163576431809
Foursquare,1.0,0.7,1.0,5,0.02,0.07775111442350452,0.11765458230429952,0.09743533161865146,0.19115616151681938,0.05760197775030903,0.05760197775030903,0.25133910177173463,0.44870210135970334,0.6918005768438401
Foursquare,1.0,0.7,1.0,10,0.005,0.07792105980244556,0.11708425369757304,0.09545332012128384,0.18790884448477466,0.05817882159044088,0.05694272764730119,0.25257519571487436,0.4503502266172229,0.6831479192418624
Foursquare,1.0,0.7,1.0,10,0.01,0.07642974541752523,0.117228494184871,0.09157411243132862,0.18770036208524216,0.055170992995467655,0.05708693860733416,0.24721878862793573,0.41985990935311085,0.6749072929542645
Foursquare,1.0,0.7,1.0,10,0.02,0.07782211010958333,0.11649433008711033,0.09364026239374926,0.18524340316894292,0.05620107128141738,0.05591264936135146,0.253811289658014,0.438401318500206,0.6786155747836835
Foursquare,1.0,0.7,2.0,1,0.005,0.08109188230920847,0.12165881982077842,0.0975510717014644,0.19355019520742187,0.057519571487433044,0.057498969921714056,0.26287597857437167,0.449938195302843,0.6992171405026782
Foursquare,1.0,0.7,2.0,1,0.01,0.08260395219420544,0.12251020186011859,0.10084485684582131,0.19431339368183395,0.0607746188710342,0.05910589204779563,0.27111660486196953,0.4610630407911001,0.6856201071281417
Foursquare,1.0,0.7,2.0,1,0.02,0.08162351229096669,0.12107730869497932,0.09819645728635254,0.1918824700279934,0.058879274824886696,0.05760197775030903,0.25710754017305315,0.44210960032962504,0.6749072929542645
Foursquare,1.0,0.7,2.0,3,0.005,0.08174499985915905,0.12283913482101813,0.09810396309430318,0.19434565827291292,0.05995055624227441,0.05982694684796044,0.26328800988875156,0.4511742892459827,0.69221260815822
Foursquare,1.0,0.7,2.0,3,0.01,0.07779811328121893,0.11708009717177999,0.09323706158792497,0.18654058303112475,0.057395962093119084,0.05683971981870622,0.25339925834363414,0.43716522455706636,0.6765554182117841
Foursquare,1.0,0.7,2.0,3,0.02,0.0767849785970238,0.11748518765727643,0.09345163909113566,0.18950952876592664,0.05628347754429337,0.05716934487021014,0.25133910177173463,0.4429336629583848,0.6918005768438401
Foursquare,1.0,0.7,2.0,5,0.005,0.07470258511690851,0.11464345908111975,0.08923318897306058,0.18475976466523,0.05607746188710343,0.05646889163576432,0.24721878862793573,0.4182117840955913,0.6765554182117841
Foursquare,1.0,0.7,2.0,5,0.01,0.07635768295528784,0.11576730740001262,0.09289203496622661,0.18619435996357864,0.0562010712814174,0.056592501030078284,0.24515863205603625,0.4276885043263288,0.6798516687268232
Foursquare,1.0,0.7,2.0,5,0.02,0.07571815669805813,0.11617395140702003,0.09095807603495795,0.18654546950099885,0.055830243098475486,0.05710754017305316,0.24433456942727647,0.4322208487845076,0.6880922950144212
Foursquare,1.0,0.7,2.0,10,0.005,0.08097489415763312,0.1202295020458447,0.09658872664158578,0.1894896041390263,0.058755665430572736,0.057478368355995055,0.2558714462299135,0.44499381953028433,0.676967449526164
Foursquare,1.0,0.7,2.0,10,0.01,0.08009473384736722,0.12016740272833601,0.0973171911135935,0.19206035542129576,0.057725587144623,0.05733415739596209,0.2484548825710754,0.4441697569015245,0.700041203131438
Foursquare,1.0,0.7,2.0,10,0.02,0.07519796927596496,0.11582720596354605,0.09238618846537829,0.18791825767215103,0.056159868149979406,0.057478368355995055,0.24557066337041616,0.4396374124433457,0.681087762669963
Foursquare,1.0,1.0,0.2,1,0.005,0.07646408850135868,0.11730588180562945,0.09177798368310189,0.1882336108119694,0.05525339925834363,0.05675731355583024,0.24474660074165636,0.43098475484136795,0.6802637000412032
Foursquare,1.0,1.0,0.2,1,0.01,0.07491149016159311,0.11395412942327868,0.09016886878773112,0.18206250036813265,0.05471775854964977,0.055500618046971574,0.2521631644004944,0.4252163164400494,0.6658426040379068
Foursquare,1.0,1.0,0.2,1,0.02,0.07536256385418257,0.11703141622844601,0.0900140261910134,0.1881620794373642,0.05496497733827771,0.05663370416151627,0.24433456942727647,0.4293366295838484,0.6868562010712814
Foursquare,1.0,1.0,0.2,3,0.005,0.07781754128634788,0.11776126691553372,0.0944978409550157,0.18922956587658396,0.05714874330449115,0.05721054800164813,0.24927894519983518,0.43757725587144625,0.6786155747836835
Foursquare,1.0,1.0,0.2,3,0.01,0.07631036592781078,0.1169493724047592,0.09140860736341284,0.18737487133604772,0.05665430572723527,0.057313555830243106,0.24927894519983518,0.4359291306139267,0.6852080758137619
Foursquare,1.0,1.0,0.2,3,0.02,0.07812797733954487,0.11733674850170321,0.0926942144093545,0.18512104745939423,0.05607746188710342,0.05642768850432633,0.25133910177173463,0.4330449114132674,0.6814997939843428
Foursquare,1.0,1.0,0.2,5,0.005,0.07590647164807485,0.11604389674377669,0.09490317536481294,0.1899839456486774,0.056571899464359296,0.056736711990111245,0.23362175525339926,0.4363411619283066,0.6889163576431809
Foursquare,1.0,1.0,0.2,5,0.01,0.07629114214577781,0.11665234961949522,0.09284934835726945,0.18892416025817482,0.05607746188710343,0.05651009476720231,0.2624639472599918,0.43469303667078696,0.6864441697569015
Foursquare,1.0,1.0,0.2,5,0.02,0.07922502606353983,0.11977459927201527,0.09616526708881028,0.1923510070070909,0.05826122785331684,0.0580964153275649,0.25793160280181293,0.44499381953028433,0.6847960444993819
Foursquare,1.0,1.0,0.2,10,0.005,0.07848659312352155,0.11805733405006709,0.09304469835032184,0.18684438201885695,0.057107540173053147,0.05677791512154924,0.25133910177173463,0.4454058508446642,0.6880922950144212
Foursquare,1.0,1.0,0.2,10,0.01,0.07661734681340365,0.1177721635381933,0.09354582173754614,0.1900326463324132,0.055830243098475486,0.0572929542645241,0.23939019365471775,0.4285125669550886,0.6893283889575608
Foursquare,1.0,1.0,0.2,10,0.02,0.07800900426881552,0.11874368701438626,0.09290953887955344,0.18876678198364577,0.05574783683559951,0.05686032138442522,0.2517511330861145,0.43428100535640707,0.6773794808405439
Foursquare,1.0,1.0,0.5,1,0.005,0.07742065652328994,0.11756232417235424,0.09254450693883325,0.18744713014751965,0.057025133910177175,0.05733415739596211,0.24969097651421507,0.4330449114132674,0.6790276060980635
Foursquare,1.0,1.0,0.5,1,0.01,0.07596228106605601,0.11721204201213226,0.09313046229792304,0.19089576085469792,0.05735475896168108,0.058220024721878864,0.253811289658014,0.4359291306139267,0.6905644829007005
Foursquare,1.0,1.0,0.5,1,0.02,0.08099870763327881,0.12101311129036484,0.09600831786560295,0.19035798259378447,0.058879274824886696,0.058446641944787804,0.26370004120313145,0.4454058508446642,0.6823238566131026
Foursquare,1.0,1.0,0.5,3,0.005,0.07789541964641604,0.11748832930044742,0.09543123922085854,0.18866163278450926,0.05743716522455706,0.05727235269880511,0.2542233209723939,0.44128553770086526,0.688504326328801
Foursquare,1.0,1.0,0.5,3,0.01,0.07639915463343992,0.11657027719116965,0.09186485461968563,0.18771952297736116,0.056489493201483325,0.0565306963329213,0.24557066337041616,0.4293366295838484,0.6880922950144212
Foursquare,1.0,1.0,0.5,3,0.02,0.07746295794144432,0.11649232403280152,0.09194365995356105,0.18418088583089198,0.056901524515863215,0.056674907292954255,0.2480428512566955,0.4318088174701277,0.669138854552946
Foursquare,1.0,1.0,0.5,5,0.005,0.0789764474768222,0.1204676725880705,0.09542737099870048,0.19376714224598396,0.05727235269880511,0.05791100123609393,0.24680675731355584,0.4396374124433457,0.6942727647301195
Foursquare,1.0,1.0,0.5,5,0.01,0.08046873436082436,0.12205611368873735,0.0974397427884991,0.19553804165523928,0.059332509270704575,0.05951792336217552,0.26411207251751134,0.45447053976102186,0.6955088586732592
Foursquare,1.0,1.0,0.5,5,0.02,0.0790660879266243,0.11866796878004597,0.09559118065047538,0.18996956300473128,0.05871446229913473,0.057807993407498974,0.2542233209723939,0.449938195302843,0.6893283889575608
Foursquare,1.0,1.0,0.5,10,0.005,0.08220579410184108,0.12338113638312641,0.09719126209473741,0.19463907846298364,0.05904408735063865,0.05892047795632468,0.2665842604037907,0.4470539761021838,0.6901524515863205
Foursquare,1.0,1.0,0.5,10,0.01,0.077680038502929,0.11675529659979936,0.09242927037752317,0.18607928983420527,0.05756077461887103,0.05669550885867327,0.24680675731355584,0.44210960032962504,0.6839719818706221
Foursquare,1.0,1.0,0.5,10,0.02,0.07558404373233892,0.11559692169811359,0.09149245853899725,0.18524277534094158,0.055953852492789447,0.05683971981870623,0.2484548825710754,0.4392253811289658,0.6876802637000412
Foursquare,1.0,1.0,1.0,1,0.005,0.07673481586179548,0.11863005984006354,0.09114906594739995,0.1901044151891044,0.056159868149979406,0.058055212196126894,0.25751957148743304,0.43757725587144625,0.6909765142150803
Foursquare,1.0,1.0,1.0,1,0.01,0.07575848020602804,0.11672556728105506,0.09122714699343275,0.18793460427749442,0.05570663370416151,0.057025133910177175,0.24515863205603625,0.4252163164400494,0.6744952616398846
Foursquare,1.0,1.0,1.0,1,0.02,0.07530485182399001,0.11582050362653015,0.09001125069380657,0.18642709554023587,0.05636588380716935,0.057334157395962086,0.24763081994231562,0.43428100535640707,0.6876802637000412
Foursquare,1.0,1.0,1.0,3,0.005,0.07549341631802177,0.11457951669225441,0.09252322433509015,0.1841793117024066,0.05624227441285538,0.056221672847136375,0.24062628759785742,0.44746600741656367,0.673259167696745
Foursquare,1.0,1.0,1.0,3,0.01,0.07768020984439468,0.1190766064554994,0.09371829069584632,0.1906429147295345,0.05636588380716935,0.05797280593325092,0.2583436341161928,0.44787803873094356,0.6909765142150803
Foursquare,1.0,1.0,1.0,3,0.02,0.08141721109436613,0.12094692927427655,0.09558912152840622,0.1885946318442511,0.05793160280181295,0.05733415739596209,0.2587556654305727,0.44128553770086526,0.6798516687268232
Foursquare,1.0,1.0,1.0,5,0.005,0.0776002215912169,0.11746454460646534,0.09480353104461911,0.18886513061522406,0.05718994643592914,0.05727235269880511,0.24392253811289658,0.44787803873094356,0.6823238566131026
Foursquare,1.0,1.0,1.0,5,0.01,0.07590286759549378,0.11642990177553268,0.09109661959167495,0.1870543851385664,0.05570663370416151,0.0569015245158632,0.24515863205603625,0.42439225381128964,0.681087762669963
Foursquare,1.0,1.0,1.0,5,0.02,0.0783647368641388,0.11869267400733054,0.09435602983021983,0.18981584716675354,0.05595385249278945,0.05686032138442522,0.25051503914297485,0.43551709929954674,0.69221260815822
Foursquare,1.0,1.0,1.0,10,0.005,0.07745347865818114,0.11759005257169872,0.0940140253269923,0.18823295608374688,0.057807993407498974,0.057684384013185,0.25092707045735474,0.4433456942727647,0.6868562010712814
Foursquare,1.0,1.0,1.0,10,0.01,0.0787987168182616,0.11935736405455212,0.09498699183454046,0.1909386346252267,0.057807993407498974,0.05797280593325094,0.2558714462299135,0.446229913473424,0.6860321384425216
Foursquare,1.0,1.0,1.0,10,0.02,0.07148319455411759,0.11375214886002002,0.08535433601895005,0.18477765092262846,0.0523279769262464,0.05636588380716935,0.23485784919653893,0.41244334569427277,0.6744952616398846
Foursquare,1.0,1.0,2.0,1,0.005,0.07799727197624674,0.11797086706952864,0.09205855763370459,0.1870992368714168,0.0565306963329213,0.0565925010300783,0.25669550885867326,0.43428100535640707,0.6827358879274825
Foursquare,1.0,1.0,2.0,1,0.01,0.07585950791940958,0.11511176116197969,0.09248697495893947,0.18497704173292298,0.05603625875566543,0.056283477544293366,0.23897816234033786,0.4223320972393902,0.6777915121549237
Foursquare,1.0,1.0,2.0,1,0.02,0.07825587194984643,0.1169672924169441,0.0933924260877487,0.18529108939091257,0.05834363411619284,0.05696332921302019,0.25298722702925425,0.4433456942727647,0.6773794808405439
Foursquare,1.0,1.0,2.0,3,0.005,0.07729314270656609,0.11642374628443931,0.09356095895921641,0.18605846487777167,0.057231149567367114,0.056901524515863215,0.25133910177173463,0.43798928718582614,0.6753193242686444
Foursquare,1.0,1.0,2.0,3,0.01,0.07664098629424845,0.11801016563783165,0.09337851631086536,0.1911678144480489,0.05566543057272352,0.05696332921302019,0.2521631644004944,0.4396374124433457,0.6926246394725999
Foursquare,1.0,1.0,2.0,3,0.02,0.07998133588068534,0.11975215628067913,0.09726892323347458,0.19189084092998127,0.05995055624227441,0.05830243098475484,0.2599917593737124,0.44829007004532345,0.6913885455294603
Foursquare,1.0,1.0,2.0,5,0.005,0.08103197138395085,0.12291671180264803,0.09695656957161249,0.19605995099975593,0.05850844664194479,0.05894107952204368,0.2661722290894108,0.446229913473424,0.6979810465595385
Foursquare,1.0,1.0,2.0,5,0.01,0.07668713938531285,0.11645249592919833,0.09403104340426455,0.1879553547143423,0.056159868149979406,0.05628347754429337,0.25298722702925425,0.4429336629583848,0.6926246394725999
Foursquare,1.0,1.0,2.0,5,0.02,0.07904820171075735,0.11819311338662984,0.09522143711679044,0.1882201885839654,0.05817882159044087,0.057148743304491136,0.25133910177173463,0.44087350638648537,0.6765554182117841
Foursquare,1.0,1.0,2.0,10,0.005,0.07753583953952171,0.11817675548366463,0.09456858527048288,0.18973894870895888,0.057148743304491136,0.05803461063040791,0.25710754017305315,0.4458178821590441,0.6823238566131026
Foursquare,1.0,1.0,2.0,10,0.01,0.07462872696503522,0.11498369987205345,0.09147854864706711,0.18682338958075204,0.05550061804697157,0.056880922950144214,0.22991347342398022,0.4330449114132674,0.6856201071281417
Foursquare,1.0,1.0,2.0,10,0.02,0.08054416232829975,0.1202419210491509,0.09860375417894579,0.19221017729926443,0.05945611866501855,0.058281829419035855,0.25710754017305315,0.45941491553358055,0.6897404202719407
Foursquare,1.5,0.3,0.2,1,0.005,0.08039530966068184,0.11940743284582031,0.09789560636415671,0.19053085754323407,0.057931602801812934,0.05677791512154924,0.2624639472599918,0.4466419447878039,0.688504326328801
Foursquare,1.5,0.3,0.2,1,0.01,0.07970510801570123,0.11807700965361266,0.0980292125871874,0.18790168034090501,0.058220024721878864,0.0569221260815822,0.2595797280593325,0.46271116604861967,0.6979810465595385
Foursquare,1.5,0.3,0.2,1,0.02,0.0793776117121105,0.1190358311982155,0.09570673478928875,0.19012789367606966,0.057890399670374945,0.05721054800164813,0.26452410383189123,0.4470539761021838,0.681087762669963
Foursquare,1.5,0.3,0.2,3,0.005,0.0833363197202293,0.12282168890436171,0.10031192056312516,0.19347034563862162,0.06003296250515039,0.05846724351050679,0.2760609806345282,0.4639472599917594,0.6876802637000412
Foursquare,1.5,0.3,0.2,3,0.01,0.08237238661180833,0.12033697283559498,0.09856551894421116,0.18916797897655926,0.05982694684796044,0.057210548001648126,0.2624639472599918,0.457766790276061,0.6876802637000412
Foursquare,1.5,0.3,0.2,3,0.02,0.07707768923360567,0.11607276261447498,0.09474222604399929,0.18620629224435561,0.05665430572723527,0.05622167284713639,0.2542233209723939,0.4429336629583848,0.6761433868974042
Foursquare,1.5,0.3,0.2,5,0.005,0.08023603631743412,0.11939515278442553,0.09485863921360292,0.18668447661017024,0.05764318088174702,0.057231149567367114,0.26823238566131025,0.44870210135970334,0.6827358879274825
Foursquare,1.5,0.3,0.2,5,0.01,0.07937726136374908,0.11779897043601663,0.09490322215519943,0.18666253490570858,0.0584672435105068,0.05663370416151627,0.2624639472599918,0.45447053976102186,0.6852080758137619
Foursquare,1.5,0.3,0.2,5,0.02,0.07549278950569487,0.11634166959036245,0.09202082565608327,0.18908508774375013,0.05591264936135147,0.057025133910177175,0.25010300782859496,0.4363411619283066,0.6897404202719407
Foursquare,1.5,0.3,0.2,10,0.005,0.07968780404148228,0.12052591995727796,0.09631897213129541,0.19220813433797226,0.057395962093119084,0.05770498557890399,0.2604037906880923,0.4445817882159044,0.6934487021013597
Foursquare,1.5,0.3,0.2,10,0.01,0.08115119252173707,0.1209038650213213,0.09876362034613631,0.1919367724229723,0.05982694684796045,0.0584672435105068,0.25339925834363414,0.4400494437577256,0.6814997939843428
Foursquare,1.5,0.3,0.2,10,0.02,0.08047809378200746,0.11905615129260097,0.09818178763784861,0.1896505501983085,0.05867325916769675,0.057107540173053147,0.261639884631232,0.453646477132262,0.6897404202719407
Foursquare,1.5,0.3,0.5,1,0.005,0.07568700357819014,0.11556161053711636,0.09149843580534606,0.18570918664423883,0.05587144622991348,0.05673671199011125,0.23856613102595797,0.43139678615574784,0.676967449526164
Foursquare,1.5,0.3,0.5,1,0.01,0.07601513413718748,0.11576332999629822,0.09308007268070817,0.18631541739368904,0.056283477544293366,0.056551297898640294,0.23650597445405852,0.42398022249690975,0.6720230737536053
Foursquare,1.5,0.3,0.5,1,0.02,0.07725700984739034,0.11768792118917235,0.09320174202047488,0.18836622300839012,0.05525339925834363,0.05642768850432633,0.24351050679851668,0.4281005356407087,0.6814997939843428
Foursquare,1.5,0.3,0.5,3,0.005,0.07885062882572676,0.11840006145062534,0.09536913308937835,0.18829790490745138,0.05776679027606098,0.05735475896168108,0.25257519571487436,0.4466419447878039,0.6889163576431809
Foursquare,1.5,0.3,0.5,3,0.01,0.0786274360401112,0.11736760083725715,0.09535046849318285,0.18719611443919065,0.0584672435105068,0.057313555830243106,0.2587556654305727,0.4433456942727647,0.6823238566131026
Foursquare,1.5,0.3,0.5,3,0.02,0.07746046049968787,0.11629724085863827,0.09312185586153866,0.1846685591746984,0.0561186650185414,0.055809641532756485,0.24474660074165636,0.4396374124433457,0.6765554182117841
Foursquare,1.5,0.3,0.5,5,0.005,0.08108781290376171,0.1210425099253778,0.09787731619991795,0.1921169167545487,0.059414915533580547,0.05844664194478781,0.2624639472599918,0.44499381953028433,0.6946847960444994
Foursquare,1.5,0.3,0.5,5,0.01,0.0821526660735298,0.12330725543485141,0.09755201799363733,0.19564850445638093,0.05945611866501855,0.05877626699629173,0.2719406674907293,0.4569427276473012,0.6992171405026782
Foursquare,1.5,0.3,0.5,5,0.02,0.0751435021193203,0.11546274148564849,0.09082573368891414,0.18607254680532748,0.05599505562422744,0.05723114956736712,0.2517511330861145,0.42727647301194893,0.6753193242686444
Foursquare,1.5,0.3,0.5,10,0.005,0.07913607496942528,0.11848145438319051,0.095721573112308,0.18845776385609106,0.05871446229913473,0.057519571487433044,0.25298722702925425,0.45241038318912236,0.6889163576431809
Foursquare,1.5,0.3,0.5,10,0.01,0.0795516811216528,0.12145220743098109,0.09407166995012886,0.1931977776740736,0.05850844664194479,0.05898228265348167,0.26081582200247216,0.4458178821590441,0.6996291718170581
Foursquare,1.5,0.3,0.5,10,0.02,0.08292680666791094,0.12203581193860048,0.09988221736952464,0.1927358908256918,0.05995055624227441,0.05791100123609395,0.2702925422332097,0.4622991347342398,0.6942727647301195
Foursquare,1.5,0.3,1.0,1,0.005,0.07313119879915649,0.11398276186806797,0.08882341086826614,0.18504854984817223,0.05459414915533581,0.05642768850432633,0.23980222496909764,0.4318088174701277,0.672847136382365
Foursquare,1.5,0.3,1.0,1,0.01,0.07572145152854894,0.11614484753912521,0.0915271366499295,0.18559006800149375,0.05492377420683973,0.056551297898640294,0.2426864441697569,0.42027194066749074,0.6749072929542645
Foursquare,1.5,0.3,1.0,1,0.02,0.07674845459781936,0.11676580379525861,0.09207115156682749,0.18685678280846282,0.056983930778739186,0.057128141738772134,0.2488669138854553,0.4330449114132674,0.6843840131850021
Foursquare,1.5,0.3,1.0,3,0.005,0.0733137128934895,0.11525089648105373,0.08833078530143654,0.18727987532898305,0.054264524103831896,0.05683971981870622,0.23279769262463948,0.41326740832303255,0.6819118252987227
Foursquare,1.5,0.3,1.0,3,0.01,0.07735772269589591,0.1182066003930167,0.09471848844692217,0.19089794372342253,0.056571899464359296,0.05733415739596209,0.25257519571487436,0.43551709929954674,0.6909765142150803
Foursquare,1.5,0.3,1.0,3,0.02,0.07634030420603032,0.1164354451208781,0.0924119661128459,0.18668140999804175,0.05562422744128554,0.05640708693860734,0.25010300782859496,0.4293366295838484,0.6798516687268232
Foursquare,1.5,0.3,1.0,5,0.005,0.08052132286943148,0.1189179388840298,0.09658380245275772,0.18740664428560871,0.059332509270704575,0.05718994643592914,0.2624639472599918,0.44911413267408323,0.6839719818706221
Foursquare,1.5,0.3,1.0,5,0.01,0.07778549078489996,0.11845726263495401,0.09452528046849373,0.19043552908513056,0.05681911825298723,0.057148743304491136,0.24969097651421507,0.43716522455706636,0.6889163576431809
Foursquare,1.5,0.3,1.0,5,0.02,0.07779800873143791,0.11811954565610758,0.09595668722171902,0.19072386945608544,0.058220024721878864,0.057952204367531936,0.2480428512566955,0.43716522455706636,0.6909765142150803
Foursquare,1.5,0.3,1.0,10,0.005,0.0826554300930183,0.12131533370163892,0.09983710906705698,0.19122573860365347,0.06003296250515039,0.057807993407498974,0.26782035434693036,0.4515863205603626,0.6905644829007005
Foursquare,1.5,0.3,1.0,10,0.01,0.07955941302428597,0.1199437705634747,0.0964457103061215,0.19064902687675886,0.05842604037906882,0.05824062628759785,0.24598269468479605,0.446229913473424,0.6856201071281417
Foursquare,1.5,0.3,1.0,10,0.02,0.07817914319697032,0.11777489281575962,0.09592591235734153,0.1887337770583527,0.05817882159044087,0.057334157395962086,0.24598269468479605,0.45323444581788214,0.6955088586732592
Foursquare,1.5,0.3,2.0,1,0.005,0.07740335041594949,0.1175359062380515,0.0924140301783869,0.18693029798571337,0.05624227441285538,0.056736711990111245,0.2550473836011537,0.43551709929954674,0.6757313555830243
Foursquare,1.5,0.3,2.0,1,0.01,0.07545669495703838,0.11330357786658517,0.09304417812889967,0.18230592235392756,0.05533580552121962,0.05486196950968274,0.2369180057684384,0.4281005356407087,0.6658426040379068
Foursquare,1.5,0.3,2.0,1,0.02,0.07850442035326717,0.11560928548024674,0.09255993440643077,0.17940375809264952,0.05636588380716935,0.05533580552121962,0.25669550885867326,0.4318088174701277,0.6658426040379068
Foursquare,1.5,0.3,2.0,3,0.005,0.08252150435839378,0.12010765418868698,0.09922217787153143,0.18889517791124544,0.06032138442521632,0.057148743304491136,0.2735887927482489,0.45941491553358055,0.6889163576431809
Foursquare,1.5,0.3,2.0,3,0.01,0.07875324541627854,0.12071536963315901,0.09441727943841663,0.19276131683224002,0.057807993407498974,0.05883807169344871,0.2550473836011537,0.4458178821590441,0.6918005768438401
Foursquare,1.5,0.3,2.0,3,0.02,0.07990048514085805,0.11926376714450025,0.09518162054635756,0.18762149425618357,0.05702513391017719,0.05667490729295427,0.25298722702925425,0.4429336629583848,0.6852080758137619
Foursquare,1.5,0.3,2.0,5,0.005,0.07692852517361554,0.11653895829125807,0.0940050766947858,0.1872095322635578,0.056283477544293366,0.05646889163576432,0.25793160280181293,0.44087350638648537,0.6872682323856613
Foursquare,1.5,0.3,2.0,5,0.01,0.0737395121189905,0.1136973424235808,0.08978900836378793,0.18369152805418024,0.05480016481252575,0.0561186650185414,0.23897816234033786,0.42439225381128964,0.6641944787803873
Foursquare,1.5,0.3,2.0,5,0.02,0.08187218726323897,0.12294987263812153,0.09867227184650072,0.1963419181763305,0.0592088998763906,0.058858673259167694,0.26452410383189123,0.45199835187474247,0.6967449526163988
Foursquare,1.5,0.3,2.0,10,0.005,0.07882260859989373,0.11819849746552463,0.09794799414218903,0.19076246536584918,0.05813761845900289,0.05725175113308611,0.25051503914297485,0.4503502266172229,0.6930366707869798
Foursquare,1.5,0.3,2.0,10,0.01,0.07765864413797256,0.1169137865638507,0.09155890392849204,0.18456581705936204,0.05620107128141739,0.05560362587556655,0.24021425628347753,0.4264524103831891,0.6674907292954264
Foursquare,1.5,0.3,2.0,10,0.02,0.0776362485955221,0.11596659078956088,0.09430939043551129,0.1843516686629316,0.056571899464359296,0.055974454058508455,0.2550473836011537,0.4322208487845076,0.6687268232385661
Foursquare,1.5,0.5,0.2,1,0.005,0.0783606319779428,0.1166507589399311,0.09425242515537618,0.18446909499646594,0.05727235269880511,0.05651009476720231,0.24969097651421507,0.4400494437577256,0.6736711990111248
Foursquare,1.5,0.5,0.2,1,0.01,0.07802778676984905,0.11845990222978083,0.09601477016717823,0.1916040895352676,0.05776679027606098,0.05774618871034199,0.25010300782859496,0.45199835187474247,0.6950968273588792
Foursquare,1.5,0.5,0.2,1,0.02,0.07837901307628407,0.11723810728785061,0.09431186738685156,0.18578820624719647,0.05743716522455706,0.05628347754429337,0.25710754017305315,0.4445817882159044,0.6831479192418624
Foursquare,1.5,0.5,0.2,3,0.005,0.07623389026430062,0.11638255676058283,0.0919484648583176,0.18654815005167216,0.05558302430984755,0.05696332921302019,0.2488669138854553,0.4293366295838484,0.6794396374124434
Foursquare,1.5,0.5,0.2,3,0.01,0.07535445597087163,0.11448405917064185,0.09039857539500333,0.18234187858027784,0.05558302430984754,0.05595385249278945,0.24557066337041616,0.4338689740420272,0.6720230737536053
Foursquare,1.5,0.5,0.2,3,0.02,0.07819698885046261,0.11887095204162526,0.09741642922488272,0.1931147050334942,0.05875566543057272,0.05834363411619284,0.25257519571487436,0.449938195302843,0.6909765142150803
Foursquare,1.5,0.5,0.2,5,0.005,0.07499062033110261,0.11594991326292303,0.09372231811322902,0.19006311379876029,0.05620107128141739,0.05710754017305316,0.23650597445405852,0.43675319324268647,0.6967449526163988
Foursquare,1.5,0.5,0.2,5,0.01,0.07829808354841918,0.11895102172899433,0.09578405669112498,0.19181167112319905,0.057313555830243106,0.05741656365883807,0.2542233209723939,0.45282241450350225,0.6988051091882983
Foursquare,1.5,0.5,0.2,5,0.02,0.07603294181412741,0.11707483689952075,0.09029074304293015,0.18694206250637252,0.055047383601153695,0.05692212608158219,0.25010300782859496,0.43139678615574784,0.680675731355583
Foursquare,1.5,0.5,0.2,10,0.005,0.07752843311522777,0.11799367660260048,0.09418500139804936,0.18911776635447408,0.056407086938607326,0.05710754017305316,0.26370004120313145,0.4433456942727647,0.6872682323856613
Foursquare,1.5,0.5,0.2,10,0.01,0.07373720358213152,0.11478887130920347,0.08625289697925165,0.18390307675012316,0.054017305315203955,0.056098063452822415,0.24392253811289658,0.41944787803873096,0.6687268232385661
Foursquare,1.5,0.5,0.2,10,0.02,0.07803867117377974,0.11838063885638998,0.09477859595608955,0.19006330831573331,0.05760197775030903,0.057684384013185,0.24515863205603625,0.4429336629583848,0.6909765142150803
Foursquare,1.5,0.5,0.5,1,0.005,0.07984318198355259,0.11866804656067603,0.09648067027987964,0.18961033080429635,0.05842604037906882,0.05677791512154924,0.26905644829007,0.4429336629583848,0.6852080758137619
Foursquare,1.5,0.5,0.5,1,0.01,0.07967882006560993,0.11874207974083219,0.09245008722055488,0.1848448757735563,0.0573135558302431,0.05694272764730119,0.2558714462299135,0.4363411619283066,0.6666666666666666
Foursquare,1.5,0.5,0.5,1,0.02,0.07631832023717315,0.11573332327755431,0.09197090846000622,0.18483145330242776,0.05636588380716935,0.056159868149979406,0.24969097651421507,0.43469303667078696,0.680675731355583
Foursquare,1.5,0.5,0.5,3,0.005,0.07769299318039566,0.11690615054557607,0.09298350944314271,0.18602117114633943,0.056942727647301204,0.05683971981870622,0.253811289658014,0.4326328800988875,0.6724351050679852
Foursquare,1.5,0.5,0.5,3,0.01,0.08019917360914271,0.11974171100851388,0.09616858634134276,0.18883717561240201,0.05784919653893696,0.05741656365883807,0.26081582200247216,0.44746600741656367,0.6926246394725999
Foursquare,1.5,0.5,0.5,3,0.02,0.07680012772566902,0.1178143171103854,0.09279959303843074,0.18980290429139837,0.05624227441285538,0.057437165224557066,0.24639472599917595,0.43139678615574784,0.6872682323856613
Foursquare,1.5,0.5,0.5,5,0.005,0.07680522689177138,0.11707594466636362,0.09133512701950691,0.18623210066467047,0.056159868149979406,0.05708693860733416,0.24515863205603625,0.4318088174701277,0.6757313555830243
Foursquare,1.5,0.5,0.5,5,0.01,0.07738911157397724,0.11738558005625944,0.09245085953726197,0.1864238574853381,0.056736711990111245,0.05729295426452411,0.2521631644004944,0.43057272352698805,0.6753193242686444
Foursquare,1.5,0.5,0.5,5,0.02,0.07981105892873988,0.12097633335135,0.09545197395588528,0.19197989715309338,0.056736711990111245,0.05786979810465595,0.26122785331685205,0.44787803873094356,0.6926246394725999
Foursquare,1.5,0.5,0.5,10,0.005,0.08072491458452136,0.12023193249040946,0.09752234942329312,0.18986524001252428,0.0584672435105068,0.057519571487433044,0.2542233209723939,0.45241038318912236,0.6790276060980635
Foursquare,1.5,0.5,0.5,10,0.01,0.07684070688690105,0.1153030436806424,0.09162133603709641,0.18214560214727935,0.05648949320148331,0.05605686032138443,0.2521631644004944,0.43139678615574784,0.6633704161516275
Foursquare,1.5,0.5,0.5,10,0.02,0.07674850315053064,0.1149821507566494,0.0920243892302523,0.18150637515419474,0.0561186650185414,0.05595385249278945,0.24763081994231562,0.43016069221260816,0.6687268232385661
Foursquare,1.5,0.5,1.0,1,0.005,0.08004144445208672,0.12035162367246055,0.0946908868825711,0.19098357699729493,0.0580964153275649,0.05784919653893697,0.26452410383189123,0.4437577255871446,0.6905644829007005
Foursquare,1.5,0.5,1.0,1,0.01,0.07921656460923371,0.11859330879467742,0.09345074175687168,0.18655265529672463,0.05817882159044088,0.057395962093119084,0.2604037906880923,0.44210960032962504,0.6757313555830243
Foursquare,1.5,0.5,1.0,1,0.02,0.08030971400951317,0.11934267039676477,0.09859875330352252,0.19031580453291275,0.059991759373712414,0.057931602801812934,0.2595797280593325,0.46271116604861967,0.6909765142150803
Foursquare,1.5,0.5,1.0,3,0.005,0.07775439141378034,0.11904967924338603,0.09371427326147197,0.19131138327759767,0.05677791512154924,0.05772558714462299,0.2595797280593325,0.4322208487845076,0.6889163576431809
Foursquare,1.5,0.5,1.0,3,0.01,0.07859470205557201,0.11970858110525345,0.09448671386123572,0.19245739968848477,0.057807993407498974,0.058075813761845896,0.25298722702925425,0.4445817882159044,0.6988051091882983
Foursquare,1.5,0.5,1.0,3,0.02,0.07445185357466376,0.11480699614772832,0.09035509750839776,0.1845914961464676,0.054758961681087764,0.05640708693860734,0.242274412855377,0.4210960032962505,0.6707869798104656
Foursquare,1.5,0.5,1.0,5,0.005,0.0770174993130433,0.1168071064401796,0.09316779770922763,0.1873941205492624,0.05624227441285538,0.056551297898640294,0.25010300782859496,0.44169756901524515,0.680675731355583
Foursquare,1.5,0.5,1.0,5,0.01,0.07607736521315477,0.11718340549420782,0.09044690942461198,0.18723964672458443,0.05537700865265761,0.056983930778739186,0.2599917593737124,0.4293366295838484,0.6835599505562423
Foursquare,1.5,0.5,1.0,5,0.02,0.08170239606097145,0.12077204607515588,0.09745555493119314,0.1904480199730163,0.05805521219612691,0.057148743304491136,0.2591676967449526,0.45199835187474247,0.6847960444993819
Foursquare,1.5,0.5,1.0,10,0.005,0.07716130798744074,0.11656248745558188,0.09451909536696114,0.1881147025172248,0.05801400906468891,0.057704985578904,0.25133910177173463,0.44128553770086526,0.6843840131850021
Foursquare,1.5,0.5,1.0,10,0.01,0.07415907972021124,0.11292601824799882,0.09283389074797875,0.18449680368638013,0.0557890399670375,0.05545941491553358,0.23156159868149978,0.4318088174701277,0.673259167696745
Foursquare,1.5,0.5,1.0,10,0.02,0.07820348822178819,0.11932371508621772,0.09417011749762408,0.19235142397852603,0.05776679027606098,0.05791100123609395,0.2546353522867738,0.44252163164400493,0.7008652657601978
Foursquare,1.5,0.5,2.0,1,0.005,0.07705684681323752,0.11797960229245015,0.09199882222877816,0.187660594360647,0.054635352286773804,0.05677791512154924,0.25751957148743304,0.4338689740420272,0.6880922950144212
Foursquare,1.5,0.5,2.0,1,0.01,0.07972883458966706,0.12066113561255741,0.09638235387794612,0.19222575183256432,0.057725587144623,0.058384837247630814,0.2587556654305727,0.4392253811289658,0.6794396374124434
Foursquare,1.5,0.5,2.0,1,0.02,0.07531142053923605,0.11394130744903594,0.09030449617511323,0.18016573819752923,0.054223320972393914,0.05525339925834363,0.2550473836011537,0.4281005356407087,0.6670786979810466
Foursquare,1.5,0.5,2.0,3,0.005,0.08118990812025934,0.12377298998693119,0.09731822701907988,0.19758838607095583,0.05879686856201072,0.05990935311083643,0.2624639472599918,0.4470539761021838,0.6971569839307787
Foursquare,1.5,0.5,2.0,3,0.01,0.0759139442542551,0.11607721152169566,0.09485318161886296,0.1894108253891409,0.056819118252987216,0.057066337041615164,0.25298722702925425,0.4445817882159044,0.6872682323856613
Foursquare,1.5,0.5,2.0,3,0.02,0.07968683395981545,0.12062550867139131,0.094414968778007,0.19094351338532456,0.05793160280181295,0.05861145447053976,0.2550473836011537,0.44746600741656367,0.6967449526163988
Foursquare,1.5,0.5,2.0,5,0.005,0.07760675211487761,0.11723351514018406,0.09113559900859869,0.18409403010952116,0.05603625875566543,0.05661310259579727,0.2550473836011537,0.4330449114132674,0.6872682323856613
Foursquare,1.5,0.5,2.0,5,0.01,0.07838903489586813,0.11569240461991775,0.09470061135478923,0.18221601874817223,0.05632468067573135,0.05535640708693862,0.26328800988875156,0.44787803873094356,0.6749072929542645
Foursquare,1.5,0.5,2.0,5,0.02,0.08021990139036679,0.12042671561852616,0.09570887210538663,0.18936716532440048,0.05871446229913473,0.05871446229913473,0.25257519571487436,0.4400494437577256,0.676967449526164
Foursquare,1.5,0.5,2.0,10,0.005,0.07616683296350055,0.11454122607658548,0.09114964179841849,0.18229742714292732,0.05624227441285538,0.0558096415327565,0.24062628759785742,0.4293366295838484,0.6613102595797281
Foursquare,1.5,0.5,2.0,10,0.01,0.07819568631780532,0.11902644340983673,0.09442075339465496,0.19057831379496734,0.057107540173053147,0.057478368355995055,0.24515863205603625,0.438401318500206,0.6901524515863205
Foursquare,1.5,0.5,2.0,10,0.02,0.07713876032788054,0.11794674771265407,0.09299895413702744,0.19014462521887265,0.05686032138442522,0.05772558714462299,0.2484548825710754,0.43469303667078696,0.6847960444993819
Foursquare,1.5,0.7,0.2,1,0.005,0.07650990127704999,0.11654079769582312,0.09172820342337729,0.18732359384454403,0.056695508858673256,0.05675731355583024,0.25010300782859496,0.43057272352698805,0.673259167696745
Foursquare,1.5,0.7,0.2,1,0.01,0.07742148170318945,0.11538448110341662,0.09241874599329927,0.18254793975643982,0.057395962093119084,0.05599505562422744,0.2517511330861145,0.43716522455706636,0.6613102595797281
Foursquare,1.5,0.7,0.2,1,0.02,0.08337300918366405,0.12436147814982826,0.10068603331416166,0.19669801588480257,0.060238978162340334,0.059414915533580547,0.273176761433869,0.46023897816234033,0.7008652657601978
Foursquare,1.5,0.7,0.2,3,0.005,0.08172213068713283,0.12194549859451657,0.09660947044465905,0.19202553072678033,0.05953852492789452,0.058652657601977756,0.2649361351462711,0.4470539761021838,0.6852080758137619
Foursquare,1.5,0.7,0.2,3,0.01,0.07947740210940725,0.11912661892767283,0.09460214180791199,0.1894655532116089,0.05760197775030903,0.05725175113308611,0.2624639472599918,0.45199835187474247,0.6926246394725999
Foursquare,1.5,0.7,0.2,3,0.02,0.07976747021729659,0.11920819332274739,0.0970078857986374,0.18998284724087672,0.05772558714462299,0.05708693860733416,0.26328800988875156,0.446229913473424,0.681087762669963
Foursquare,1.5,0.7,0.2,5,0.005,0.07607078003661744,0.11520488480405537,0.09163940870748007,0.18332517677225174,0.05620107128141739,0.05636588380716934,0.24145035022661723,0.43057272352698805,0.6757313555830243
Foursquare,1.5,0.7,0.2,5,0.01,0.08003534611838396,0.11942834604198414,0.09629705717135056,0.18956359162685688,0.05945611866501855,0.05819942315615987,0.2657601977750309,0.44087350638648537,0.6802637000412032
Foursquare,1.5,0.7,0.2,5,0.02,0.07785397939694821,0.11644354654458643,0.09505408572446883,0.18635992397371998,0.057066337041615164,0.05632468067573135,0.253811289658014,0.4470539761021838,0.6876802637000412
Foursquare,1.5,0.7,0.2,10,0.005,0.07547999347030376,0.11530317348032701,0.09265591850261401,0.18616347666441332,0.05578903996703748,0.05636588380716935,0.24433456942727647,0.4318088174701277,0.688504326328801
Foursquare,1.5,0.7,0.2,10,0.01,0.07568208310802364,0.1158365251083371,0.090237580662569,0.1857515008863355,0.05562422744128554,0.0565100947672023,0.2426864441697569,0.42356819118252986,0.672847136382365
Foursquare,1.5,0.7,0.2,10,0.02,0.07834339311271143,0.11977397189103318,0.09401451376253989,0.19182073169341282,0.057684384013185,0.05850844664194479,0.2546353522867738,0.4445817882159044,0.6975690152451587
Foursquare,1.5,0.7,0.5,1,0.005,0.07793101566370324,0.12029771476589873,0.09717457619708597,0.1966162258407455,0.057231149567367114,0.05869386073341574,0.24680675731355584,0.4404614750721055,0.7103419859909353
Foursquare,1.5,0.7,0.5,1,0.01,0.07662514047115669,0.1163941714601404,0.09214956316461402,0.18692549029025785,0.05776679027606098,0.05749896992171404,0.2480428512566955,0.43675319324268647,0.6823238566131026
Foursquare,1.5,0.7,0.5,1,0.02,0.08309401401709623,0.12446224784263633,0.10190175049943737,0.19947438009269453,0.06139266584260404,0.06054800164812525,0.25669550885867326,0.46518335393489907,0.7058096415327565
Foursquare,1.5,0.7,0.5,3,0.005,0.0804455516806896,0.12044206170421994,0.09607151921538165,0.18929952243250006,0.05850844664194479,0.057993407498969925,0.2661722290894108,0.4466419447878039,0.6835599505562423
Foursquare,1.5,0.7,0.5,3,0.01,0.079296806599869,0.12087235471177081,0.09551483568701807,0.19359517466339093,0.05727235269880511,0.05830243098475484,0.24927894519983518,0.44087350638648537,0.6913885455294603
Foursquare,1.5,0.7,0.5,3,0.02,0.07836214581695186,0.11747423143078373,0.09567158253995625,0.18809598284319576,0.05797280593325094,0.05714874330449115,0.25133910177173463,0.44252163164400493,0.6872682323856613
Foursquare,1.5,0.7,0.5,5,0.005,0.07468944388562972,0.11448752243025838,0.09131416240158703,0.18484637777070914,0.05537700865265761,0.05642768850432633,0.23939019365471775,0.4322208487845076,0.6753193242686444
Foursquare,1.5,0.7,0.5,5,0.01,0.07609190368165411,0.11722341497513948,0.09158648624160426,0.18922525206460938,0.05628347754429337,0.05741656365883808,0.2521631644004944,0.4326328800988875,0.6814997939843428
Foursquare,1.5,0.7,0.5,5,0.02,0.07734343588831492,0.11746781334932785,0.0934524836879024,0.18841822626346472,0.0561186650185414,0.0569221260815822,0.253811289658014,0.4392253811289658,0.6864441697569015
Foursquare,1.5,0.7,0.5,10,0.005,0.07619019978286093,0.11501872097042971,0.09197221606523692,0.18331215914018872,0.055830243098475486,0.05609806345282243,0.25298722702925425,0.4285125669550886,0.6794396374124434
Foursquare,1.5,0.7,0.5,10,0.01,0.07686645171356275,0.11790109358576212,0.09249601786155838,0.18879298519445267,0.05624227441285538,0.0572929542645241,0.2546353522867738,0.43757725587144625,0.6852080758137619
Foursquare,1.5,0.7,0.5,10,0.02,0.08000537405202318,0.11953946385097289,0.09731191483330383,0.1892816456631907,0.05801400906468892,0.05764318088174702,0.2694684796044499,0.45570663370416153,0.6946847960444994
Foursquare,1.5,0.7,1.0,1,0.005,0.0836972949824454,0.12245448244233446,0.10150867267021815,0.19292115749026226,0.06122785331685209,0.058570251339101764,0.2669962917181706,0.45941491553358055,0.6938607334157396
Foursquare,1.5,0.7,1.0,1,0.01,0.08131610455554168,0.12002551395053716,0.09714571973958082,0.18890255506445428,0.05817882159044087,0.057148743304491136,0.2702925422332097,0.4400494437577256,0.6786155747836835
Foursquare,1.5,0.7,1.0,1,0.02,0.0792033024354116,0.12021845175319774,0.09640021168531375,0.1933732527393335,0.05850844664194479,0.058652657601977756,0.2517511330861145,0.45447053976102186,0.6950968273588792
Foursquare,1.5,0.7,1.0,3,0.005,0.08392429079988785,0.1226228434387745,0.10280618509610001,0.1941414594587298,0.06201071281417388,0.05912649361351463,0.27812113720642767,0.4750721054800165,0.7008652657601978
Foursquare,1.5,0.7,1.0,3,0.01,0.08060725539659251,0.12118674097185568,0.09697245724817657,0.1922782201563253,0.05776679027606098,0.057890399670374945,0.26328800988875156,0.4330449114132674,0.6860321384425216
Foursquare,1.5,0.7,1.0,3,0.02,0.07802281470275282,0.11812151383314791,0.09322195824026047,0.1874849258179907,0.05677791512154924,0.05725175113308611,0.2550473836011537,0.44169756901524515,0.6971569839307787
Foursquare,1.5,0.7,1.0,5,0.005,0.08026484139016686,0.12025532482627715,0.09861310672081422,0.19343380056260784,0.05912649361351463,0.05776679027606098,0.2620519159456119,0.45447053976102186,0.6983930778739185
Foursquare,1.5,0.7,1.0,5,0.01,0.07306332951134559,0.11306933200398064,0.08884533917238105,0.1825339191565667,0.054264524103831896,0.05601565718994643,0.24763081994231562,0.4285125669550886,0.6761433868974042
Foursquare,1.5,0.7,1.0,5,0.02,0.07581605921139441,0.11564988048707557,0.09216658237409024,0.18636742134199424,0.05603625875566543,0.05651009476720231,0.24680675731355584,0.4297486608982283,0.6946847960444994
Foursquare,1.5,0.7,1.0,10,0.005,0.075816949490666,0.11682344592956814,0.09216850889146588,0.1892010672287632,0.055088586732591684,0.05675731355583024,0.24145035022661723,0.43139678615574784,0.6893283889575608
Foursquare,1.5,0.7,1.0,10,0.01,0.08088021093397478,0.12251549930177962,0.09956967778323501,0.19784656392667593,0.0580964153275649,0.05871446229913473,0.25669550885867326,0.4507622579316028,0.7053976102183765
Foursquare,1.5,0.7,1.0,10,0.02,0.07738816908020017,0.11664829736546113,0.09378535346411893,0.18616187889998298,0.05772558714462299,0.05712814173877215,0.24433456942727647,0.43675319324268647,0.6827358879274825
Foursquare,1.5,0.7,2.0,1,0.005,0.07260132074784154,0.11242754105249493,0.08911962471993033,0.18214092430598855,0.054429336629583845,0.05585084466419448,0.2257931602801813,0.42727647301194893,0.6703749484960857
Foursquare,1.5,0.7,2.0,1,0.01,0.07943691252438158,0.12082978127716666,0.09695727163844445,0.19502578129206252,0.0580964153275649,0.058364235681911826,0.24721878862793573,0.44128553770086526,0.6992171405026782
Foursquare,1.5,0.7,2.0,1,0.02,0.07738145695010361,0.11666649766282094,0.09222747950728484,0.1849464325459702,0.056283477544293366,0.05587144622991348,0.2558714462299135,0.4363411619283066,0.6847960444993819
Foursquare,1.5,0.7,2.0,3,0.005,0.08006286401792147,0.11984571726804288,0.0953296161508434,0.18830240136351947,0.057066337041615164,0.05708693860733416,0.25298722702925425,0.44746600741656367,0.6823238566131026
Foursquare,1.5,0.7,2.0,3,0.01,0.0767013001770985,0.11534303223627265,0.09064259121446284,0.18241112935954565,0.05632468067573135,0.055727235269880514,0.24474660074165636,0.4223320972393902,0.6703749484960857
Foursquare,1.5,0.7,2.0,3,0.02,0.08399220857629722,0.12289599038235084,0.10017972740374878,0.19202194923063093,0.06060980634528225,0.058384837247630814,0.26411207251751134,0.45570663370416153,0.696332921302019
Foursquare,1.5,0.7,2.0,5,0.005,0.07755686063323604,0.11537978864098802,0.09656773275037714,0.1855542011746777,0.05760197775030903,0.0561186650185414,0.2542233209723939,0.45447053976102186,0.6856201071281417
Foursquare,1.5,0.7,2.0,5,0.01,0.0750732835481462,0.11560552145397206,0.09080569942422398,0.1870080607509056,0.0557478368355995,0.056736711990111245,0.24680675731355584,0.4264524103831891,0.6860321384425216
Foursquare,1.5,0.7,2.0,5,0.02,0.07636569858567567,0.1158253048397997,0.09466932493936159,0.18708866657644618,0.057807993407498974,0.056880922950144214,0.2430984754841368,0.44829007004532345,0.6889163576431809
Foursquare,1.5,0.7,2.0,10,0.005,0.08136397451465226,0.12179088825868656,0.0965705636322346,0.1923678522699592,0.05842604037906882,0.05813761845900289,0.2702925422332097,0.45859085290482077,0.6930366707869798
Foursquare,1.5,0.7,2.0,10,0.01,0.07417699879760065,0.11497138900623449,0.09048368127138154,0.1859163137477111,0.05496497733827771,0.05692212608158219,0.2484548825710754,0.4318088174701277,0.6794396374124434
Foursquare,1.5,0.7,2.0,10,0.02,0.08015770033226097,0.11979493641955215,0.09727554064611611,0.19098867669557162,0.05871446229913473,0.058055212196126894,0.25751957148743304,0.4466419447878039,0.6872682323856613
Foursquare,1.5,1.0,0.2,1,0.005,0.07755640933398286,0.11948708335275092,0.09301453822934276,0.19158694530951706,0.05677791512154924,0.05819942315615987,0.253811289658014,0.44169756901524515,0.6938607334157396
Foursquare,1.5,1.0,0.2,1,0.01,0.08215294874583745,0.1211064310329728,0.09696101080935403,0.18903154972845587,0.05801400906468892,0.0569221260815822,0.26122785331685205,0.45199835187474247,0.6835599505562423
Foursquare,1.5,1.0,0.2,1,0.02,0.07905896513881866,0.11867206891163323,0.0951866192565157,0.18888259425681522,0.05834363411619283,0.05801400906468892,0.25298722702925425,0.4454058508446642,0.6901524515863205
Foursquare,1.5,1.0,0.2,3,0.005,0.07951946929762281,0.12035582793143595,0.09721726482907095,0.19310070007700822,0.05743716522455706,0.057931602801812934,0.2558714462299135,0.44499381953028433,0.7004532344458179
Foursquare,1.5,1.0,0.2,3,0.01,0.0762757019051311,0.115796585948042,0.09010513031224578,0.1837204724698899,0.05554182117840956,0.056098063452822415,0.2430984754841368,0.42439225381128964,0.6699629171817059
Foursquare,1.5,1.0,0.2,3,0.02,0.07977033481305332,0.11988535326828095,0.09500585637499291,0.18976341706681854,0.05867325916769675,0.05826122785331685,0.26328800988875156,0.4458178821590441,0.6798516687268232
Foursquare,1.5,1.0,0.2,5,0.005,0.07866470539406581,0.11656927204940587,0.09215979168688328,0.18291072475786796,0.05636588380716935,0.05543881334981459,0.2542233209723939,0.4359291306139267,0.6699629171817059
Foursquare,1.5,1.0,0.2,5,0.01,0.0803650826810463,0.11848711942265525,0.09503627070155096,0.18484898147641518,0.0584672435105068,0.05712814173877215,0.2583436341161928,0.43716522455706636,0.6716110424392254
Foursquare,1.5,1.0,0.2,5,0.02,0.07462260991291066,0.1136858360282781,0.09177743377547949,0.1837448473955498,0.05562422744128554,0.055727235269880514,0.2257931602801813,0.43469303667078696,0.6802637000412032
Foursquare,1.5,1.0,0.2,10,0.005,0.07842959645682758,0.11855952927762493,0.09256208137822441,0.18789273991606173,0.05665430572723527,0.057025133910177175,0.261639884631232,0.4359291306139267,0.6786155747836835
Foursquare,1.5,1.0,0.2,10,0.01,0.0762477201942927,0.11620008634873738,0.09356155116932335,0.18866147848383913,0.057148743304491136,0.057313555830243106,0.2591676967449526,0.438401318500206,0.6843840131850021
Foursquare,1.5,1.0,0.2,10,0.02,0.07925245616343311,0.11893479851846324,0.09432722715622699,0.18759137567353212,0.05718994643592914,0.057128141738772134,0.24969097651421507,0.4388133498145859,0.676967449526164
Foursquare,1.5,1.0,0.5,1,0.005,0.07615953431596163,0.11815713445048337,0.09075344874478958,0.1897071429146055,0.055212196126905644,0.05737536052740008,0.25298722702925425,0.42315615986815,0.6852080758137619
Foursquare,1.5,1.0,0.5,1,0.01,0.07766907247978941,0.11753284858696385,0.09311044024699455,0.18733743715555257,0.056159868149979406,0.05677791512154924,0.25092707045735474,0.43510506798516685,0.6744952616398846
Foursquare,1.5,1.0,0.5,1,0.02,0.08034905531327827,0.12123379861257176,0.09749037886768241,0.19427702076716372,0.05838483724763083,0.05803461063040792,0.2521631644004944,0.45570663370416153,0.6946847960444994
Foursquare,1.5,1.0,0.5,3,0.005,0.07761288367547393,0.11796651953485025,0.09404645494225602,0.18887057126076387,0.05681911825298723,0.057498969921714056,0.2554594149155336,0.4396374124433457,0.696332921302019
Foursquare,1.5,1.0,0.5,3,0.01,0.0772973391159794,0.11886751550422996,0.09325185420076623,0.19121528968293766,0.057395962093119084,0.05863205603625876,0.2542233209723939,0.4359291306139267,0.6852080758137619
Foursquare,1.5,1.0,0.5,3,0.02,0.07974919856019577,0.1190770371436865,0.09639802571435323,0.18953219899964796,0.05772558714462299,0.056880922950144214,0.2657601977750309,0.4445817882159044,0.6839719818706221
Foursquare,1.5,1.0,0.5,5,0.005,0.07872851184220224,0.1167078221394968,0.09556959365235922,0.18611817223837065,0.05842604037906882,0.056407086938607326,0.26452410383189123,0.446229913473424,0.6773794808405439
Foursquare,1.5,1.0,0.5,5,0.01,0.0794466666867194,0.12099288157407427,0.09510997230061076,0.19323411230756124,0.057437165224557066,0.05879686856201072,0.2517511330861145,0.4392253811289658,0.6901524515863205
Foursquare,1.5,1.0,0.5,5,0.02,0.07602558560939637,0.11547196915204468,0.09168984927213088,0.1848111601051595,0.05537700865265759,0.0558096415327565,0.24969097651421507,0.4276885043263288,0.6670786979810466
Foursquare,1.5,1.0,0.5,10,0.005,0.07655015421565065,0.11525279372660793,0.09330365630814579,0.18454867640355038,0.05591264936135146,0.05585084466419448,0.24639472599917595,0.4396374124433457,0.672847136382365
Foursquare,1.5,1.0,0.5,10,0.01,0.08186001988012268,0.1232647163118188,0.10052670923620902,0.1978799385839632,0.05953852492789452,0.059332509270704575,0.25710754017305315,0.4437577255871446,0.7049855789039967
Foursquare,1.5,1.0,0.5,10,0.02,0.07943664865835384,0.12086693067727361,0.09644550572164423,0.19374468309358694,0.057148743304491136,0.0580964153275649,0.2546353522867738,0.446229913473424,0.6880922950144212
Foursquare,1.5,1.0,1.0,1,0.005,0.07527838576698778,0.1149048378243089,0.09064070261822593,0.18431050642856048,0.056613102595797285,0.056551297898640294,0.25051503914297485,0.43716522455706636,0.6823238566131026
Foursquare,1.5,1.0,1.0,1,0.01,0.07626602861435915,0.11792041684586509,0.09451396599546386,0.1932228404713827,0.05603625875566543,0.05733415739596211,0.24721878862793573,0.4289245982694685,0.6819118252987227
Foursquare,1.5,1.0,1.0,1,0.02,0.08240161417436066,0.12341705326532626,0.10075908721385725,0.19767327331894066,0.06040379068809229,0.059744540585084466,0.27111660486196953,0.45900288421920066,0.6979810465595385
Foursquare,1.5,1.0,1.0,3,0.005,0.08161466345143926,0.11946591990218434,0.09661925111688503,0.1859910153156948,0.05871446229913473,0.057313555830243106,0.27070457354758964,0.45282241450350225,0.6765554182117841
Foursquare,1.5,1.0,1.0,3,0.01,0.08031025316834808,0.12014001504315334,0.09716441245551903,0.1912300633366332,0.05887927482488668,0.058075813761845896,0.2599917593737124,0.4470539761021838,0.6777915121549237
Foursquare,1.5,1.0,1.0,3,0.02,0.07688149766891761,0.11842145048445142,0.0912063673039969,0.18993501225646348,0.05541821178409559,0.05712814173877215,0.25092707045735474,0.4289245982694685,0.6765554182117841
Foursquare,1.5,1.0,1.0,5,0.005,0.08181942229936362,0.12373217747104878,0.09807903575533526,0.19728885054133694,0.05912649361351463,0.059167696744952626,0.26782035434693036,0.4565306963329213,0.7062216728471363
Foursquare,1.5,1.0,1.0,5,0.01,0.07881466881846688,0.1200750446265113,0.09704345553569187,0.1948724419266919,0.05871446229913473,0.05859085290482076,0.24639472599917595,0.4470539761021838,0.6979810465595385
Foursquare,1.5,1.0,1.0,5,0.02,0.07758496444367237,0.1191221953685925,0.09687530536762143,0.1947762296502566,0.05661310259579727,0.05745776679027607,0.23815409971157808,0.44746600741656367,0.7016893283889576
Foursquare,1.5,1.0,1.0,10,0.005,0.07744507308131846,0.11886485385944556,0.09309495130670656,0.19092838144934218,0.057148743304491136,0.05774618871034199,0.24515863205603625,0.4363411619283066,0.6934487021013597
Foursquare,1.5,1.0,1.0,10,0.01,0.07442365427308947,0.11445790098266054,0.09418441317861653,0.18878368914755816,0.05644829007004532,0.05686032138442522,0.24433456942727647,0.43716522455706636,0.6814997939843428
Foursquare,1.5,1.0,1.0,10,0.02,0.07887074237692364,0.11892585993095665,0.09523610021593876,0.1889565268703822,0.056901524515863215,0.05745776679027605,0.25298722702925425,0.44252163164400493,0.6876802637000412
Foursquare,1.5,1.0,2.0,1,0.005,0.07623118881963048,0.11499097435261625,0.09155971775346326,0.18297958761184577,0.05632468067573135,0.05615986814997939,0.24721878862793573,0.4297486608982283,0.6790276060980635
Foursquare,1.5,1.0,2.0,1,0.01,0.0798298087777171,0.12020680070022953,0.0965215259935258,0.19203299032592638,0.05850844664194479,0.058281829419035855,0.2649361351462711,0.4445817882159044,0.6819118252987227
Foursquare,1.5,1.0,2.0,1,0.02,0.07837586441816768,0.11757861546231442,0.09502390977302658,0.1880798298015146,0.05686032138442522,0.05634528224145035,0.2484548825710754,0.43510506798516685,0.673259167696745
Foursquare,1.5,1.0,2.0,3,0.005,0.07974008686312116,0.11997707138417879,0.09661481286092015,0.19186354310514725,0.05801400906468892,0.05774618871034199,0.2542233209723939,0.4437577255871446,0.6905644829007005
Foursquare,1.5,1.0,2.0,3,0.01,0.0764766938954668,0.1146438058003385,0.09196216837583747,0.18210688819163995,0.0561186650185414,0.05570663370416151,0.24598269468479605,0.43016069221260816,0.665430572723527
Foursquare,1.5,1.0,2.0,3,0.02,0.07421728880163693,0.11430198096311357,0.0906892179274502,0.1858423159616927,0.05512978986402966,0.056098063452822415,0.24557066337041616,0.4289245982694685,0.6765554182117841
Foursquare,1.5,1.0,2.0,5,0.005,0.07725904041960217,0.11673319714122522,0.09356912949564782,0.18636154896706927,0.05694272764730119,0.057148743304491136,0.2546353522867738,0.44087350638648537,0.6773794808405439
Foursquare,1.5,1.0,2.0,5,0.01,0.07774257360636606,0.11854185320333062,0.09306502195770014,0.18904502076771945,0.05677791512154924,0.05727235269880511,0.25793160280181293,0.4441697569015245,0.6782035434693037
Foursquare,1.5,1.0,2.0,5,0.02,0.07672269377168449,0.11765730736871591,0.09300136810242086,0.1898832199772344,0.056571899464359296,0.05735475896168108,0.24515863205603625,0.44252163164400493,0.6839719818706221
Foursquare,1.5,1.0,2.0,10,0.005,0.0787764508062817,0.1185626107534528,0.09539032884395769,0.18952439050005587,0.05743716522455706,0.05708693860733416,0.2517511330861145,0.4437577255871446,0.6814997939843428
Foursquare,1.5,1.0,2.0,10,0.01,0.08152209206580795,0.12076182562120936,0.09975148105404187,0.19211483519709965,0.05978574371652246,0.05834363411619284,0.2604037906880923,0.45488257107540175,0.6852080758137619
Foursquare,1.5,1.0,2.0,10,0.02,0.08307541220342253,0.1223931390591425,0.09796382706659047,0.1906723890625066,0.060486196950968275,0.05910589204779563,0.2669962917181706,0.4569427276473012,0.6868562010712814
Foursquare,2.0,0.3,0.2,1,0.005,0.07864143103786324,0.11900903288002772,0.09199382977064961,0.18797656636192303,0.05694272764730119,0.05702513391017719,0.26122785331685205,0.43675319324268647,0.6798516687268232
Foursquare,2.0,0.3,0.2,1,0.01,0.07948614028317255,0.11860504717056895,0.09858656505424455,0.19094302567668797,0.05867325916769674,0.057313555830243106,0.25298722702925425,0.46271116604861967,0.6901524515863205
Foursquare,2.0,0.3,0.2,1,0.02,0.08159411041087931,0.12178735692991013,0.09710494019329306,0.19213442535821873,0.05760197775030903,0.057993407498969925,0.2554594149155336,0.4441697569015245,0.6918005768438401
Foursquare,2.0,0.3,0.2,3,0.005,0.0798952033942017,0.11878555704128964,0.09621827524276226,0.18812291200736866,0.05859085290482076,0.05727235269880511,0.2624639472599918,0.44911413267408323,0.6864441697569015
Foursquare,2.0,0.3,0.2,3,0.01,0.07975899390106118,0.12006787579275005,0.09835704800161968,0.19282482359873063,0.058384837247630814,0.05795220436753192,0.25010300782859496,0.45282241450350225,0.7025133910177174
Foursquare,2.0,0.3,0.2,3,0.02,0.07664457736700302,0.11512833907491278,0.09346164929529155,0.18412323537227981,0.05694272764730119,0.05651009476720231,0.24557066337041616,0.438401318500206,0.6740832303255048
Foursquare,2.0,0.3,0.2,5,0.005,0.07735120366709844,0.11742640562799844,0.09514007605333412,0.18953069991819363,0.0584672435105068,0.0580964153275649,0.24433456942727647,0.44746600741656367,0.6782035434693037
Foursquare,2.0,0.3,0.2,5,0.01,0.07620378899135857,0.11526481262740851,0.09163270776987274,0.18317520453601102,0.056489493201483325,0.05648949320148331,0.24145035022661723,0.4276885043263288,0.676967449526164
Foursquare,2.0,0.3,0.2,5,0.02,0.08064740496876335,0.11912655427921535,0.0954826945447555,0.1866796556997767,0.05826122785331685,0.05653069633292131,0.26452410383189123,0.44911413267408323,0.6765554182117841
Foursquare,2.0,0.3,0.2,10,0.005,0.0809926869789447,0.12060006228278963,0.0973937548819006,0.1901497745903235,0.059497321796456525,0.058384837247630814,0.26905644829007,0.44870210135970334,0.6790276060980635
Foursquare,2.0,0.3,0.2,10,0.01,0.07498762453425792,0.11580093478149828,0.0919235584059972,0.18935648722774567,0.05640708693860734,0.057128141738772134,0.2356819118252987,0.43428100535640707,0.6852080758137619
Foursquare,2.0,0.3,0.2,10,0.02,0.07132796225865427,0.1108538451855879,0.08621889525971031,0.17958132421999273,0.0534816646065101,0.0550267820354347,0.22249690976514216,0.4157395962093119,0.6724351050679852
Foursquare,2.0,0.3,0.5,1,0.005,0.08142544766407757,0.12129209066423764,0.09839365470248834,0.1929358868757508,0.05962093119077049,0.05850844664194479,0.2698805109188298,0.46600741656365885,0.6971569839307787
Foursquare,2.0,0.3,0.5,1,0.01,0.08023381641120225,0.11982221143151611,0.09613849955346698,0.18969488253150682,0.0592501030078286,0.05801400906468892,0.25751957148743304,0.4466419447878039,0.6856201071281417
Foursquare,2.0,0.3,0.5,1,0.02,0.07422195747348741,0.11432727428010982,0.08918906690644504,0.18328706002336656,0.05484136794396375,0.05636588380716935,0.23939019365471775,0.42027194066749074,0.6724351050679852
Foursquare,2.0,0.3,0.5,3,0.005,0.07875185525863758,0.11976328513160697,0.09444903821290558,0.1919703755673543,0.057025133910177175,0.05718994643592914,0.25339925834363414,0.4363411619283066,0.6893283889575608
Foursquare,2.0,0.3,0.5,3,0.01,0.07836667645744397,0.11674075239898178,0.09387999236591386,0.18465376289859825,0.05760197775030903,0.05632468067573135,0.2620519159456119,0.4396374124433457,0.6765554182117841
Foursquare,2.0,0.3,0.5,3,0.02,0.08226393090383124,0.12159035527770994,0.09869168125260215,0.1916526927543434,0.05953852492789452,0.05774618871034199,0.2657601977750309,0.4565306963329213,0.6992171405026782
Foursquare,2.0,0.3,0.5,5,0.005,0.08110113458308316,0.12247633713888076,0.09844791429642093,0.1965865897165187,0.0599917593737124,0.05931190770498559,0.2583436341161928,0.45241038318912236,0.6975690152451587
Foursquare,2.0,0.3,0.5,5,0.01,0.0730531764377883,0.11393618711753645,0.08846837725302518,0.18576696025731693,0.05492377420683973,0.056221672847136375,0.2360939431396786,0.4177997527812114,0.681087762669963
Foursquare,2.0,0.3,0.5,5,0.02,0.08074441550569295,0.1238430960124852,0.09802002825197736,0.20058595871419777,0.059744540585084466,0.060671611042439226,0.25133910177173463,0.44128553770086526,0.7008652657601978
Foursquare,2.0,0.3,0.5,10,0.005,0.07875879198982562,0.1196345691187143,0.09789129045786894,0.1941694647274029,0.0580964153275649,0.05817882159044087,0.2550473836011537,0.4429336629583848,0.6897404202719407
Foursquare,2.0,0.3,0.5,10,0.01,0.08109721160845544,0.12124764603335052,0.0986177213240043,0.19354132526070034,0.059167696744952626,0.058487845076225786,0.26782035434693036,0.4458178821590441,0.6868562010712814
Foursquare,2.0,0.3,0.5,10,0.02,0.0807897778926653,0.1209230961792845,0.09790126446358666,0.19307712711126376,0.05970333745364648,0.058652657601977756,0.25793160280181293,0.4503502266172229,0.6934487021013597
Foursquare,2.0,0.3,1.0,1,0.005,0.07747061754714092,0.11840877647212333,0.09275139514333565,0.18926873905594307,0.05599505562422744,0.05671611042439226,0.25133910177173463,0.4293366295838484,0.6876802637000412
Foursquare,2.0,0.3,1.0,1,0.01,0.07807190197144552,0.12004545620818312,0.09396790156730238,0.193247775128583,0.0569015245158632,0.058220024721878864,0.25257519571487436,0.438401318500206,0.6876802637000412
Foursquare,2.0,0.3,1.0,1,0.02,0.07400708884839939,0.1135475344528675,0.08900944449490462,0.18135565612316404,0.055212196126905644,0.05632468067573135,0.24927894519983518,0.43551709929954674,0.6736711990111248
Foursquare,2.0,0.3,1.0,3,0.005,0.07673639000688615,0.11765881274796763,0.09466864285527109,0.1910843274817,0.05805521219612691,0.05826122785331685,0.2430984754841368,0.43675319324268647,0.6893283889575608
Foursquare,2.0,0.3,1.0,3,0.01,0.0757936183980684,0.11314769578683628,0.09286863635240881,0.18058166120538116,0.0565306963329213,0.05504738360115369,0.253811289658014,0.4396374124433457,0.6716110424392254
Foursquare,2.0,0.3,1.0,3,0.02,0.07968183242987491,0.12182044683430096,0.09583828425836713,0.19476824607900928,0.057148743304491136,0.058549649773382784,0.2587556654305727,0.44870210135970334,0.6975690152451587
Foursquare,2.0,0.3,1.0,5,0.005,0.0780897362927848,0.11789624584376927,0.09315541972894854,0.18756726086516293,0.05826122785331685,0.05776679027606098,0.24721878862793573,0.43428100535640707,0.6893283889575608
Foursquare,2.0,0.3,1.0,5,0.01,0.07489956082930514,0.11546481219120515,0.0904313995765397,0.18618005067407783,0.05595385249278945,0.05679851668726824,0.24969097651421507,0.4264524103831891,0.6724351050679852
Foursquare,2.0,0.3,1.0,5,0.02,0.07733920685040846,0.11827141877179792,0.09452568188447491,0.19092579687256886,0.05686032138442522,0.057725587144623,0.24351050679851668,0.4404614750721055,0.688504326328801
Foursquare,2.0,0.3,1.0,10,0.005,0.07882050903968016,0.11954663366455641,0.09408466803780816,0.1912485077668613,0.05640708693860734,0.05708693860733416,0.2554594149155336,0.4363411619283066,0.6950968273588792
Foursquare,2.0,0.3,1.0,10,0.01,0.07777088575632238,0.11500011466450771,0.09557168456163685,0.1826185500489444,0.057931602801812934,0.05585084466419448,0.25710754017305315,0.4540585084466419,0.6782035434693037
Foursquare,2.0,0.3,1.0,10,0.02,0.07586767826393796,0.11642171473483835,0.09431026704480888,0.18898415517206768,0.05657189946435928,0.05764318088174702,0.2430984754841368,0.4322208487845076,0.6650185414091471
Foursquare,2.0,0.3,2.0,1,0.005,0.07763000154630363,0.11446341747624346,0.09179455083718369,0.17910075087466326,0.05628347754429337,0.0550061804697157,0.2480428512566955,0.4297486608982283,0.6658426040379068
Foursquare,2.0,0.3,2.0,1,0.01,0.0774073723035056,0.11740457107518983,0.0926263480659968,0.1876076352715705,0.05558302430984755,0.056098063452822415,0.24927894519983518,0.43469303667078696,0.6905644829007005
Foursquare,2.0,0.3,2.0,1,0.02,0.07858016765314957,0.11789830228837762,0.09571274627342416,0.1887401830826989,0.05797280593325092,0.05721054800164813,0.26452410383189123,0.4404614750721055,0.6872682323856613
Foursquare,2.0,0.3,2.0,3,0.005,0.0818389160877168,0.12090151009274056,0.09723107182608148,0.1893269218737338,0.05846724351050679,0.05716934487021014,0.2657601977750309,0.453646477132262,0.6790276060980635
Foursquare,2.0,0.3,2.0,3,0.01,0.07946133640470983,0.11929701229522063,0.09646302986427431,0.1905039584469294,0.058384837247630814,0.05791100123609395,0.25628347754429337,0.4565306963329213,0.6872682323856613
Foursquare,2.0,0.3,2.0,3,0.02,0.07739970382901115,0.11809969057368161,0.09130694725602859,0.18830510309262563,0.056489493201483325,0.05704573547589616,0.2488669138854553,0.43139678615574784,0.6843840131850021
Foursquare,2.0,0.3,2.0,5,0.005,0.07375431622975513,0.11269127511339803,0.09148449231562503,0.18350636176052867,0.055047383601153695,0.055212196126905644,0.23362175525339926,0.4326328800988875,0.681087762669963
Foursquare,2.0,0.3,2.0,5,0.01,0.0781963020533259,0.11854689618280603,0.09597670662885446,0.1911128720437561,0.05830243098475484,0.05791100123609395,0.24433456942727647,0.44169756901524515,0.6893283889575608
Foursquare,2.0,0.3,2.0,5,0.02,0.07987679263824386,0.12011849500535482,0.0968441649902218,0.19083961992486548,0.05908529048207664,0.05867325916769674,0.2521631644004944,0.4445817882159044,0.6889163576431809
Foursquare,2.0,0.3,2.0,10,0.005,0.07789443551339463,0.11921041264884494,0.09319265025067623,0.1915404651561288,0.056983930778739186,0.05786979810465596,0.24639472599917595,0.438401318500206,0.6823238566131026
Foursquare,2.0,0.3,2.0,10,0.01,0.07723407311154105,0.11765937383346921,0.0928623313183872,0.18904641372940434,0.057519571487433044,0.05758137618459003,0.2488669138854553,0.43510506798516685,0.6926246394725999
Foursquare,2.0,0.3,2.0,10,0.02,0.081496643677422,0.12094227040617306,0.09924202201878127,0.19274892555080836,0.06019777503090236,0.05803461063040792,0.2587556654305727,0.4643592913061393,0.6979810465595385
Foursquare,2.0,0.5,0.2,1,0.005,0.0765152825641647,0.1157832355804936,0.09258549044244577,0.1857844216657692,0.05620107128141739,0.05626287597857438,0.24351050679851668,0.4322208487845076,0.6782035434693037
Foursquare,2.0,0.5,0.2,1,0.01,0.0750347206626582,0.11671141320656726,0.09273422753002314,0.19001403181406928,0.05587144622991348,0.057725587144623,0.24969097651421507,0.4330449114132674,0.688504326328801
Foursquare,2.0,0.5,0.2,1,0.02,0.07727524643966388,0.11656656630618288,0.09106150189942087,0.1847998833279203,0.05595385249278945,0.05595385249278945,0.25010300782859496,0.4285125669550886,0.6753193242686444
Foursquare,2.0,0.5,0.2,3,0.005,0.07579410312791869,0.1157539813782055,0.09153307078666252,0.18587236281007055,0.05677791512154924,0.057066337041615164,0.25628347754429337,0.43098475484136795,0.6823238566131026
Foursquare,2.0,0.5,0.2,3,0.01,0.07931323693711555,0.11839332678678993,0.09413648217315587,0.18655675134578595,0.05805521219612691,0.0569221260815822,0.26122785331685205,0.44499381953028433,0.6798516687268232
Foursquare,2.0,0.5,0.2,3,0.02,0.07539046271599509,0.11663980478106611,0.09048858100421318,0.18790356849116568,0.0561186650185414,0.057498969921714056,0.24969097651421507,0.4285125669550886,0.6839719818706221
Foursquare,2.0,0.5,0.2,5,0.005,0.07748757238389802,0.11699723558602354,0.09344888594075984,0.1866943857436612,0.05603625875566543,0.05624227441285538,0.2554594149155336,0.4441697569015245,0.680675731355583
Foursquare,2.0,0.5,0.2,5,0.01,0.0778730557148509,0.11749204348956528,0.09626202769704766,0.19021670019215012,0.05665430572723528,0.05634528224145035,0.2517511330861145,0.44087350638648537,0.6942727647301195
Foursquare,2.0,0.5,0.2,5,0.02,0.07354587155539424,0.11345850760560769,0.09014969059911686,0.18649842600201075,0.054758961681087764,0.05533580552121962,0.24062628759785742,0.42480428512566953,0.6847960444993819
Foursquare,2.0,0.5,0.2,10,0.005,0.07375645948383372,0.113709345065395,0.08948049714360017,0.1836522568042736,0.05517099299546765,0.056015657189946444,0.24145035022661723,0.4227441285537701,0.6646065100947672
Foursquare,2.0,0.5,0.2,10,0.01,0.07928609025964466,0.11866657069028808,0.0961383749548753,0.18876564165169388,0.057519571487433044,0.05704573547589616,0.2587556654305727,0.4433456942727647,0.6802637000412032
Foursquare,2.0,0.5,0.2,10,0.02,0.0789140123597295,0.1195098490551939,0.09622755831050694,0.19158504123265158,0.05817882159044087,0.05801400906468892,0.2583436341161928,0.4515863205603626,0.6934487021013597
Foursquare,2.0,0.5,0.5,1,0.005,0.07927595224674779,0.11907373063075359,0.09478445590421755,0.18944006152104237,0.05817882159044088,0.05741656365883807,0.27070457354758964,0.45529460238978164,0.6971569839307787
Foursquare,2.0,0.5,0.5,1,0.01,0.081073852640866,0.12048095044041958,0.09847279775238978,0.19083783674801066,0.05916769674495261,0.0580964153275649,0.2649361351462711,0.4573547589616811,0.6897404202719407
Foursquare,2.0,0.5,0.5,1,0.02,0.07620752330582543,0.11601736886316989,0.09102079277536036,0.18576507317438773,0.05508858673259167,0.055830243098475486,0.24351050679851668,0.42480428512566953,0.6679027606098064
Foursquare,2.0,0.5,0.5,3,0.005,0.07742724733939803,0.11840148161291972,0.09381209861128105,0.18982745409873883,0.05677791512154923,0.057519571487433044,0.25710754017305315,0.43551709929954674,0.6794396374124434
Foursquare,2.0,0.5,0.5,3,0.01,0.07700815056130184,0.11730816374509552,0.09406172448483777,0.1892110062685952,0.0573135558302431,0.057395962093119084,0.23980222496909764,0.43716522455706636,0.6814997939843428
Foursquare,2.0,0.5,0.5,3,0.02,0.0729326432263626,0.11208346410093842,0.08876550773438967,0.1793052019799545,0.054305727235269885,0.055706633704161526,0.23403378656777915,0.4182117840955913,0.6679027606098064
Foursquare,2.0,0.5,0.5,5,0.005,0.077023566646596,0.11635728523962703,0.09501263876934038,0.18755407776032246,0.05826122785331685,0.05727235269880511,0.24639472599917595,0.44829007004532345,0.6852080758137619
Foursquare,2.0,0.5,0.5,5,0.01,0.07932246429687274,0.11967414107001517,0.09682912899435646,0.19304796461997528,0.05854964977338278,0.057993407498969925,0.25793160280181293,0.449938195302843,0.6765554182117841
Foursquare,2.0,0.5,0.5,5,0.02,0.07730047790142688,0.11764238685964325,0.0931272828973902,0.18868499133613817,0.057025133910177175,0.05754017305315203,0.24680675731355584,0.4441697569015245,0.6876802637000412
Foursquare,2.0,0.5,0.5,10,0.005,0.08016259594779866,0.11893608292884225,0.09737979560247656,0.1896801916301039,0.05970333745364648,0.05774618871034198,0.25710754017305315,0.449938195302843,0.6852080758137619
Foursquare,2.0,0.5,0.5,10,0.01,0.07516536399802733,0.11512670765284887,0.0914537015122787,0.18554511191705444,0.055212196126905644,0.05607746188710343,0.24598269468479605,0.4318088174701277,0.6777915121549237
Foursquare,2.0,0.5,0.5,10,0.02,0.07838997377276458,0.1169842602028471,0.09416102428239147,0.18459080537074002,0.05686032138442522,0.05605686032138442,0.2558714462299135,0.4338689740420272,0.6777915121549237
Foursquare,2.0,0.5,1.0,1,0.005,0.07975386135028191,0.11967246581263928,0.09613755304002458,0.19092937911915164,0.05908529048207664,0.057952204367531936,0.2542233209723939,0.45447053976102186,0.6872682323856613
Foursquare,2.0,0.5,1.0,1,0.01,0.07576882947547944,0.11423454312619263,0.09000846087887994,0.18250242070799175,0.05566543057272354,0.05515039142974866,0.25092707045735474,0.42686444169756904,0.672847136382365
Foursquare,2.0,0.5,1.0,1,0.02,0.08076875068765131,0.12015667590978638,0.09723804468013665,0.18972144380740968,0.05834363411619283,0.05756077461887103,0.265348166460651,0.45488257107540175,0.6934487021013597
Foursquare,2.0,0.5,1.0,3,0.005,0.08010432486476136,0.12075721464663855,0.09787171135422079,0.19401784062106286,0.058220024721878864,0.05786979810465595,0.2517511330861145,0.4429336629583848,0.6967449526163988
Foursquare,2.0,0.5,1.0,3,0.01,0.08167611669559738,0.12104599163278924,0.09886386967022948,0.19162958143653527,0.05912649361351463,0.057828594973217975,0.26452410383189123,0.4437577255871446,0.6946847960444994
Foursquare,2.0,0.5,1.0,3,0.02,0.07939987551760253,0.11866936736995698,0.09533515934800936,0.1886389447610665,0.05801400906468892,0.05729295426452411,0.26328800988875156,0.4466419447878039,0.6897404202719407
Foursquare,2.0,0.5,1.0,5,0.005,0.07468697452992117,0.1150370066233777,0.090064680363221,0.18457723774004328,0.054305727235269885,0.05591264936135146,0.23897816234033786,0.4182117840955913,0.6740832303255048
Foursquare,2.0,0.5,1.0,5,0.01,0.08237896950444484,0.12102647244076771,0.10058825354706848,0.19232196221748685,0.05995055624227441,0.05778739184177997,0.265348166460651,0.4606510094767202,0.6897404202719407
Foursquare,2.0,0.5,1.0,5,0.02,0.07408956551631055,0.11416076346371559,0.09100389107233532,0.18462350199840605,0.05393489905232798,0.05566543057272352,0.2373300370828183,0.43098475484136795,0.6744952616398846
Foursquare,2.0,0.5,1.0,10,0.005,0.07555511056005677,0.11682708806448956,0.09153444113071395,0.18931553450475277,0.05599505562422744,0.05725175113308611,0.24721878862793573,0.4318088174701277,0.6950968273588792
Foursquare,2.0,0.5,1.0,10,0.01,0.07821537306567165,0.11980294182179399,0.09585706648185784,0.19383868923460534,0.0580964153275649,0.05850844664194479,0.2583436341161928,0.4470539761021838,0.6996291718170581
Foursquare,2.0,0.5,1.0,10,0.02,0.07913649606815866,0.11995576794400804,0.09487586019500241,0.1911052187092369,0.05653069633292131,0.05735475896168108,0.2554594149155336,0.4363411619283066,0.69221260815822
Foursquare,2.0,0.5,2.0,1,0.005,0.07921214120815262,0.11963805410086145,0.09651958698088943,0.1925928945666994,0.059167696744952626,0.05824062628759785,0.24557066337041616,0.446229913473424,0.688504326328801
Foursquare,2.0,0.5,2.0,1,0.01,0.08098376174307582,0.11945244807201043,0.0978267674052036,0.18892618170215283,0.05962093119077049,0.05772558714462299,0.2604037906880923,0.4639472599917594,0.688504326328801
Foursquare,2.0,0.5,2.0,1,0.02,0.07608360981899806,0.11669136750005357,0.09012372820780436,0.1861268943610045,0.05587144622991348,0.05681911825298723,0.2554594149155336,0.4252163164400494,0.6864441697569015
Foursquare,2.0,0.5,2.0,3,0.005,0.07848484663065461,0.11873283154030319,0.0953258446352166,0.18996332254791903,0.057643180881747004,0.05745776679027605,0.26287597857437167,0.45900288421920066,0.7025133910177174
Foursquare,2.0,0.5,2.0,3,0.01,0.07557741463073217,0.11640127920631282,0.09198033515456763,0.18767858848726995,0.05541821178409559,0.05681911825298723,0.24680675731355584,0.43469303667078696,0.673259167696745
Foursquare,2.0,0.5,2.0,3,0.02,0.07506060845684162,0.1156502088384822,0.09306785214460833,0.189384840149614,0.056571899464359296,0.05725175113308611,0.242274412855377,0.43757725587144625,0.6872682323856613
Foursquare,2.0,0.5,2.0,5,0.005,0.0765527332816365,0.11620803642740446,0.09268855836091244,0.1855513340212497,0.05591264936135146,0.056427688504326334,0.25710754017305315,0.4404614750721055,0.6641944787803873
Foursquare,2.0,0.5,2.0,5,0.01,0.07615886445449363,0.11523820836917935,0.09113367001329231,0.18376963276791455,0.05603625875566543,0.05570663370416151,0.242274412855377,0.43551709929954674,0.6637824474660075
Foursquare,2.0,0.5,2.0,5,0.02,0.07839415725516949,0.11779989690432859,0.09358827849664922,0.18698914589081095,0.058384837247630814,0.05756077461887104,0.24721878862793573,0.438401318500206,0.6868562010712814
Foursquare,2.0,0.5,2.0,10,0.005,0.08075185633982822,0.12162591484128388,0.09792054200598821,0.19485916303500184,0.05883807169344871,0.05826122785331685,0.26081582200247216,0.4511742892459827,0.7004532344458179
Foursquare,2.0,0.5,2.0,10,0.01,0.07562077209746534,0.11584642989941005,0.09265572343100521,0.18752676980126476,0.05599505562422744,0.05718994643592914,0.24598269468479605,0.44169756901524515,0.6852080758137619
Foursquare,2.0,0.5,2.0,10,0.02,0.07549653872341099,0.11452692744589046,0.09080124061728657,0.18277785767977284,0.05607746188710342,0.05638648537288834,0.2521631644004944,0.43057272352698805,0.6720230737536053
Foursquare,2.0,0.7,0.2,1,0.005,0.07891254991114298,0.11853124113402777,0.09464051180319118,0.18755150168762277,0.05756077461887103,0.057540173053152045,0.25793160280181293,0.4437577255871446,0.6852080758137619
Foursquare,2.0,0.7,0.2,1,0.01,0.08249056895361723,0.12418082897150615,0.09836163369443786,0.196781530750779,0.05916769674495261,0.0592295014421096,0.26081582200247216,0.4466419447878039,0.695920889987639
Foursquare,2.0,0.7,0.2,1,0.02,0.0813754753682688,0.12087142816549785,0.09729946956242995,0.19016874849291526,0.05813761845900288,0.05743716522455706,0.265348166460651,0.45323444581788214,0.688504326328801
Foursquare,2.0,0.7,0.2,3,0.005,0.0740043751357409,0.11369505585022559,0.08839049303493078,0.1820975780677389,0.054841367943963736,0.05589204779563247,0.24062628759785742,0.41697569015245156,0.669138854552946
Foursquare,2.0,0.7,0.2,3,0.01,0.07743733036823072,0.11638944726127953,0.09472893242524352,0.186357435944208,0.05677791512154924,0.05665430572723527,0.242274412855377,0.43510506798516685,0.6740832303255048
Foursquare,2.0,0.7,0.2,3,0.02,0.07672216157847432,0.11583059198238464,0.0929657712438758,0.1849983678037524,0.05603625875566543,0.055830243098475486,0.25010300782859496,0.43469303667078696,0.6707869798104656
Foursquare,2.0,0.7,0.2,5,0.005,0.08035968323155444,0.11950406774898714,0.09520931163172815,0.18702661371980994,0.05892047795632468,0.05791100123609395,0.26740832303255047,0.4404614750721055,0.6847960444993819
Foursquare,2.0,0.7,0.2,5,0.01,0.08110273620480209,0.12134234698836097,0.09777508623746624,0.19302295549985327,0.05801400906468892,0.05784919653893696,0.25133910177173463,0.4429336629583848,0.6852080758137619
Foursquare,2.0,0.7,0.2,5,0.02,0.07780948529045378,0.11791149758723939,0.09335982335229,0.18700734347304182,0.05686032138442522,0.05791100123609395,0.253811289658014,0.43798928718582614,0.6876802637000412
Foursquare,2.0,0.7,0.2,10,0.005,0.08055473261917663,0.12026545052663579,0.09468228352713193,0.18895288551866152,0.05830243098475484,0.05733415739596209,0.26328800988875156,0.44746600741656367,0.681087762669963
Foursquare,2.0,0.7,0.2,10,0.01,0.07446411576811551,0.11411742018344617,0.08857313646300674,0.1825406828956356,0.05426452410383189,0.055356407086938605,0.24515863205603625,0.41903584672435107,0.6703749484960857
Foursquare,2.0,0.7,0.2,10,0.02,0.07467158744114773,0.1142251801157881,0.08795933665228184,0.18128250294222348,0.0550061804697157,0.05609806345282241,0.242274412855377,0.41944787803873096,0.6711990111248455
Foursquare,2.0,0.7,0.5,1,0.005,0.07960095993112992,0.11911838864218927,0.09501686509496898,0.1885155324807816,0.05863205603625876,0.05774618871034199,0.2620519159456119,0.44210960032962504,0.6889163576431809
Foursquare,2.0,0.7,0.5,1,0.01,0.08091271932108152,0.1214934484941329,0.096778137111997,0.19338042250682336,0.058220024721878864,0.05811701689328389,0.26287597857437167,0.44911413267408323,0.6930366707869798
Foursquare,2.0,0.7,0.5,1,0.02,0.07899561548709386,0.11945771294252047,0.09879384945327148,0.19481961911664925,0.059414915533580547,0.05861145447053976,0.2517511330861145,0.4573547589616811,0.6983930778739185
Foursquare,2.0,0.7,0.5,3,0.005,0.07475607667903637,0.11414464711756936,0.09169826760461171,0.1844831708324421,0.05628347754429337,0.05663370416151627,0.23897816234033786,0.42686444169756904,0.6744952616398846
Foursquare,2.0,0.7,0.5,3,0.01,0.08428242736952105,0.12456029045281025,0.09920610380206726,0.19381885600446166,0.059332509270704575,0.059147095179233625,0.27441285537700866,0.4503502266172229,0.6905644829007005
Foursquare,2.0,0.7,0.5,3,0.02,0.07877934664038033,0.11753550041854632,0.09605813186538144,0.1875070637278812,0.05784919653893696,0.05681911825298723,0.2484548825710754,0.449938195302843,0.6814997939843428
Foursquare,2.0,0.7,0.5,5,0.005,0.07973320068684794,0.11963627577716111,0.0959570571301696,0.19065622038277388,0.05813761845900288,0.05714874330449115,0.26864441697569014,0.45241038318912236,0.6971569839307787
Foursquare,2.0,0.7,0.5,5,0.01,0.077021868553723,0.11603319361551666,0.0925338022810439,0.18457666699707628,0.0562010712814174,0.05638648537288834,0.24969097651421507,0.43016069221260816,0.6794396374124434
Foursquare,2.0,0.7,0.5,5,0.02,0.08054180541933924,0.11930080215910334,0.09765970877744881,0.18928377337502397,0.05871446229913473,0.05716934487021014,0.261639884631232,0.4606510094767202,0.6946847960444994
Foursquare,2.0,0.7,0.5,10,0.005,0.07766442466772616,0.11762826876471205,0.09433653084453661,0.188338092155699,0.05718994643592914,0.05764318088174702,0.25051503914297485,0.4363411619283066,0.6889163576431809
Foursquare,2.0,0.7,0.5,10,0.01,0.07822156797378665,0.11655788798478957,0.09255381251686003,0.18286450441079777,0.05595385249278945,0.05562422744128554,0.2587556654305727,0.43016069221260816,0.6736711990111248
Foursquare,2.0,0.7,0.5,10,0.02,0.07877164513537338,0.11941822161087214,0.09661528384062563,0.19204238997692633,0.05830243098475484,0.05836423568191182,0.2550473836011537,0.4466419447878039,0.6852080758137619
Foursquare,2.0,0.7,1.0,1,0.005,0.07495270245794733,0.11590461812631432,0.08963730891419382,0.18625871861967344,0.05426452410383189,0.055974454058508455,0.24351050679851668,0.4227441285537701,0.6819118252987227
Foursquare,2.0,0.7,1.0,1,0.01,0.08001798749369912,0.12117300231650051,0.09905513501224024,0.1960160846539253,0.05982694684796045,0.059147095179233625,0.2665842604037907,0.4540585084466419,0.696332921302019
Foursquare,2.0,0.7,1.0,1,0.02,0.07929665291365177,0.11897626817872582,0.09707286610858179,0.18992492253551013,0.0584672435105068,0.05784919653893695,0.265348166460651,0.4565306963329213,0.6950968273588792
Foursquare,2.0,0.7,1.0,3,0.005,0.0777062886071749,0.11808770234202536,0.09259533494745013,0.1886173421585278,0.05772558714462299,0.05762257931602803,0.2604037906880923,0.43510506798516685,0.6814997939843428
Foursquare,2.0,0.7,1.0,3,0.01,0.07630830528910212,0.11620836729588345,0.09322399418721306,0.18752532954067888,0.05665430572723527,0.05683971981870622,0.2517511330861145,0.4363411619283066,0.6786155747836835
Foursquare,2.0,0.7,1.0,3,0.02,0.0791565946512625,0.11908484690661285,0.09668870464290842,0.19143639062085535,0.0580964153275649,0.05745776679027605,0.25051503914297485,0.4495261639884631,0.6950968273588792
Foursquare,2.0,0.7,1.0,5,0.005,0.07746460512277749,0.11657703876699868,0.0913085575256981,0.18328277392820164,0.057313555830243106,0.05710754017305316,0.2546353522867738,0.4338689740420272,0.6716110424392254
Foursquare,2.0,0.7,1.0,5,0.01,0.0766691461740742,0.11747353550991703,0.09231525372927057,0.18784643228272696,0.0561186650185414,0.05708693860733416,0.2591676967449526,0.43675319324268647,0.6847960444993819
Foursquare,2.0,0.7,1.0,5,0.02,0.07909964926082823,0.11970864508634413,0.09517932453990702,0.1906012828966093,0.057890399670374945,0.0580964153275649,0.2583436341161928,0.4466419447878039,0.6880922950144212
Foursquare,2.0,0.7,1.0,10,0.005,0.08037999210466035,0.11959109846842901,0.09751968588959109,0.18899941448836263,0.0584672435105068,0.057684384013185,0.2657601977750309,0.4581788215904409,0.6876802637000412
Foursquare,2.0,0.7,1.0,10,0.01,0.0785321807206808,0.11860893163753561,0.09316589774700973,0.18696283561692786,0.05591264936135147,0.0565100947672023,0.25793160280181293,0.43098475484136795,0.6827358879274825
Foursquare,2.0,0.7,1.0,10,0.02,0.07830991088583178,0.11934536371351404,0.09349122435150528,0.19143040617679283,0.05743716522455706,0.057993407498969925,0.2604037906880923,0.43757725587144625,0.6955088586732592
Foursquare,2.0,0.7,2.0,1,0.005,0.07450176745568152,0.11484108931421627,0.09151843934425938,0.18524320228430358,0.054758961681087764,0.05636588380716935,0.2373300370828183,0.43016069221260816,0.6699629171817059
Foursquare,2.0,0.7,2.0,1,0.01,0.08176242665140103,0.12171595598982814,0.09857785471942994,0.19314715795562037,0.05912649361351463,0.05813761845900289,0.2661722290894108,0.45241038318912236,0.6934487021013597
Foursquare,2.0,0.7,2.0,1,0.02,0.07721616167700014,0.11808257287615694,0.09141824075405379,0.1882663032402098,0.057395962093119084,0.05805521219612692,0.2488669138854553,0.42439225381128964,0.673259167696745
Foursquare,2.0,0.7,2.0,3,0.005,0.0799729862572921,0.11866949803928077,0.09699707780751939,0.18895258958585753,0.059002884219200656,0.057066337041615164,0.26740832303255047,0.4466419447878039,0.6827358879274825
Foursquare,2.0,0.7,2.0,3,0.01,0.07399803744445367,0.11490057790147126,0.09000518529577248,0.1869914457178921,0.05405850844664194,0.0561186650185414,0.24145035022661723,0.4256283477544293,0.6777915121549237
Foursquare,2.0,0.7,2.0,3,0.02,0.08011817437067356,0.12139804673699496,0.09608228075178812,0.19317844145062968,0.05686032138442522,0.057663782447466005,0.2669962917181706,0.4429336629583848,0.6843840131850021
Foursquare,2.0,0.7,2.0,5,0.005,0.08110204761808666,0.11945827837046777,0.09647554808717344,0.18752025334313832,0.059497321796456525,0.056901524515863215,0.27070457354758964,0.44870210135970334,0.6893283889575608
Foursquare,2.0,0.7,2.0,5,0.01,0.07798857361288751,0.11728517838003796,0.09293650406701642,0.18492055773296415,0.056983930778739186,0.057128141738772134,0.24927894519983518,0.43510506798516685,0.6749072929542645
Foursquare,2.0,0.7,2.0,5,0.02,0.07961415956132199,0.11861334553305435,0.09616303373745408,0.18894833711926526,0.05850844664194479,0.057025133910177175,0.2554594149155336,0.453646477132262,0.6905644829007005
Foursquare,2.0,0.7,2.0,10,0.005,0.07976281696835452,0.1190596298908003,0.09476378950639071,0.18761328544033953,0.05871446229913473,0.057663782447466005,0.2550473836011537,0.44746600741656367,0.6839719818706221
Foursquare,2.0,0.7,2.0,10,0.01,0.07866563818210845,0.1177144619018301,0.0943601924658717,0.18626991078558197,0.05727235269880511,0.05696332921302019,0.2558714462299135,0.44169756901524515,0.6918005768438401
Foursquare,2.0,0.7,2.0,10,0.02,0.07679349037987733,0.11781494313456838,0.09228627256161558,0.18923671252377441,0.057313555830243106,0.057807993407498974,0.2583436341161928,0.4404614750721055,0.6847960444993819
Foursquare,2.0,1.0,0.2,1,0.005,0.07717812615304367,0.1190645673479338,0.09461928596296715,0.1934774123979407,0.05694272764730119,0.05877626699629172,0.24598269468479605,0.43798928718582614,0.6913885455294603
Foursquare,2.0,1.0,0.2,1,0.01,0.07973997750983021,0.12226445482410825,0.09503651901676023,0.1952226914022359,0.057395962093119084,0.05889987639060569,0.261639884631232,0.44499381953028433,0.6930366707869798
Foursquare,2.0,1.0,0.2,1,0.02,0.08153148421516042,0.120345653268619,0.0967844092874514,0.18802893356130487,0.05859085290482076,0.05737536052740008,0.26411207251751134,0.4470539761021838,0.6831479192418624
Foursquare,2.0,1.0,0.2,3,0.005,0.07927397595634263,0.1188979185913664,0.09678203726170266,0.19039335489106202,0.05830243098475484,0.057210548001648126,0.2558714462299135,0.4437577255871446,0.6864441697569015
Foursquare,2.0,1.0,0.2,3,0.01,0.07928416669326947,0.11874181820286663,0.09437737933388601,0.18653030962232015,0.057231149567367114,0.05725175113308611,0.25793160280181293,0.44087350638648537,0.6765554182117841
Foursquare,2.0,1.0,0.2,3,0.02,0.07252735772043233,0.11207690088967974,0.0877709934360538,0.1800069175932395,0.053646477132262047,0.055397610218376594,0.23156159868149978,0.4103831891223733,0.6670786979810466
Foursquare,2.0,1.0,0.2,5,0.005,0.07815619837429139,0.1170578049595187,0.09474408673455488,0.18681762123351497,0.05776679027606098,0.05671611042439226,0.24969097651421507,0.44128553770086526,0.6740832303255048
Foursquare,2.0,1.0,0.2,5,0.01,0.0782509103520279,0.11839470732963575,0.09268881055049213,0.18688951794560943,0.05574783683559951,0.056551297898640294,0.2480428512566955,0.4400494437577256,0.6926246394725999
Foursquare,2.0,1.0,0.2,5,0.02,0.08087931513160748,0.11999930218294662,0.09901798571354227,0.19124541817020657,0.0592088998763906,0.057478368355995055,0.25669550885867326,0.4565306963329213,0.6934487021013597
Foursquare,2.0,1.0,0.2,10,0.005,0.07782939909554792,0.11865011066575576,0.09377988081777099,0.19049050310440793,0.05727235269880511,0.05764318088174702,0.2488669138854553,0.44128553770086526,0.6901524515863205
Foursquare,2.0,1.0,0.2,10,0.01,0.07542722577927179,0.11398815909532427,0.09154494533991306,0.18229640492046675,0.0561186650185414,0.056139266584260404,0.253811289658014,0.42727647301194893,0.6753193242686444
Foursquare,2.0,1.0,0.2,10,0.02,0.07798980995379086,0.11799173058079947,0.09250454314863533,0.18600341778208512,0.056983930778739186,0.05729295426452411,0.24969097651421507,0.43757725587144625,0.6847960444993819
Foursquare,2.0,1.0,0.5,1,0.005,0.07455749315942545,0.11321812331791027,0.09362621251589322,0.18407559983646038,0.0565306963329213,0.0561186650185414,0.24062628759785742,0.43675319324268647,0.680675731355583
Foursquare,2.0,1.0,0.5,1,0.01,0.07599973110377356,0.11739975897253914,0.0903832599204611,0.18738537459719462,0.05512978986402967,0.05718994643592914,0.2480428512566955,0.42480428512566953,0.6843840131850021
Foursquare,2.0,1.0,0.5,1,0.02,0.07661189124655378,0.1145669259256122,0.09337643315815224,0.18233727490006807,0.05784919653893697,0.05646889163576432,0.25010300782859496,0.4363411619283066,0.6633704161516275
Foursquare,2.0,1.0,0.5,3,0.005,0.07753512245769686,0.11603178678357863,0.09366057892668661,0.18418924560286656,0.05686032138442522,0.05628347754429337,0.24392253811289658,0.4359291306139267,0.6749072929542645
Foursquare,2.0,1.0,0.5,3,0.01,0.08109346577310683,0.1207136010753867,0.09957266307321656,0.1934146020160739,0.059868149979398426,0.05811701689328389,0.2620519159456119,0.45941491553358055,0.6856201071281417
Foursquare,2.0,1.0,0.5,3,0.02,0.07504296041449242,0.11665777111184013,0.0909246247235246,0.18975857302494156,0.055830243098475486,0.057437165224557066,0.24103831891223734,0.4334569427276473,0.6893283889575608
Foursquare,2.0,1.0,0.5,5,0.005,0.08002078576654595,0.11926589415347875,0.0958076650281251,0.18990575784456426,0.059332509270704575,0.05762257931602803,0.2542233209723939,0.446229913473424,0.6864441697569015
Foursquare,2.0,1.0,0.5,5,0.01,0.07674444817292893,0.11704840526496241,0.09417834192556043,0.1917915767338538,0.05776679027606098,0.05729295426452411,0.2480428512566955,0.43428100535640707,0.6868562010712814
Foursquare,2.0,1.0,0.5,5,0.02,0.08050854898934448,0.119544962973793,0.0974212696254071,0.19046296841407198,0.05854964977338278,0.057128141738772134,0.2546353522867738,0.4466419447878039,0.6814997939843428
Foursquare,2.0,1.0,0.5,10,0.005,0.07620457558834398,0.11535653083937067,0.0935719708716189,0.18622499249143332,0.057107540173053147,0.05646889163576432,0.2583436341161928,0.44169756901524515,0.6716110424392254
Foursquare,2.0,1.0,0.5,10,0.01,0.07887615844872757,0.11980118069795515,0.09560383156300001,0.19311593717049697,0.057725587144623,0.05793160280181295,0.25793160280181293,0.44911413267408323,0.7053976102183765
Foursquare,2.0,1.0,0.5,10,0.02,0.0762566412335138,0.11703819270025759,0.09431122782410384,0.18974633280216935,0.05603625875566543,0.057148743304491136,0.25010300782859496,0.4338689740420272,0.6852080758137619
Foursquare,2.0,1.0,1.0,1,0.005,0.07981167896366889,0.11862874904993144,0.09662503043078687,0.18862460660659686,0.059002884219200656,0.05758137618459003,0.25092707045735474,0.44870210135970334,0.6843840131850021
Foursquare,2.0,1.0,1.0,1,0.01,0.07477277391953488,0.11458799389425176,0.08923555273606464,0.18300511533698907,0.05385249278945199,0.05541821178409559,0.242274412855377,0.41656365883807167,0.6596621343222084
Foursquare,2.0,1.0,1.0,1,0.02,0.07399723521714224,0.11388585015340609,0.090492192348167,0.18465248682334318,0.05525339925834365,0.05597445405850844,0.24062628759785742,0.4252163164400494,0.6744952616398846
Foursquare,2.0,1.0,1.0,3,0.005,0.07930107415638503,0.12074999967671791,0.09444373614387237,0.19204871107622454,0.056819118252987216,0.05751957148743306,0.26452410383189123,0.4359291306139267,0.7012772970745776
Foursquare,2.0,1.0,1.0,3,0.01,0.07602501203423785,0.11440118096987714,0.09334876540942544,0.18395573754007444,0.05624227441285538,0.05566543057272354,0.2521631644004944,0.4400494437577256,0.6707869798104656
Foursquare,2.0,1.0,1.0,3,0.02,0.08031256481993915,0.12046323542828276,0.09733207120924083,0.19252487575672508,0.05826122785331685,0.057725587144623,0.2604037906880923,0.4581788215904409,0.7004532344458179
Foursquare,2.0,1.0,1.0,5,0.005,0.07858731410787993,0.11914087510573985,0.09438349396014413,0.18996233349956423,0.05735475896168108,0.057766790276060985,0.2604037906880923,0.44169756901524515,0.6901524515863205
Foursquare,2.0,1.0,1.0,5,0.01,0.07403790554821624,0.1152246866135549,0.08808278363413978,0.18506314705785962,0.05455294602389782,0.05665430572723527,0.24763081994231562,0.4210960032962505,0.6843840131850021
Foursquare,2.0,1.0,1.0,5,0.02,0.07799988920142845,0.11851125209797556,0.09203872168722553,0.18798940236999961,0.05694272764730119,0.057148743304491136,0.25339925834363414,0.44128553770086526,0.6847960444993819
Foursquare,2.0,1.0,1.0,10,0.005,0.07528064832531511,0.11456852111308702,0.09314864472948003,0.18577052241257563,0.056571899464359296,0.056736711990111245,0.24598269468479605,0.4318088174701277,0.6666666666666666
Foursquare,2.0,1.0,1.0,10,0.01,0.07737292387168787,0.11540357929912919,0.09571508000516457,0.18509679102740748,0.057519571487433044,0.05603625875566543,0.2484548825710754,0.4404614750721055,0.6790276060980635
Foursquare,2.0,1.0,1.0,10,0.02,0.07930207875149313,0.11936084375237431,0.09549363463074433,0.19048319958216714,0.0584672435105068,0.05807581376184591,0.2591676967449526,0.4503502266172229,0.6856201071281417
Foursquare,2.0,1.0,2.0,1,0.005,0.07262323768252912,0.1103465126882446,0.0862746334478686,0.1758651076898921,0.05385249278945199,0.054161516275236916,0.24186238154099712,0.42027194066749074,0.6621343222084879
Foursquare,2.0,1.0,2.0,1,0.01,0.076906457306991,0.11711512940432661,0.09241566337076267,0.1866362725880964,0.05554182117840956,0.05646889163576432,0.26122785331685205,0.43098475484136795,0.6823238566131026
Foursquare,2.0,1.0,2.0,1,0.02,0.07966371153816718,0.11842123313150706,0.09770585309329287,0.1892439683729108,0.05842604037906882,0.0569221260815822,0.25669550885867326,0.45241038318912236,0.6856201071281417
Foursquare,2.0,1.0,2.0,3,0.005,0.07728372762732368,0.11594459692407626,0.09337510216587261,0.1849678005391809,0.057478368355995055,0.056551297898640294,0.25257519571487436,0.44252163164400493,0.6802637000412032
Foursquare,2.0,1.0,2.0,3,0.01,0.07548326517995133,0.11628575168995206,0.09081115553266723,0.18671554299596801,0.05558302430984755,0.05729295426452411,0.24557066337041616,0.4289245982694685,0.6827358879274825
Foursquare,2.0,1.0,2.0,3,0.02,0.08341057437555578,0.12317227010746519,0.10059751185146099,0.19430327411297363,0.060815822002472174,0.05902348578491965,0.265348166460651,0.4610630407911001,0.700041203131438
Foursquare,2.0,1.0,2.0,5,0.005,0.07810354962168171,0.11685612394220739,0.09349492062066096,0.18426790192999387,0.05714874330449115,0.05644829007004532,0.25793160280181293,0.43716522455706636,0.6814997939843428
Foursquare,2.0,1.0,2.0,5,0.01,0.07994318168075351,0.12023095146375419,0.09244737241795287,0.18786102039733116,0.05760197775030903,0.05784919653893696,0.26287597857437167,0.4252163164400494,0.6724351050679852
Foursquare,2.0,1.0,2.0,5,0.02,0.07998010586688835,0.1183293682581349,0.09532782743642901,0.18576750285324803,0.057890399670374945,0.056695508858673256,0.2624639472599918,0.44252163164400493,0.673259167696745
Foursquare,2.0,1.0,2.0,10,0.005,0.08276043905577975,0.124684859306957,0.10077329624635731,0.20069331549182515,0.06118665018541409,0.06060980634528225,0.27070457354758964,0.4561186650185414,0.7082818294190358
Foursquare,2.0,1.0,2.0,10,0.01,0.08035317770139264,0.11763982254718751,0.09624977177904677,0.18390569322491923,0.057890399670374945,0.05593325092707046,0.2587556654305727,0.4396374124433457,0.6843840131850021
Foursquare,2.0,1.0,2.0,10,0.02,0.08112067293998154,0.12086556662485891,0.09726060347600282,0.19204160259373343,0.05892047795632468,0.05784919653893695,0.2546353522867738,0.4454058508446642,0.6790276060980635
