dataset,preference.beta_Q,preference.lambda_uncertainty,preference.kappa,training.local_epochs,training.learning_rate,ndcg@10,ndcg@20,recall@10,recall@20,precision@10,precision@20,acc@5,acc@10,acc@20
Swarm,0.5,0.3,0.2,1,0.005,0.0691402288614514,0.1018272128166991,0.095300308313366,0.1915153398438251,0.0422683175215736,0.0427962694967036,0.1812724446588411,0.3095888942488074,0.4993300101838452
Swarm,0.5,0.3,0.2,1,0.01,0.068535043933847,0.0998295509931841,0.0930809277322881,0.1860991400251934,0.0422629576030444,0.0420566007396687,0.1828804202176127,0.3094816958782226,0.4903789462400171
Swarm,0.5,0.3,0.2,1,0.02,0.0695764754457377,0.1026831088726191,0.0951371450383682,0.193323926098817,0.0423540762180414,0.0429651069303746,0.1815940397705955,0.3140376266280753,0.4983652248485823
Swarm,0.5,0.3,0.2,3,0.005,0.0694238415880344,0.1020089230048214,0.0965790984483823,0.1932938860196774,0.0424076754033338,0.0427507101892051,0.1814868414000107,0.3145200192957067,0.4989548158867985
Swarm,0.5,0.3,0.2,3,0.01,0.0692816554435836,0.1021794297397975,0.095031633904802,0.1931586643730077,0.0423540762180414,0.0427641099855282,0.1793964731736077,0.3105536795840703,0.4968644476603955
Swarm,0.5,0.3,0.2,3,0.02,0.0709358211676752,0.1025819805939742,0.0974797201349368,0.1922124777141384,0.0434260599238891,0.0428391488449375,0.1873827517821729,0.3177895695985421,0.4963284558074717
Swarm,0.5,0.3,0.2,5,0.005,0.0713755458421138,0.1042910124114345,0.0979334814288159,0.1960311716698123,0.0433992603312429,0.0434716192313876,0.1833628128852441,0.3166103875221097,0.5042075360454521
Swarm,0.5,0.3,0.2,5,0.01,0.0678831266476298,0.100368118028737,0.0934051011300227,0.1901625091597173,0.0418931232245269,0.0424398349145093,0.1775741008736667,0.3050865626842472,0.4938628932840221
Swarm,0.5,0.3,0.2,5,0.02,0.0710073253032197,0.1034192733054209,0.0974594715831323,0.1940618458384869,0.0430991048936056,0.0428954279894945,0.1881331403762662,0.3165567883368173,0.4994372085544299
Swarm,0.5,0.3,0.2,10,0.005,0.0714390712801493,0.1037575251905653,0.0976226747972899,0.1941198628562465,0.043694055850351,0.0431473441603687,0.1856675778528166,0.3189687516749745,0.5012595808543711
Swarm,0.5,0.3,0.2,10,0.01,0.0699163192866463,0.1024948406901932,0.0959182204286773,0.1926892806749628,0.0425148737739186,0.0428659484375837,0.1828268210323203,0.3125904486251809,0.4953100712869164
Swarm,0.5,0.3,0.2,10,0.02,0.0694809092621761,0.1017271993134233,0.0947118928836424,0.190734781123154,0.0424130353218631,0.0426006324703864,0.1841668006646299,0.3114112665487484,0.4983116256632899
Swarm,0.5,0.3,0.5,1,0.005,0.0689454754220928,0.1011660302609742,0.0965552760868955,0.1922323112826525,0.0422468778474567,0.0424853942220078,0.1784852870236372,0.3100712869164388,0.492737310392882
Swarm,0.5,0.3,0.5,1,0.01,0.0699398892545321,0.1021811744449385,0.0961825879672546,0.1915718682290116,0.0427024709224419,0.042737310392882,0.180414857694163,0.3116792624752104,0.4976148362544889
Swarm,0.5,0.3,0.5,1,0.02,0.0679139844620943,0.1001262887631388,0.0935077632096977,0.1895134642078302,0.0421771989065766,0.0426354719408265,0.1756445302031409,0.3077665219488664,0.4923621160958353
Swarm,0.5,0.3,0.5,3,0.005,0.070846942124671,0.103585190185773,0.0962155056824309,0.1937399326457305,0.043243822693895,0.0432063032641903,0.1889907273409444,0.3167711850779868,0.5016347751514177
Swarm,0.5,0.3,0.5,3,0.01,0.0699179224416183,0.1017229764797094,0.0954730450904455,0.189855174398245,0.0425416733665648,0.0423969555662754,0.1808436511765021,0.3110896714369942,0.4943452859516535
Swarm,0.5,0.3,0.5,3,0.02,0.0695788698502201,0.1013873147776571,0.0957205619423067,0.1895207766217113,0.0424612745886262,0.0424961140590663,0.181808436511765,0.3115184649193332,0.4926837112075896
Swarm,0.5,0.3,0.5,5,0.005,0.0690708000342136,0.1016672151031099,0.0949413320686107,0.1928347909273204,0.0429490271747869,0.0429570670525808,0.1807364528059173,0.3136088331457362,0.4986332207750442
Swarm,0.5,0.3,0.5,5,0.01,0.0713795598627674,0.1030052380556601,0.0984121573293881,0.192122763987742,0.0429865466044916,0.0429088277858176,0.1845955941469689,0.3144128209251219,0.4975612370691965
Swarm,0.5,0.3,0.5,5,0.02,0.0687257393645793,0.1017471925095434,0.0945825656199138,0.192181164762046,0.0419199228171731,0.0426488717371495,0.1764485179825266,0.3084633113576673,0.4947204802487002
Swarm,0.5,0.3,0.5,10,0.005,0.0691255530908946,0.1009456806615336,0.0953064242244892,0.190186145237609,0.0423862357292169,0.042455914670097,0.1820228332529345,0.3107144771399475,0.4927909095781744
Swarm,0.5,0.3,0.5,10,0.01,0.0691627089551049,0.101761383341404,0.0960327440603128,0.1923122438215662,0.0420003215951117,0.0425497132443586,0.17832448946776,0.3133408372192742,0.4994908077397224
Swarm,0.5,0.3,0.5,10,0.02,0.0692431189783692,0.1017991519432074,0.0953582594422449,0.1924871544397408,0.0427667899447928,0.0428981079487591,0.1823444283646888,0.3146272176662915,0.497346840328027
Swarm,0.5,0.3,1.0,1,0.005,0.0700584499835417,0.1017201555349671,0.0967253787870085,0.1905018395044652,0.0429758267674331,0.0427078308409712,0.1807364528059173,0.3174143753014954,0.4968644476603955
Swarm,0.5,0.3,1.0,1,0.01,0.0691497341616688,0.1011090181797836,0.0945872516324116,0.1894157605374738,0.042455914670097,0.0426488717371495,0.1799860642118239,0.3114112665487484,0.4930053063193439
Swarm,0.5,0.3,1.0,1,0.02,0.0710320823017453,0.1032874054825092,0.0978099535158573,0.1945065321933941,0.0431634239159564,0.0428391488449375,0.1859891729645709,0.3169855818191563,0.5000267995926462
Swarm,0.5,0.3,1.0,3,0.005,0.0693285338915905,0.101630647478003,0.0949196947028525,0.1905839854835833,0.042230798091869,0.0423969555662753,0.1826660234764431,0.3120008575869646,0.491611727501742
Swarm,0.5,0.3,1.0,3,0.01,0.0685173278667937,0.1007684091585105,0.0949639521766887,0.191045112236654,0.0422897571956906,0.04243447499598,0.178592485394222,0.3115720641046256,0.4939700916546068
Swarm,0.5,0.3,1.0,3,0.02,0.0693703493697339,0.1008804432386536,0.0946786379309487,0.1881086807601119,0.0429704668489039,0.0427292705150881,0.1842739990352146,0.3156992013721391,0.4951492737310393
Swarm,0.5,0.3,1.0,5,0.005,0.0696223006861571,0.1016029755227364,0.0951343814351445,0.189877482569594,0.042455914670097,0.0428418288042021,0.1800932625824087,0.309535295063515,0.4946668810634078
Swarm,0.5,0.3,1.0,5,0.01,0.0689073060313798,0.1008725117143674,0.0961371557334828,0.1909628499644407,0.0420807203730503,0.042187918743635,0.1802540601382859,0.3131264404781047,0.4947204802487002
Swarm,0.5,0.3,1.0,5,0.02,0.0675792270944088,0.0999903152128098,0.0925953372982776,0.189107157678039,0.0419735220024655,0.0422415179289274,0.1796108699147773,0.3102856836576084,0.4944524843222383
Swarm,0.5,0.3,1.0,10,0.005,0.0698163359344916,0.1025150550631469,0.0957140727748253,0.1929335613145142,0.0426059923889156,0.0428659484375837,0.1819156348823498,0.3117328616605027,0.4995980061103071
Swarm,0.5,0.3,1.0,10,0.01,0.0704791789813943,0.1033604736825482,0.096653943793336,0.1942522119921919,0.0426917510853835,0.0430723053009594,0.1839524039234603,0.3143056225545371,0.5006699898161548
Swarm,0.5,0.3,1.0,10,0.02,0.0684581911748456,0.1003684706852152,0.0945837737578223,0.1895331183031463,0.0420485608618749,0.0420914402101088,0.175805327759018,0.3082489146164978,0.4925229136517124
Swarm,0.5,0.3,2.0,1,0.005,0.0694276461985168,0.1014077904649508,0.0965870253753794,0.1917975627156914,0.0428257490486144,0.0425389934073002,0.1815940397705955,0.3137160315163209,0.4977756338103661
Swarm,0.5,0.3,2.0,1,0.01,0.0703817070061388,0.1021771083284931,0.0962118031936269,0.1907892314008328,0.0432116631827196,0.0429249075414053,0.1821300316235193,0.3167711850779868,0.4961676582515946
Swarm,0.5,0.3,2.0,1,0.02,0.0688730730510639,0.1010458614307632,0.0939298537431604,0.1901994123149974,0.0424076754033338,0.0425148737739186,0.181808436511765,0.3090529023958835,0.4947204802487002
Swarm,0.5,0.3,2.0,3,0.005,0.0682540989620433,0.1001127116426761,0.0938686197162413,0.1877157720987106,0.0414857694163048,0.0418663236318807,0.1787532829500991,0.3080881170606206,0.4915045291311572
Swarm,0.5,0.3,2.0,3,0.01,0.0702769106898053,0.1021921854203595,0.097434549150055,0.1920045084061096,0.0426435118186203,0.0425791927962695,0.1849707884440156,0.3150560111486305,0.4986332207750442
Swarm,0.5,0.3,2.0,3,0.02,0.0725149806084829,0.1041998731319389,0.0995348487399393,0.1938226385610177,0.0433617409015383,0.0428954279894945,0.1851315859998928,0.3175215736720801,0.4972932411427346
Swarm,0.5,0.3,2.0,5,0.005,0.0717477485167414,0.1040731042823776,0.0982408146566982,0.194228441873543,0.0436082971538832,0.0433992603312429,0.1852923835557699,0.3153776062603848,0.4958460631398402
Swarm,0.5,0.3,2.0,5,0.01,0.0701596212698928,0.1021377666139744,0.0960589477279967,0.1913947863026232,0.0425577531221525,0.0426167122259741,0.182505225920566,0.3135552339604438,0.4939164924693144
Swarm,0.5,0.3,2.0,5,0.02,0.069688175793925,0.1014557063125347,0.0963772072817596,0.1907643119719929,0.0427560701077343,0.0426703114112665,0.1828268210323203,0.3140912258133676,0.4969180468456879
Swarm,0.5,0.3,2.0,10,0.005,0.0702373467389574,0.1022317833506619,0.0971592483800981,0.1925259868782459,0.0432867020421289,0.0428311089671437,0.1838452055528756,0.3148952135927534,0.4934876989869754
Swarm,0.5,0.3,2.0,10,0.01,0.0686846327860756,0.1013352184262893,0.0954247509603177,0.1926376315552259,0.0423808758106876,0.0426863911668542,0.1786460845795144,0.3129120437369352,0.4963284558074717
Swarm,0.5,0.3,2.0,10,0.02,0.0717510820014056,0.1043092034946798,0.0984747524468734,0.1956961438913263,0.0438173339765235,0.0435520180093262,0.1886691322291901,0.3188615533043897,0.502224366189634
Swarm,0.5,0.5,0.2,1,0.005,0.0689347750591168,0.1014326762006322,0.0941592226995217,0.1911175916643213,0.0418824033874685,0.0423647960550999,0.1815404405853031,0.3087313072841293,0.4945596826928231
Swarm,0.5,0.5,0.2,1,0.01,0.0711647763114846,0.1033526873830411,0.0971742464162119,0.1941280007285963,0.0436082971538832,0.0432304228975719,0.1852387843704775,0.3143592217398295,0.4986868199603366
Swarm,0.5,0.5,0.2,1,0.02,0.0680676721425928,0.099679333005553,0.0942794442531237,0.1882522464749405,0.041737685587179,0.0417993246502653,0.1770381090207428,0.3073913276518197,0.4897893552018009
Swarm,0.5,0.5,0.2,3,0.005,0.0699719039138056,0.1017776296623314,0.0945309582693538,0.189130369951281,0.0427346304336174,0.0426676314520019,0.1810580479176716,0.3133944364045666,0.4938628932840221
Swarm,0.5,0.5,0.2,3,0.01,0.0683739755335076,0.1013259108098477,0.0935480127056395,0.1914982382600172,0.0422147183362812,0.0426542316556788,0.1796644691000696,0.3096960926193922,0.4967572492898108
Swarm,0.5,0.5,0.2,3,0.02,0.0700675311338731,0.1016108122402735,0.0985504512190827,0.1916914848492967,0.0423487162995122,0.0424291150774508,0.1815940397705955,0.3136624323310286,0.4983116256632899
Swarm,0.5,0.5,0.2,5,0.005,0.069006745948556,0.1018045456056338,0.0968465763026634,0.1945387309573622,0.0420592806989333,0.0423969555662753,0.179021278876561,0.3113576673634561,0.4972932411427346
Swarm,0.5,0.5,0.2,5,0.01,0.0670867386825311,0.0994594131386112,0.0922878400970539,0.1885948429116852,0.0416572868092405,0.0422254381733397,0.1782708902824677,0.3062657447606796,0.492040520984081
Swarm,0.5,0.5,0.2,5,0.02,0.0690424741388424,0.100825555874112,0.0958540120410423,0.1900985135724169,0.0420003215951117,0.0421423594361365,0.1813796430294259,0.3083561129870826,0.4932733022458058
Swarm,0.5,0.5,0.2,10,0.005,0.0705392184326457,0.1021391831817836,0.0977348440114876,0.1916832221134828,0.0435707777241786,0.0428364688856729,0.1844347965910918,0.3166103875221097,0.4970788444015651
Swarm,0.5,0.5,0.2,10,0.01,0.0692968202793986,0.1018094464018591,0.0957689580489898,0.1920440071479028,0.0420110414321702,0.0425979525111218,0.1836844079969984,0.311625663289918,0.4982044272927051
Swarm,0.5,0.5,0.2,10,0.02,0.0702990664982798,0.1025728597803076,0.0967040754882171,0.1926410385355554,0.043152704078898,0.0430803451787532,0.1821836308088117,0.3158599989280163,0.4997052044808919
swarm,0.5,0.5,0.5,1,0.005,0.0703941197229987,0.1028137926327896,0.0973511587385024,0.1942514841278698,0.0428257490486144,0.0428177091708206,0.1836844079969984,0.3146272176662915,0.5009379857426167
swarm,0.5,0.5,0.5,1,0.01,0.0676579031813774,0.1000148688450726,0.0928390912777009,0.1898877514787032,0.0418824033874685,0.0421450393954011,0.1793964731736077,0.3078737203194511,0.4917189258723267
swarm,0.5,0.5,0.5,1,0.02,0.0696878204887528,0.1018151062190985,0.0959026452476742,0.1911160312582688,0.0423111968698075,0.0425899126333279,0.1834164120705365,0.3128048453663504,0.4947740794339926
swarm,0.5,0.5,0.5,3,0.005,0.0675249334916282,0.099307957172536,0.0919718658920702,0.1869692478393205,0.0418234442836468,0.0420217612692287,0.1780028943560057,0.3075521252076968,0.487698986975398
swarm,0.5,0.5,0.5,3,0.01,0.0697114796311786,0.1019599375646549,0.0970811973173011,0.1925041437717686,0.0423808758106876,0.0425282735702417,0.182505225920566,0.3118400600310875,0.4962212574368869
swarm,0.5,0.5,0.5,3,0.02,0.0699107093162013,0.1017042388499965,0.0964517023633372,0.19110359065217,0.0424880741812724,0.0423862357292169,0.1812188454735488,0.3126976469957657,0.4946668810634078
swarm,0.5,0.5,0.5,5,0.005,0.0692874250525934,0.1015936856138236,0.0954675177736371,0.1913612934294611,0.0424773543442139,0.0427239105965589,0.1795572707294849,0.3128584445516428,0.4954172696575012
swarm,0.5,0.5,0.5,5,0.01,0.0695191997295032,0.1016052405150296,0.0966132370545659,0.1910475927780272,0.0421986385806935,0.0424585946293616,0.1812188454735488,0.3124296510693037,0.4948812778045773
swarm,0.5,0.5,0.5,5,0.02,0.0681545601599322,0.1001517548658832,0.0938638530964243,0.189363769022794,0.0421557592324596,0.0421450393954011,0.1776277000589591,0.3089993032105912,0.4924157152811277
swarm,0.5,0.5,0.5,10,0.005,0.069669249924861,0.1015584805714564,0.0959874556336898,0.191194901058556,0.0429275875006699,0.0426435118186203,0.1798252666559468,0.3131264404781047,0.4957924639545479
swarm,0.5,0.5,0.5,10,0.01,0.0692052447083914,0.1004539424012345,0.0945894489512438,0.1874563435099955,0.0420914402101088,0.0420298011470225,0.1821836308088117,0.3110360722517017,0.490914938092941
swarm,0.5,0.5,0.5,10,0.02,0.070760754849994,0.1028414741415325,0.0973699304725111,0.1930623264102821,0.0433671008200675,0.0431634239159564,0.1848099908881385,0.3177359704132497,0.5012059816690786
swarm,0.5,0.5,1.0,1,0.005,0.0690980962557498,0.1012397556445615,0.0947244079308369,0.1904846450384061,0.0424827142627432,0.042568472959211,0.1797716674706544,0.312054456772257,0.4947204802487002
swarm,0.5,0.5,1.0,1,0.01,0.0690051982078582,0.1000998369132017,0.0956682397215664,0.1884390136162886,0.0430883850565471,0.042321916706866,0.1788068821353915,0.3158063997427239,0.4920941201693734
swarm,0.5,0.5,1.0,1,0.02,0.0693565463755122,0.1009009197262308,0.0945017022650987,0.1879108977173808,0.0421128798842257,0.042019081309964,0.180414857694163,0.3105000803987779,0.4911293348341105
swarm,0.5,0.5,1.0,3,0.005,0.0703540727191202,0.1025407018035652,0.0965154804424548,0.1914630348183323,0.042906147826553,0.0429677868896392,0.1851851851851851,0.3128584445516428,0.4947204802487002
swarm,0.5,0.5,1.0,3,0.01,0.0696032240396876,0.1023889491920189,0.0951632294385073,0.1931874931944084,0.04243447499598,0.0427775097818513,0.1819156348823498,0.3089993032105912,0.494130889210484
swarm,0.5,0.5,1.0,3,0.02,0.0704237432942581,0.1019710005085866,0.0970841766654071,0.1912849855183828,0.04299726644155,0.042568472959211,0.1840060031087527,0.3147344160368762,0.4935948973575602
swarm,0.5,0.5,1.0,5,0.005,0.0693582190515384,0.1015185727958214,0.0947874205395628,0.1905730767304783,0.042096800128638,0.042378195851423,0.1820764324382269,0.3098568901752693,0.4945596826928231
swarm,0.5,0.5,1.0,5,0.01,0.0686743045795591,0.1011874237470432,0.0944606074163467,0.1912145054347103,0.0424398349145093,0.0426327919815618,0.1804684568794554,0.3116792624752104,0.4976148362544889
swarm,0.5,0.5,1.0,5,0.02,0.0693024502294424,0.101058520368906,0.0950116541893026,0.1893995242388636,0.0426059923889156,0.0426756713297957,0.1798788658412392,0.311625663289918,0.4940772900251916
swarm,0.5,0.5,1.0,10,0.005,0.0694112390771907,0.1002142369908179,0.0948707155449002,0.1865493175766424,0.0428043093744975,0.0422254381733397,0.183630808811706,0.3101784852870236,0.4865734040842579
swarm,0.5,0.5,1.0,10,0.01,0.0693188714278746,0.1013107091097025,0.0947445677437551,0.1912761009461227,0.042321916706866,0.0422388379696628,0.1808972503617945,0.3079273195047435,0.4910221364635257
swarm,0.5,0.5,1.0,10,0.02,0.0698522767537791,0.1016618402936901,0.0965434136137801,0.1910721111560348,0.0426863911668542,0.0425818727555341,0.1827732218470279,0.3124296510693037,0.4960068606957174
swarm,0.5,0.5,2.0,1,0.005,0.0671948519252842,0.0991838342576286,0.0929158073377157,0.1881050843389509,0.0418984831430562,0.0422951171142198,0.1748941416090475,0.3075521252076968,0.4882885780136142
swarm,0.5,0.5,2.0,1,0.01,0.0683072075831533,0.1006762361901949,0.0934078092391872,0.1899365082693491,0.0421128798842257,0.0423540762180414,0.1794500723589001,0.3113576673634561,0.4924157152811277
swarm,0.5,0.5,2.0,1,0.02,0.0707819490142213,0.1032818349518897,0.0961241269412415,0.1934084404221599,0.0433939004127137,0.0432304228975719,0.1873827517821729,0.3174143753014954,0.498472423219167
swarm,0.5,0.5,2.0,3,0.005,0.0692983952627368,0.1010529976251736,0.0954610260667888,0.1892540568089192,0.0428311089671437,0.042737310392882,0.1811652462882564,0.3129120437369352,0.4950956745457469
swarm,0.5,0.5,2.0,3,0.01,0.0686990499932165,0.1007427585189704,0.0949148426078059,0.1906285192343551,0.0421182398027549,0.0421986385806935,0.1764485179825266,0.3066945382430187,0.492737310392882
swarm,0.5,0.5,2.0,3,0.02,0.0714865715460631,0.1029744537978285,0.0984315817308963,0.1919585153803733,0.043694055850351,0.0430562255453717,0.1848099908881385,0.3232030873130728,0.5020635686337568
swarm,0.5,0.5,2.0,5,0.005,0.0690096581210631,0.1016415871152613,0.0947924482791282,0.192421817261715,0.0423379964624537,0.0426435118186203,0.1800396633971163,0.3098568901752693,0.4954172696575012
swarm,0.5,0.5,2.0,5,0.01,0.0679075900953058,0.0992578491450758,0.093066775196709,0.185905698508505,0.0417698450983545,0.0418073645280591,0.1798252666559468,0.3082489146164978,0.4851262260813636
swarm,0.5,0.5,2.0,5,0.02,0.0694286505461925,0.1018498819162946,0.095322995096462,0.1911840185456694,0.0428471887227314,0.0429731468081685,0.1839524039234603,0.3148952135927534,0.4961140590663022
swarm,0.5,0.5,2.0,10,0.005,0.0696263084368323,0.1023785916506223,0.0942168375915224,0.1922103441405761,0.043243822693895,0.0431634239159564,0.183630808811706,0.3117328616605027,0.4979364313662432
swarm,0.5,0.5,2.0,10,0.01,0.0708031959055876,0.1030260730203254,0.0971819087946176,0.1938902185968487,0.0431741437530149,0.0429195476228761,0.184327598220507,0.313448035589859,0.4971324435868575
swarm,0.5,0.5,2.0,10,0.02,0.0693325676740687,0.1015695212936217,0.0948916796488631,0.1911472623523824,0.0425845527147987,0.0427989494559682,0.1822908291793964,0.3092672991370531,0.4935948973575602
swarm,0.5,0.7,0.2,1,0.005,0.0703064584258513,0.1025037135581525,0.0962186547570462,0.1924361674373493,0.0427560701077343,0.0428177091708205,0.1843811974057994,0.3146272176662915,0.4984188240338746
swarm,0.5,0.7,0.2,1,0.01,0.0707171646102721,0.1027858518086656,0.0972723181986054,0.1924333642795738,0.0433027817977166,0.0430053063193439,0.1854531811116471,0.316235193225063,0.4967036501045184
swarm,0.5,0.7,0.2,1,0.02,0.0702113539245673,0.1015009774830792,0.0962868244730544,0.1896235922853792,0.0426488717371495,0.0423031569920137,0.1812188454735488,0.3136088331457362,0.4919333226134962
swarm,0.5,0.7,0.2,3,0.005,0.0658738442806607,0.0981215619052637,0.0907154031109681,0.1865278638087412,0.0410033767486734,0.0417510853835021,0.175108538350217,0.3032641903843061,0.4891997641635847
swarm,0.5,0.7,0.2,3,0.01,0.069672347038979,0.1021233149263075,0.0956274323793693,0.191493260843971,0.0425416733665648,0.0428177091708206,0.1855603794822318,0.3138768290721981,0.4996516052955995
swarm,0.5,0.7,0.2,3,0.02,0.0721699777991547,0.1042221695357584,0.0995197931956507,0.1951169969632101,0.0435118186203569,0.0429088277858176,0.1870611566704186,0.3185935573779279,0.5007235890014472
swarm,0.5,0.7,0.2,5,0.005,0.0681886066630239,0.1004118418684739,0.0937179219744962,0.1897716199697321,0.0423165567883368,0.0425255936109771,0.1767701130942809,0.3078737203194511,0.4918261242429115
swarm,0.5,0.7,0.2,5,0.01,0.0681792626554149,0.0996816426796387,0.093802945264031,0.1874169415927298,0.0422254381733397,0.0420941201693734,0.1770917082060352,0.3096424934340998,0.49021814868414
swarm,0.5,0.7,0.2,5,0.02,0.0715473596756883,0.1038106146257271,0.0981780660365374,0.1951465610832318,0.0440370906362223,0.0433939004127137,0.1895803183791606,0.3192903467867288,0.5008307873720319
swarm,0.5,0.7,0.2,10,0.005,0.071381233452193,0.1026917619989006,0.096638905485131,0.1896475893354551,0.043828053813582,0.0431955834271319,0.18641796644691,0.3176823712279573,0.4934876989869754
swarm,0.5,0.7,0.2,10,0.01,0.0698665178607304,0.1017805081313656,0.0956041914175451,0.1914621754380809,0.0428043093744975,0.042343356380983,0.1854531811116471,0.3115184649193332,0.4945596826928231
swarm,0.5,0.7,0.2,10,0.02,0.0690470425639148,0.1012796715403144,0.0950285142768303,0.1906087269987874,0.0428954279894945,0.04296242697111,0.1822908291793964,0.3136088331457362,0.495256472101624
swarm,0.5,0.7,0.5,1,0.005,0.0679321904956671,0.1003845130786181,0.0938106693997236,0.1899575466633423,0.0419360025727609,0.0424773543442139,0.1771453073913276,0.3085169105429597,0.4938092940987297
swarm,0.5,0.7,0.5,1,0.01,0.0694032475621892,0.1017613792711683,0.0944180245382985,0.1923578196165781,0.0427131907595004,0.0424049954440692,0.182934019402905,0.3113040681781637,0.495256472101624
swarm,0.5,0.7,0.5,1,0.02,0.0679367960553453,0.1002331784773109,0.0933880451505797,0.1890014674709217,0.0419413624912901,0.0424157152811277,0.178592485394222,0.3087313072841293,0.4934876989869754
swarm,0.5,0.7,0.5,3,0.005,0.070244376107714,0.1024070672759269,0.0965621562362274,0.1926433430225442,0.0430723053009594,0.0428954279894945,0.182237229994104,0.3158599989280163,0.4990084150720909
swarm,0.5,0.7,0.5,3,0.01,0.0713343713504171,0.1034222909370673,0.0985887683761281,0.1944909108458943,0.0432009433456611,0.042828429007879,0.1837916063675832,0.3159135981133086,0.4974540386986117
swarm,0.5,0.7,0.5,3,0.02,0.0705327715571975,0.102661063608135,0.0975086368874811,0.1930265721283759,0.0429168676636115,0.0427399903521466,0.1827196226617355,0.3145736184809991,0.4978292329956584
swarm,0.5,0.7,0.5,5,0.005,0.068602084898089,0.1007474407348784,0.0946546951435133,0.1906099523101074,0.0424183952403923,0.0423835557699523,0.1789140805059763,0.3116792624752104,0.4942380875810687
swarm,0.5,0.7,0.5,5,0.01,0.0693258811337745,0.101668496922757,0.0955045966278347,0.1920318990472172,0.0428632684783191,0.0427051508817066,0.1846491933322613,0.3155920030015544,0.4994908077397224
swarm,0.5,0.7,0.5,5,0.02,0.0709480642345597,0.103667014865873,0.09811583813615,0.1954147072223012,0.0427024709224419,0.042884708152436,0.1838988047381679,0.3163423915956477,0.5002411963338157
swarm,0.5,0.7,0.5,10,0.005,0.0695504754803953,0.1020510152688018,0.0959046104638454,0.1925756619339614,0.0423004770327491,0.0426569116149434,0.1821300316235193,0.3124296510693037,0.4963820549927641
swarm,0.5,0.7,0.5,10,0.01,0.0711814888819393,0.1033855504025239,0.0990741771147837,0.1949706018958571,0.0434957388647692,0.0430455057083132,0.1867931607439567,0.3193439459720212,0.5010451841132014
swarm,0.5,0.7,0.5,10,0.02,0.0705474036182668,0.1030763384758254,0.0968330296338871,0.1937063370260421,0.0430347858712547,0.0429892265637562,0.1823444283646888,0.3161279948544782,0.5006163906308624
swarm,0.5,0.7,1.0,1,0.005,0.0697635578881727,0.1015002110111337,0.0964937582246005,0.1903938747930497,0.0424237551589215,0.0423406764217183,0.1804684568794554,0.3132872380339819,0.4955780672133784
swarm,0.5,0.7,1.0,1,0.01,0.068544096021058,0.1014611252915874,0.0950473722684563,0.1935940568183938,0.0416733665648282,0.0423862357292169,0.1774669025030819,0.3083561129870826,0.4972396419574422
swarm,0.5,0.7,1.0,1,0.02,0.0707733256148693,0.1028931309525902,0.0957517574452546,0.1918824475030718,0.043243822693895,0.0429007879080238,0.188240338746851,0.3144664201104143,0.4961676582515946
swarm,0.5,0.7,1.0,3,0.005,0.0680738991825398,0.1004258511618351,0.0934024449451069,0.1893580827643365,0.0419574422468778,0.0423889156884815,0.1778420968001286,0.3087849064694216,0.4946132818781154
swarm,0.5,0.7,1.0,3,0.01,0.0703326386422143,0.102842097006478,0.0975150664248822,0.1940536208220439,0.042906147826553,0.0430294259527255,0.1827196226617355,0.3160743956691858,0.5008307873720319
swarm,0.5,0.7,1.0,3,0.02,0.0699628275607114,0.1024531558541933,0.0955151144285038,0.1924800484940864,0.0426756713297957,0.042772149863322,0.1835236104411212,0.3144664201104143,0.4972396419574422
swarm,0.5,0.7,1.0,5,0.005,0.0706304291320257,0.1032266172068717,0.0967542629249478,0.1938145856067501,0.0425899126333279,0.042772149863322,0.1860963713351557,0.3147344160368762,0.4987940183309213
swarm,0.5,0.7,1.0,5,0.01,0.069610699002913,0.1020724956504598,0.0939453111399659,0.191004805966438,0.0427078308409712,0.0427453502706758,0.1835772096264137,0.3122688535134266,0.4958460631398402
swarm,0.5,0.7,1.0,5,0.02,0.0667511663808853,0.0996853540195747,0.0934054180883621,0.1910061358285111,0.0415286487645387,0.0423004770327491,0.1745725464972932,0.3056761537224634,0.4953100712869164
swarm,0.5,0.7,1.0,10,0.005,0.0694938607975925,0.1008866003969278,0.0958635266375082,0.189285658803592,0.0425577531221525,0.0423272766253952,0.1808972503617945,0.3117864608457951,0.4946668810634078
swarm,0.5,0.7,1.0,10,0.01,0.0677863855962915,0.1002401791797867,0.0939148711771948,0.1905066190808498,0.0417859248539422,0.042187918743635,0.1786996837648067,0.3083025138017902,0.4943452859516535
swarm,0.5,0.7,1.0,10,0.02,0.0697132359023664,0.1015955095634619,0.0960548792562977,0.1908774279778176,0.0428043093744975,0.0426649514927373,0.1802540601382859,0.3132872380339819,0.4952028729163317
swarm,0.5,0.7,2.0,1,0.005,0.0688176455052348,0.1011202180740628,0.094822245346561,0.1918132446301037,0.0423058369512783,0.0423406764217183,0.1809508495470868,0.3101784852870236,0.4953100712869164
swarm,0.5,0.7,2.0,1,0.01,0.0686571810034925,0.100621700623137,0.093806184297348,0.1895721946562757,0.0422200782548105,0.0422361580103982,0.1786996837648067,0.3081953154312054,0.4902717478694324
swarm,0.5,0.7,2.0,1,0.02,0.0680190227328827,0.1005046997082686,0.0952795532603528,0.1918246735127333,0.0417323256686498,0.0422066784584874,0.178592485394222,0.3100712869164388,0.4954708688427935
swarm,0.5,0.7,2.0,3,0.005,0.0698546162473098,0.1021961441722565,0.0956549352436553,0.1918337144229246,0.0425899126333279,0.0426086723481803,0.1822908291793964,0.3138768290721981,0.4953636704722088
swarm,0.5,0.7,2.0,3,0.01,0.0711977167801284,0.1023121091279069,0.0971471920344538,0.1894977385116925,0.0434474995980061,0.0426113523074449,0.1840060031087527,0.3152704078898001,0.4954708688427935
swarm,0.5,0.7,2.0,3,0.02,0.0708278369505368,0.1024356635747589,0.0970760557380397,0.1915654310031952,0.0425309535295063,0.0421262796805488,0.1818620356970574,0.3148952135927534,0.4928981079487591
swarm,0.5,0.7,2.0,5,0.005,0.0679688926060049,0.1001832566899537,0.0934115231675904,0.1893641219656275,0.0426327919815618,0.0426997909631773,0.1795036715441925,0.3130728412928124,0.4923621160958353
swarm,0.5,0.7,2.0,5,0.01,0.0683541863061377,0.1010639945297514,0.0946294728408349,0.1918493159193723,0.0418877633059977,0.0425309535295063,0.1788604813206839,0.3086241089135445,0.495953261510425
swarm,0.5,0.7,2.0,5,0.02,0.0699672592097126,0.1028075719797102,0.0954685832463771,0.1935683429541513,0.0430026263600793,0.0430374658305193,0.1858283754086938,0.315967197298601,0.5007235890014472
swarm,0.5,0.7,2.0,10,0.005,0.0695269964714261,0.1012993257160187,0.0964343705892955,0.1905736590066386,0.042547033285094,0.0424827142627432,0.1825588251058583,0.3137696307016133,0.4947204802487002
swarm,0.5,0.7,2.0,10,0.01,0.0684212120247804,0.1003095302489748,0.0942437521271907,0.1885699490845568,0.0425095138553894,0.042624752103768,0.183202015329367,0.3099640885458541,0.4923621160958353
swarm,0.5,0.7,2.0,10,0.02,0.0695879699914449,0.1016707481569074,0.09628331394921,0.1915554292622102,0.0421450393954011,0.0422227582140751,0.1813796430294259,0.3128584445516428,0.4961676582515946
swarm,0.5,1.0,0.2,1,0.005,0.0699912921567536,0.1023889106386588,0.0968416780304656,0.1934694916543594,0.0428525486412606,0.0427828697003805,0.1861499705204481,0.316235193225063,0.4994908077397224
swarm,0.5,1.0,0.2,1,0.01,0.0700907457231695,0.1017373058315595,0.0958405907897952,0.1898924376695221,0.0424612745886262,0.0424049954440692,0.1831484161440746,0.3130728412928124,0.4955780672133784
swarm,0.5,1.0,0.2,1,0.02,0.0695607395921453,0.1016956672817975,0.0958714030922075,0.1915467484937972,0.0428257490486144,0.0427775097818513,0.182237229994104,0.3154848046309696,0.4965428525486413
swarm,0.5,1.0,0.2,3,0.005,0.0682711424451307,0.1012689975214398,0.0944457957725032,0.1930987337061079,0.0420753604545211,0.0425389934073002,0.1780564935412981,0.3072841292812349,0.4934876989869754
swarm,0.5,1.0,0.2,3,0.01,0.0706606391529665,0.1034383815529559,0.0966426320381479,0.1951798016429719,0.0432116631827196,0.0430642654231655,0.1883475371174358,0.3156456021868468,0.5006163906308624
swarm,0.5,1.0,0.2,3,0.02,0.0703637587464346,0.1030300186399755,0.0954167146119034,0.1933016492674057,0.0426006324703864,0.0428123492522913,0.1835236104411212,0.3132872380339819,0.4983116256632899
swarm,0.5,1.0,0.2,5,0.005,0.0692621366440213,0.1016284453957169,0.0951603397280287,0.1917984081719536,0.0422200782548105,0.0423969555662753,0.1812188454735488,0.3086777080988369,0.4928445087634668
swarm,0.5,1.0,0.2,5,0.01,0.0688739286154208,0.1010389166564367,0.0932470592473123,0.1893195845815701,0.042230798091869,0.0423004770327491,0.1852923835557699,0.3113576673634561,0.4954708688427935
swarm,0.5,1.0,0.2,5,0.02,0.068740904679743,0.0997770871260078,0.0946077972271576,0.1868076214611779,0.0422951171142198,0.0419413624912901,0.1786996837648067,0.3104464812134855,0.4896285576459238
swarm,0.5,1.0,0.2,10,0.005,0.0691828196463227,0.1011564252260536,0.0962207898295121,0.1916963970506684,0.0419145628986439,0.0420646406174626,0.1778420968001286,0.3087849064694216,0.4947740794339926
swarm,0.5,1.0,0.2,10,0.01,0.0695865621956395,0.1013965406858803,0.0962265500073622,0.1903110739725475,0.0424612745886262,0.0423567561773061,0.1811652462882564,0.3163423915956477,0.4957388647692555
swarm,0.5,1.0,0.2,10,0.02,0.0686436165679943,0.099976579448057,0.0953992656123768,0.1884745144739591,0.0422951171142198,0.0420485608618749,0.1787532829500991,0.3089457040252988,0.4908613389076486
swarm,0.5,1.0,0.5,1,0.005,0.0698765222032594,0.1017499766537348,0.0956546595312746,0.1911098492492444,0.0429007879080238,0.0425711529184756,0.1835236104411212,0.3145200192957067,0.4947740794339926
swarm,0.5,1.0,0.5,1,0.01,0.069656104711147,0.102185110991215,0.0968967172941875,0.1929722049084178,0.0426649514927373,0.043131264404781,0.1788068821353915,0.3121080559575494,0.4991156134426757
swarm,0.5,1.0,0.5,1,0.02,0.0705335024836799,0.1032654811202447,0.097071890166652,0.1946210591640645,0.0434046202497722,0.0433644208608029,0.1824516267352736,0.3147880152221686,0.497346840328027
swarm,0.5,1.0,0.5,3,0.005,0.0713944914689557,0.1033419522674104,0.0991894401449155,0.1938455761270216,0.043243822693895,0.0430964249343409,0.185024387629308,0.3168247842632792,0.4976148362544889
swarm,0.5,1.0,0.5,3,0.01,0.0709049248224945,0.102518803647955,0.0965971841561087,0.1905364168838583,0.0432759822050704,0.0427560701077343,0.187114755855711,0.3165567883368173,0.4950420753604545
swarm,0.5,1.0,0.5,3,0.02,0.0676354395464127,0.100034803195845,0.0946251475096741,0.1904194916564321,0.0415500884386557,0.0422683175215736,0.1756445302031409,0.3067481374283111,0.4942916867663611
swarm,0.5,1.0,0.5,5,0.005,0.0689857292797871,0.1007160082793123,0.0955354022812082,0.1897395781885408,0.0421343195583427,0.0421959586214289,0.181111647102964,0.3094816958782226,0.4915045291311572
swarm,0.5,1.0,0.5,5,0.01,0.0698489604065936,0.1023069507018368,0.0947117716649233,0.1917403074670727,0.0426167122259741,0.0427533901484697,0.1803612585088706,0.3129656429222275,0.4964892533633488
swarm,0.5,1.0,0.5,5,0.02,0.0710091418478406,0.1029328780835213,0.0976068505028052,0.1933796241995373,0.0434314198424183,0.0428043093744975,0.1863107680763252,0.3183255614514659,0.495953261510425
swarm,0.5,1.0,0.5,10,0.005,0.0694205572675686,0.1018734181541936,0.0962839972343858,0.1932699912140204,0.0424291150774508,0.0425068338961247,0.1802540601382859,0.312054456772257,0.4989012167015061
swarm,0.5,1.0,0.5,10,0.01,0.0698462484891669,0.1017997758162202,0.0952932995993333,0.1899621092939655,0.042793589537439,0.042906147826553,0.1822908291793964,0.3124296510693037,0.4938628932840221
swarm,0.5,1.0,0.5,10,0.02,0.0688866968125247,0.1008453729070704,0.093392231906903,0.1883743085586159,0.0423004770327491,0.0424693144664201,0.1838452055528756,0.3087849064694216,0.4925765128370049
swarm,0.5,1.0,1.0,1,0.005,0.0690520373136371,0.1015253156527444,0.095826735930401,0.193609102519163,0.0426863911668542,0.0426703114112665,0.1774133033177895,0.3126976469957657,0.4977220346250737
swarm,0.5,1.0,1.0,1,0.01,0.0692694701468477,0.1016249201172675,0.0950730510816411,0.191151928233657,0.0421289596398134,0.0427748298225867,0.1814868414000107,0.3089993032105912,0.4937556949134373
swarm,0.5,1.0,1.0,1,0.02,0.0692799185271375,0.1014125709290911,0.0955030962138278,0.1910460509608465,0.0423969555662753,0.0425979525111218,0.1792356756177306,0.3126976469957657,0.4949348769898697
swarm,0.5,1.0,1.0,3,0.005,0.0699355347244636,0.1018086198894612,0.0981929612875455,0.1934694006363406,0.0428257490486144,0.0424157152811277,0.180414857694163,0.3144128209251219,0.4990620142573833
swarm,0.5,1.0,1.0,3,0.01,0.0671749178260249,0.0991436692637361,0.0918176360697862,0.1867000829501255,0.0415608082757142,0.0419092029801147,0.1773061049472048,0.3035857854960604,0.4890925657929999
swarm,0.5,1.0,1.0,3,0.02,0.0716192149542559,0.1028522818286569,0.0973672677171804,0.1910050387425103,0.0436136570724124,0.0427560701077343,0.1911882939379321,0.3183255614514659,0.4939700916546068
swarm,0.5,1.0,1.0,5,0.005,0.0711379808105278,0.1031713922312982,0.0981889216109822,0.1934663028182036,0.0434635793535938,0.0430374658305193,0.1859355737792785,0.3182719622661735,0.4986868199603366
swarm,0.5,1.0,1.0,5,0.01,0.0693493239385968,0.1016513165038313,0.0952303031853843,0.1909647771958457,0.0421771989065766,0.0425175537331832,0.1797716674706544,0.3085705097282521,0.4935412981722678
swarm,0.5,1.0,1.0,5,0.02,0.0695163837380952,0.1017450753745064,0.0949304743750281,0.1910541909197924,0.0419467224098193,0.0421664790695181,0.181111647102964,0.3111432706222865,0.495524468028086
swarm,0.5,1.0,1.0,10,0.005,0.070228129059988,0.1021616370953136,0.0955440318676947,0.1905862532408292,0.0423004770327491,0.042378195851423,0.1845419949616766,0.3122688535134266,0.4942380875810687
swarm,0.5,1.0,1.0,10,0.01,0.0700510953910891,0.1025616897994028,0.0969224462334703,0.1938349212570166,0.0429704668489039,0.0428471887227314,0.1813796430294259,0.3158063997427239,0.4967036501045184
swarm,0.5,1.0,1.0,10,0.02,0.0693892978500523,0.1015189519786742,0.0966152834875717,0.1927320967604752,0.0430026263600793,0.0426997909631773,0.178592485394222,0.3133944364045666,0.4977756338103661
swarm,0.5,1.0,2.0,1,0.005,0.0705037047081342,0.1031487252793885,0.0967857439215928,0.1935053213739994,0.0426113523074449,0.042849868681996,0.1837380071822908,0.3153240070750924,0.4979364313662432
swarm,0.5,1.0,2.0,1,0.01,0.0702780079442006,0.1027165940794057,0.0964970253041351,0.1932563080513377,0.0426274320630326,0.0427962694967036,0.1833092136999517,0.3129120437369352,0.4972932411427346
swarm,0.5,1.0,2.0,1,0.02,0.0684645171845637,0.1004343086046654,0.0944614827571627,0.1896963723782199,0.0424612745886262,0.0424585946293616,0.178592485394222,0.3117328616605027,0.492040520984081
swarm,0.5,1.0,2.0,3,0.005,0.0705890328270428,0.1031464733388367,0.0953900136272898,0.1924901752036099,0.0428471887227314,0.0429383073377284,0.1858819745939861,0.3130192421075199,0.4970788444015651
swarm,0.5,1.0,2.0,3,0.01,0.0708090774672252,0.1029218088749771,0.0974476997852381,0.1937930855848742,0.0425631130406817,0.0423594361365707,0.1835772096264137,0.312751246181058,0.4954172696575012
swarm,0.5,1.0,2.0,3,0.02,0.0682627895917487,0.0996630413964005,0.0929122513567989,0.1861816734395904,0.041512569008951,0.0418609637133515,0.1763949187972343,0.3066409390577263,0.4915581283164495
swarm,0.5,1.0,2.0,5,0.005,0.0711934823392318,0.1040185683751969,0.0977117103288564,0.1960434998270689,0.0433831805756552,0.0432706222865412,0.1862035697057404,0.3160743956691858,0.5009379857426167
swarm,0.5,1.0,2.0,5,0.01,0.0710900420630925,0.1037127673322564,0.0992125439636392,0.196540251683407,0.0428364688856729,0.0429677868896392,0.1844347965910918,0.3154312054456772,0.5000267995926462
swarm,0.5,1.0,2.0,5,0.02,0.0689141467007086,0.101095462044773,0.0956337146217643,0.1904861349237536,0.0423272766253952,0.0426220721445034,0.1782708902824677,0.3131264404781047,0.4951492737310393
swarm,0.5,1.0,2.0,10,0.005,0.0691684422993064,0.1009879825048506,0.0947156359620775,0.1890103104485584,0.0422254381733397,0.0424076754033338,0.1821300316235193,0.312322452698719,0.4908077397223562
swarm,0.5,1.0,2.0,10,0.01,0.069457863538828,0.1016886842578417,0.0950348361954533,0.1913741063094061,0.0428150292115559,0.0427614300262636,0.1792356756177306,0.3137160315163209,0.4955780672133784
swarm,0.5,1.0,2.0,10,0.02,0.0687211954663627,0.1003548888614818,0.0958207106190232,0.1896422851432673,0.0416948062389451,0.0418422039984992,0.1788068821353915,0.3088921048400064,0.4908613389076486
swarm,1.0,0.3,0.2,1,0.005,0.0691077323264947,0.1013360525914602,0.0956762612504784,0.1917407877473481,0.0428900680709653,0.042849868681996,0.1811652462882564,0.312322452698719,0.4963820549927641
swarm,1.0,0.3,0.2,1,0.01,0.0704848262407454,0.1026532893431526,0.0958722553750067,0.1918672092552687,0.0432116631827196,0.0429463472155223,0.1845955941469689,0.313448035589859,0.4953636704722088
swarm,1.0,0.3,0.2,1,0.02,0.0716212379428236,0.1041999480338334,0.0986118280928837,0.1960468650207694,0.0437422951171142,0.0433027817977166,0.1862035697057404,0.3175751728573726,0.5023315645602187
swarm,1.0,0.3,0.2,3,0.005,0.0680703138629944,0.1007313659856706,0.0935312121235414,0.1912635844482301,0.0419092029801147,0.0423701559736292,0.1781100927265905,0.3081417162459131,0.493434099801683
swarm,1.0,0.3,0.2,3,0.01,0.0695559196129678,0.1011971846235949,0.0953876237519916,0.190020300579195,0.0426488717371495,0.0425095138553894,0.1810580479176716,0.3138232298869057,0.4961140590663022
swarm,1.0,0.3,0.2,3,0.02,0.0675330566125879,0.0999193273174155,0.0929588272419872,0.1897941524637081,0.0415232888460095,0.0421155598434903,0.1761269228707723,0.3064265423165568,0.4928445087634668
swarm,1.0,0.3,0.2,5,0.005,0.0701215959843683,0.1021123191974908,0.0965449255280038,0.1919881993597672,0.0430294259527255,0.0426837112075896,0.1821836308088117,0.3156456021868468,0.4984188240338746
swarm,1.0,0.3,0.2,5,0.01,0.0684169736657436,0.1011679676470421,0.0954161547153432,0.1926069957226756,0.0420324811062871,0.0427319504743527,0.1766093155384038,0.3108216755105322,0.4976684354397813
swarm,1.0,0.3,0.2,5,0.02,0.0687281251359194,0.1001664132415937,0.0948397614726798,0.1883852539654942,0.041962802165407,0.0418582837540869,0.1767165139089885,0.3069625341694806,0.4897357560165085
swarm,1.0,0.3,0.2,10,0.005,0.0685713794964824,0.1005667460388484,0.0947359987922444,0.1894571830027922,0.0426006324703864,0.0427962694967036,0.1783780886530524,0.3122152543281342,0.4915045291311572
swarm,1.0,0.3,0.2,10,0.01,0.0694942494117552,0.1012476684778684,0.0953887332573062,0.1903994407285728,0.0424880741812724,0.0422281181326043,0.1819692340676421,0.3129120437369352,0.4950420753604545
swarm,1.0,0.3,0.2,10,0.02,0.0694096686214233,0.1021313520643817,0.0941941691061303,0.1915808831943818,0.0421289596398134,0.0427480302299405,0.1782708902824677,0.3080345178753283,0.4945060835075306
swarm,1.0,0.3,0.5,1,0.005,0.0688632028139937,0.1004801347051328,0.0944652625831708,0.1889346994030864,0.0423111968698075,0.0422897571956906,0.178592485394222,0.307712922763574,0.4912901323899877
swarm,1.0,0.3,0.5,1,0.01,0.0716147774760685,0.1043552304245151,0.098960469994407,0.1960055204945055,0.043694055850351,0.0435493380500616,0.1886155330438977,0.3181111647102964,0.5034035482660664
swarm,1.0,0.3,0.5,1,0.02,0.0682851408225679,0.0999584918746251,0.0940646930044926,0.1889365562975123,0.0420592806989333,0.0420726804952564,0.178592485394222,0.3074985260224044,0.4906469421664791
swarm,1.0,0.3,0.5,3,0.005,0.0692213028200898,0.1011286871312711,0.0952916836694243,0.1902584471279486,0.0427507101892051,0.0426381519000911,0.1824516267352736,0.3143056225545371,0.494827678619285
swarm,1.0,0.3,0.5,3,0.01,0.0699080272315603,0.1025490327772118,0.0966597467223903,0.1942389197508223,0.042884708152436,0.0427453502706758,0.1823444283646888,0.3156456021868468,0.5009379857426167
swarm,1.0,0.3,0.5,3,0.02,0.0712644022954657,0.1034079306280871,0.0968143498844212,0.1925965109774415,0.0433831805756552,0.0431473441603687,0.1869539582998338,0.3180039663397116,0.4989548158867985
swarm,1.0,0.3,0.5,5,0.005,0.0706161574000028,0.1027970905842656,0.0974809520177071,0.1926176867696581,0.0431366243233102,0.0431687838344857,0.1845419949616766,0.3162887924103553,0.496650050919226
swarm,1.0,0.3,0.5,5,0.01,0.0705602962914425,0.1026199920916973,0.0976534677288176,0.1927900809802091,0.0432277429383073,0.0429597470118454,0.1821300316235193,0.316235193225063,0.5012595808543711
swarm,1.0,0.3,0.5,5,0.02,0.0703009522697396,0.1024142771992203,0.0978153638879462,0.1923498245444067,0.0431795036715441,0.0432277429383073,0.1866323631880795,0.3176823712279573,0.4965964517339336
swarm,1.0,0.3,0.5,10,0.005,0.0686354734046658,0.1010037387996882,0.094145831204236,0.1909217154727294,0.042568472959211,0.0424827142627432,0.1800932625824087,0.311625663289918,0.4979364313662432
swarm,1.0,0.3,0.5,10,0.01,0.0713963559116917,0.1040088500995521,0.097272585113702,0.1950931465285,0.0432223830197781,0.0429275875006699,0.1862035697057404,0.316235193225063,0.5016883743367101
swarm,1.0,0.3,0.5,10,0.02,0.0712813864856688,0.1036271870077619,0.0986961552741083,0.1953369566571336,0.0435600578871201,0.0432250629790427,0.1833628128852441,0.3190223508602669,0.5020635686337568
swarm,1.0,0.3,1.0,1,0.005,0.0688564167362305,0.1018232655841771,0.0959169547094146,0.1937622745169629,0.0422843972771613,0.0427105108002358,0.1806828536206249,0.3103392828429008,0.5013667792249558
swarm,1.0,0.3,1.0,1,0.01,0.0698282291273568,0.1014385150188162,0.0958303908898211,0.1903413013629303,0.0433456611459505,0.0428391488449375,0.182934019402905,0.3139304282574905,0.4910221364635257
swarm,1.0,0.3,1.0,1,0.02,0.0716096256762788,0.1024695476565684,0.0981592734978751,0.1902941747848982,0.0434367797609476,0.0425899126333279,0.1859355737792785,0.3192367476014364,0.4961676582515946
swarm,1.0,0.3,1.0,3,0.005,0.0692646475869094,0.1016905888445495,0.0953776569986729,0.1919881034079758,0.0424451948330385,0.0426435118186203,0.1792356756177306,0.3117864608457951,0.4950420753604545
swarm,1.0,0.3,1.0,3,0.01,0.0679407854091225,0.1002893876976109,0.0924163962211447,0.1894504244017553,0.0419520823283486,0.0420941201693734,0.1799860642118239,0.3077665219488664,0.4908077397223562
swarm,1.0,0.3,1.0,3,0.02,0.0696474758921586,0.1015642858140341,0.0956219264441062,0.1910889393880096,0.0426435118186203,0.042624752103768,0.1817548373264726,0.3135016347751514,0.4925229136517124
swarm,1.0,0.3,1.0,5,0.005,0.0702268614294208,0.1028805960313295,0.0958195189291066,0.19252472112854,0.0424827142627432,0.0428632684783191,0.1836844079969984,0.3099104893605617,0.4965964517339336
swarm,1.0,0.3,1.0,5,0.01,0.069774116569828,0.1019141135641791,0.0951423591590836,0.1908812809125783,0.043152704078898,0.0431151846491933,0.1848635900734309,0.3145200192957067,0.4951492737310393
swarm,1.0,0.3,1.0,5,0.02,0.0709147718928735,0.1035539350501957,0.0978408485316761,0.1945290680448537,0.0432813421235997,0.0432786621643351,0.186846759929249,0.3162887924103553,0.4989012167015061
swarm,1.0,0.3,1.0,10,0.005,0.0708334942752391,0.1025792338736259,0.0965855179773369,0.1910190949108669,0.0430669453824301,0.042624752103768,0.1870611566704186,0.3144664201104143,0.4969180468456879
swarm,1.0,0.3,1.0,10,0.01,0.0689786795993034,0.1013856888966264,0.0951845936879451,0.1914854257511033,0.0419735220024655,0.0423621160958353,0.1818620356970574,0.3073913276518197,0.4945060835075306
swarm,1.0,0.3,1.0,10,0.02,0.069847612159073,0.1022697834531934,0.0961633379245193,0.1934673685106158,0.0426327919815618,0.0425095138553894,0.1831484161440746,0.3147880152221686,0.5004019938896929
swarm,1.0,0.3,2.0,1,0.005,0.0685967446446595,0.1002681670730834,0.0947542804379025,0.1891474593699768,0.0420860802915795,0.0421423594361365,0.1778420968001286,0.3101784852870236,0.4942380875810687
swarm,1.0,0.3,2.0,1,0.01,0.0673270432253955,0.0998026175724417,0.0929077560309732,0.1898646860061066,0.0417912847724714,0.0424076754033338,0.1762341212413571,0.3036393846813528,0.4919333226134962
swarm,1.0,0.3,2.0,1,0.02,0.067984429308522,0.0990943446224129,0.0940269015909081,0.1864887629721903,0.0415286487645387,0.041590287827625,0.1795036715441925,0.3055689553518786,0.4890925657929999
swarm,1.0,0.3,2.0,3,0.005,0.0670537158974382,0.09825061239483,0.092200024838172,0.184841520596497,0.0419896017580532,0.041927962694967,0.1766629147236962,0.3065873398724339,0.4830358578549606
swarm,1.0,0.3,2.0,3,0.01,0.0702831578992027,0.1029429745429221,0.0958348326015783,0.1925286725188129,0.0429383073377284,0.0430723053009594,0.1857747762234014,0.3136624323310286,0.5002947955191082
swarm,1.0,0.3,2.0,3,0.02,0.0698809668827868,0.101564372542256,0.0961633955292947,0.1897432352891787,0.0428043093744975,0.0427212306372943,0.1806828536206249,0.3135016347751514,0.4943452859516535
swarm,1.0,0.3,2.0,5,0.005,0.0689064529797012,0.1008434535491878,0.0947047238689882,0.1899225573286538,0.0423594361365707,0.0423406764217183,0.1791284772471458,0.3117328616605027,0.4904861446106019
swarm,1.0,0.3,2.0,5,0.01,0.0705290054419034,0.1027320885912453,0.0976416647245102,0.1936893067395398,0.0433295813903628,0.043053545586107,0.1857747762234014,0.3153776062603848,0.5000267995926462
swarm,1.0,0.3,2.0,5,0.02,0.0707889499134879,0.1029995787252898,0.0955546684919875,0.1914701823059897,0.043243822693895,0.0431446642011041,0.1839524039234603,0.311625663289918,0.498740419145629
swarm,1.0,0.3,2.0,10,0.005,0.0716428699603194,0.1029383421902794,0.0965625080774172,0.1904423398285237,0.0430240660341962,0.042321916706866,0.1874363509674653,0.3141984241839524,0.4933269014310982
swarm,1.0,0.3,2.0,10,0.01,0.0699590663287416,0.1017262664065696,0.0954238355523089,0.1897146130163138,0.0425416733665648,0.0425175537331832,0.1837916063675832,0.3122688535134266,0.4940236908398992
swarm,1.0,0.3,2.0,10,0.02,0.0692152400927737,0.1013301711327205,0.0953471406862456,0.1907485322505686,0.0428900680709653,0.0428981079487591,0.1812188454735488,0.3135016347751514,0.4976148362544889
swarm,1.0,0.5,0.2,1,0.005,0.0682062974418743,0.1006279675778546,0.0925412831120109,0.1888615281898089,0.0417537653427667,0.0423272766253952,0.178592485394222,0.3058905504636329,0.4929517071340515
swarm,1.0,0.5,0.2,1,0.01,0.0706612706674166,0.1026383594777425,0.0957048797882808,0.1908807620381594,0.0429758267674331,0.0428150292115559,0.183202015329367,0.3136624323310286,0.4974004395133194
swarm,1.0,0.5,0.2,1,0.02,0.0693097398728712,0.1009592776539498,0.0962318104969299,0.1900923176959572,0.0419896017580532,0.042187918743635,0.1795572707294849,0.310232084472316,0.4926301120222973
swarm,1.0,0.5,0.2,3,0.005,0.0699336756656169,0.101888061616679,0.0968331679297424,0.1909394628628699,0.04243447499598,0.0427265905558235,0.1813260438441335,0.3106072787693627,0.4957924639545479
swarm,1.0,0.5,0.2,3,0.01,0.068906374296821,0.1006470265700148,0.0936389084349577,0.1890724427969655,0.0425095138553894,0.0422066784584874,0.1784852870236372,0.307712922763574,0.488824569866538
swarm,1.0,0.5,0.2,3,0.02,0.0707612904699485,0.1027134689924635,0.0963984752728648,0.1921137874422735,0.0433027817977166,0.042906147826553,0.1828268210323203,0.3150024119633381,0.4949348769898697
swarm,1.0,0.5,0.2,5,0.005,0.0707625244867947,0.1031729455034207,0.096447706588899,0.1928144382049356,0.0432063032641903,0.043074985260224,0.1849171892587232,0.3161279948544782,0.4998124028514766
swarm,1.0,0.5,0.2,5,0.01,0.0716034406062129,0.1032109849386549,0.0970159055515578,0.191443994425537,0.0438173339765235,0.043243822693895,0.1882939379321434,0.3188615533043897,0.4992228118132604
swarm,1.0,0.5,0.2,5,0.02,0.0699297007659615,0.101103565672353,0.0951438987159433,0.1871483526717426,0.0426274320630326,0.042321916706866,0.1838988047381679,0.3136624323310286,0.4930053063193439
swarm,1.0,0.5,0.2,10,0.005,0.0708200299675229,0.1030421015969732,0.0976146172537752,0.19274248176386,0.0427507101892051,0.0429731468081685,0.1814868414000107,0.3141984241839524,0.4983116256632899
swarm,1.0,0.5,0.2,10,0.01,0.06763356105346,0.1007501808089296,0.0918959579747966,0.1912823495344916,0.0420056815136409,0.0427185506780296,0.1764485179825266,0.3076593235782816,0.4979900305515356
swarm,1.0,0.5,0.2,10,0.02,0.0695656616870162,0.1022874228644336,0.0954561139779241,0.1932395384884876,0.0421289596398134,0.0424076754033338,0.1805756552500402,0.3093744975076379,0.4971860427721498
swarm,1.0,0.5,0.5,1,0.005,0.0679057823511518,0.1001873552816327,0.094655415167558,0.1899268675294446,0.0418824033874685,0.042321916706866,0.1814332422147183,0.3106608779546551,0.496650050919226
swarm,1.0,0.5,0.5,1,0.01,0.0698819818015092,0.1023811150518344,0.0952384420790613,0.1921254470506758,0.0423111968698075,0.042455914670097,0.1834700112558289,0.3104464812134855,0.4937020957281449
swarm,1.0,0.5,0.5,1,0.02,0.0694890324925031,0.1018090266246771,0.0952998284321041,0.1918843705203379,0.0429811866859623,0.0428793482339068,0.1817012381411802,0.3126440478104733,0.498740419145629
swarm,1.0,0.5,0.5,3,0.005,0.0702678670609078,0.1023246143217391,0.096512743501558,0.1926308967293993,0.0430991048936056,0.0426408318593557,0.1855067802969394,0.3158063997427239,0.4956852655839631
swarm,1.0,0.5,0.5,3,0.01,0.0707791196759903,0.1026823306514483,0.0969531864389828,0.1920098659354237,0.0428203891300852,0.0425791927962695,0.1837380071822908,0.3125904486251809,0.4949348769898697
swarm,1.0,0.5,0.5,3,0.02,0.0688467461205563,0.1015474680865584,0.0949661136219802,0.1914852278194445,0.0423915956477461,0.0428552286005252,0.1795572707294849,0.3109824730664094,0.4970788444015651
swarm,1.0,0.5,0.5,5,0.005,0.0694802384060482,0.1020071488480835,0.0964075431641396,0.1923107358067491,0.0425523932036233,0.0429222275821407,0.1805220560647478,0.3135016347751514,0.4964356541780565
swarm,1.0,0.5,0.5,5,0.01,0.0698373289701596,0.1018095389050569,0.0948191068980954,0.1898645454905522,0.0428096692930267,0.0426220721445034,0.1823444283646888,0.3130192421075199,0.4949884761751621
swarm,1.0,0.5,0.5,5,0.02,0.0696323457326231,0.1014470577856828,0.0953551557493853,0.1901581990393617,0.0430079862786085,0.0428177091708205,0.1826660234764431,0.3124832502545961,0.4956316663986707
swarm,1.0,0.5,0.5,10,0.005,0.0668488825039284,0.0986204938853909,0.0924157420265949,0.1865007431946923,0.0411641743045505,0.0417108859945328,0.1782172910971753,0.3039073806078147,0.4888781690518304
swarm,1.0,0.5,0.5,10,0.01,0.0712176750175447,0.1031371833620529,0.0966042010765448,0.1923507313826446,0.0433671008200675,0.0428150292115559,0.1884547354880205,0.3159135981133086,0.4982044272927051
swarm,1.0,0.5,0.5,10,0.02,0.068411464288012,0.1007718352266284,0.0952608096766205,0.1912111853426768,0.0417912847724714,0.0423138768290722,0.1780028943560057,0.3060513480195101,0.4898429543870933
swarm,1.0,0.5,1.0,1,0.005,0.0687574416674948,0.1009854196986494,0.0948224273230428,0.1919143879439882,0.0424398349145093,0.0422468778474567,0.1802540601382859,0.3099640885458541,0.4958996623251326
swarm,1.0,0.5,1.0,1,0.01,0.0695832922607575,0.1019645312951962,0.0953241238679374,0.1922175174308659,0.0426756713297957,0.0426301120222972,0.1817012381411802,0.3115184649193332,0.4950956745457469
swarm,1.0,0.5,1.0,1,0.02,0.0722554956701433,0.1041249824518626,0.0987191691671667,0.1932929321396046,0.0437798145468188,0.0432170231012488,0.18641796644691,0.3203623304925765,0.4995980061103071
swarm,1.0,0.5,1.0,3,0.005,0.0681261752131014,0.0997814026077985,0.0924538486942933,0.1862645295143869,0.0423111968698075,0.0422522377659859,0.1799860642118239,0.3119472584016723,0.4898429543870933
swarm,1.0,0.5,1.0,3,0.01,0.0714385562410315,0.1034438739592237,0.0976461996047423,0.193560436487132,0.0437262153615265,0.0430803451787532,0.1878651444498043,0.3144664201104143,0.4984188240338746
swarm,1.0,0.5,1.0,3,0.02,0.0696850179270528,0.1014525694526645,0.0959912904707648,0.1912415550187834,0.0426649514927373,0.0423621160958353,0.1811652462882564,0.312751246181058,0.4935948973575602
swarm,1.0,0.5,1.0,5,0.005,0.0703253008381689,0.1018266001839387,0.096639475794737,0.1902328851975016,0.0430562255453717,0.0426274320630326,0.1821836308088117,0.3150560111486305,0.4962212574368869
swarm,1.0,0.5,1.0,5,0.01,0.069354706810186,0.1016346773366157,0.0955555766110397,0.19170194085502,0.0425631130406817,0.0425416733665648,0.1800396633971163,0.3139304282574905,0.4974540386986117
swarm,1.0,0.5,1.0,5,0.02,0.0668705617482308,0.0993212908139989,0.0927498341407664,0.1890257393621849,0.0413356916974862,0.0422013185399581,0.1763413196119419,0.3038537814225224,0.4949348769898697
swarm,1.0,0.5,1.0,10,0.005,0.0693472825331517,0.1011855524181571,0.0963401971039701,0.1906009854797938,0.0424398349145093,0.0424371549552446,0.1773061049472048,0.3121616551428418,0.4953100712869164
swarm,1.0,0.5,1.0,10,0.01,0.0691093196475667,0.1011726804526683,0.095144409296482,0.1904780564198239,0.042321916706866,0.0425148737739186,0.1809508495470868,0.3099640885458541,0.4938628932840221
swarm,1.0,0.5,1.0,10,0.02,0.0694712797749058,0.1013776637969344,0.094709125135684,0.1891705934369287,0.0423326365439245,0.0425738328777402,0.1808972503617945,0.3105536795840703,0.4922549177252506
swarm,1.0,0.5,2.0,1,0.005,0.0713272247965515,0.103760827571272,0.0978386586688729,0.1945837969800429,0.0434528595165353,0.0431044648121348,0.1841668006646299,0.3176823712279573,0.5002411963338157
swarm,1.0,0.5,2.0,1,0.01,0.0692574138992352,0.1013177565537934,0.0943827749316992,0.1910649095846044,0.0428096692930267,0.0424505547515677,0.1825588251058583,0.3118936592163799,0.4935948973575602
swarm,1.0,0.5,2.0,1,0.02,0.0694455996626791,0.1021042096130157,0.0959856645685973,0.19409714910916,0.0431044648121348,0.0429517071340515,0.1800396633971163,0.3163959907809401,0.4993836093691376
swarm,1.0,0.5,2.0,3,0.005,0.0719105824547198,0.1024493343432588,0.0993311430519387,0.189526674229581,0.0432599024494827,0.0424827142627432,0.1874899501527576,0.3182719622661735,0.4942380875810687
swarm,1.0,0.5,2.0,3,0.01,0.0692840189750145,0.1008546679606881,0.0946813010365484,0.1882577586942819,0.0425309535295063,0.0423647960550999,0.1863643672616176,0.3114112665487484,0.494130889210484
swarm,1.0,0.5,2.0,3,0.02,0.0710525833179035,0.1030712997543875,0.0974260128334115,0.1934334154040204,0.0430937449750763,0.042793589537439,0.1867931607439567,0.3161279948544782,0.4977220346250737
swarm,1.0,0.5,2.0,5,0.005,0.0680933356280208,0.1002099065283832,0.09324523755625,0.1885747476511968,0.0421825588251058,0.0423111968698075,0.1812188454735488,0.3088921048400064,0.4905397437958943
swarm,1.0,0.5,2.0,5,0.01,0.0706871592740919,0.1030120180622256,0.0982818699595925,0.1949335534948304,0.0431044648121348,0.0429677868896392,0.1872755534115881,0.3171999785603259,0.5009915849279091
swarm,1.0,0.5,2.0,5,0.02,0.0678036507454517,0.0996317241605088,0.0918468328204678,0.1865799098671509,0.0415661681942434,0.0419788819209948,0.1795572707294849,0.303532186310768,0.4868949991960122
swarm,1.0,0.5,2.0,10,0.005,0.0689430662746073,0.1010880850014836,0.0940470633836631,0.1897407710813846,0.0423004770327491,0.0423540762180414,0.1806292544353326,0.3099104893605617,0.4943452859516535
swarm,1.0,0.5,2.0,10,0.01,0.0694211457649738,0.1015696626178813,0.0967746679731166,0.1919289515651202,0.0424880741812724,0.0426676314520019,0.179718068285362,0.309535295063515,0.4929517071340515
swarm,1.0,0.5,2.0,10,0.02,0.0694508580337998,0.1013433479554611,0.095513634654606,0.1902478818503635,0.0424398349145093,0.0424880741812724,0.1793428739883154,0.3132872380339819,0.4964356541780565
swarm,1.0,0.7,0.2,1,0.005,0.067865490288149,0.0995200270196622,0.0930182348847184,0.1869464212872236,0.0416680066462989,0.0419762019617301,0.1775205016883743,0.3068017366136035,0.4901109503135552
swarm,1.0,0.7,0.2,1,0.01,0.0664926479570396,0.0988585840442622,0.090810840994103,0.1867909988502617,0.0415018491718925,0.0421611191509889,0.1746261456825856,0.303532186310768,0.4866806024548427
swarm,1.0,0.7,0.2,1,0.02,0.0699129784228192,0.1021258565031451,0.0959684551453568,0.191678004872189,0.0425309535295063,0.0428579085597898,0.183630808811706,0.3107680763252398,0.4932733022458058
swarm,1.0,0.7,0.2,3,0.005,0.071067896873059,0.1031968949405364,0.0973305084590836,0.1920885568054912,0.0431366243233102,0.0431017848528702,0.1864715656322023,0.3157528005574315,0.4975612370691965
swarm,1.0,0.7,0.2,3,0.01,0.0688401211082386,0.1012174347282888,0.0946704675980628,0.19120053501283,0.0422039984992228,0.0425229136517124,0.1817548373264726,0.3129656429222275,0.4958996623251326
swarm,1.0,0.7,0.2,3,0.02,0.0686098821087573,0.1009258371687877,0.0932971215736545,0.1897197061883042,0.0421128798842257,0.0423942756070107,0.1799324650265316,0.3087849064694216,0.4945060835075306
swarm,1.0,0.7,0.2,5,0.005,0.067588837324525,0.0996157724109543,0.092611510173321,0.1879043803778337,0.0423379964624537,0.0423111968698075,0.17719890657662,0.3075521252076968,0.4937020957281449
swarm,1.0,0.7,0.2,5,0.01,0.0722892424823556,0.1045796905111672,0.0982965663886938,0.1945241970929153,0.0431580639974272,0.0428820281931714,0.1872219542262957,0.3182719622661735,0.5000267995926462
swarm,1.0,0.7,0.2,5,0.02,0.0708467126623967,0.1029100201960488,0.0975342947892035,0.1928753520841138,0.0436672562577048,0.0432545425309535,0.1863107680763252,0.3167175858926944,0.5006163906308624
swarm,1.0,0.7,0.2,10,0.005,0.0689061793728519,0.1007193078254951,0.0952545645874403,0.1899495523523077,0.0425095138553894,0.04239963552554,0.17719890657662,0.3101248861017313,0.4935412981722678
swarm,1.0,0.7,0.2,10,0.01,0.0698855301679592,0.1018598229374562,0.0966614837648363,0.1916280792428035,0.0421021600471672,0.0421932786621643,0.1830948169587822,0.3128048453663504,0.4961676582515946
swarm,1.0,0.7,0.2,10,0.02,0.0696425070719237,0.1019294099488608,0.0959126269597694,0.1920622697382236,0.0432813421235997,0.0431473441603687,0.180414857694163,0.3144128209251219,0.4982044272927051
swarm,1.0,0.7,0.5,1,0.005,0.0683312340366694,0.1016092778389578,0.0930336129085932,0.1917457478255617,0.0421932786621643,0.0428739883153776,0.1809508495470868,0.3129656429222275,0.5004555930749852
swarm,1.0,0.7,0.5,1,0.01,0.0689480735585197,0.1006093015556479,0.0941019701040571,0.1883123959712549,0.04187168355041,0.0419681620839363,0.1824516267352736,0.3071233317253578,0.4907005413517714
swarm,1.0,0.7,0.5,1,0.02,0.0703589993342451,0.101707560655412,0.0943357172244268,0.1873605023999241,0.043040145789784,0.0426435118186203,0.1869003591145414,0.3142520233692448,0.493434099801683
swarm,1.0,0.7,0.5,3,0.005,0.0697830175568556,0.1022623906594656,0.0965642325667568,0.1935027570922304,0.0426059923889156,0.0425925925925926,0.1827732218470279,0.316235193225063,0.5002411963338157
swarm,1.0,0.7,0.5,3,0.01,0.069910745166384,0.1020953748066088,0.0961824118210162,0.1924312060205566,0.0431366243233102,0.0426944310446481,0.1817012381411802,0.3132872380339819,0.4930589055046363
swarm,1.0,0.7,0.5,3,0.02,0.0713968738792862,0.1028947839846653,0.0980545142570758,0.1915716496826675,0.043040145789784,0.0427292705150881,0.1879187436350967,0.320147933751407,0.4978292329956584
swarm,1.0,0.7,0.5,5,0.005,0.0687182569917383,0.1000270650916506,0.0944907515924147,0.1876479956021071,0.0420056815136409,0.0419011631023208,0.1803612585088706,0.3095888942488074,0.4884493755694913
swarm,1.0,0.7,0.5,5,0.01,0.0677331042537547,0.0996524366947925,0.0925340777475752,0.1875201074719643,0.0419145628986439,0.0422227582140751,0.1780028943560057,0.307016133354773,0.4895749584606313
swarm,1.0,0.7,0.5,5,0.02,0.067305829649391,0.0999860554626678,0.0941246243478679,0.1908392591809905,0.042187918743635,0.0427775097818513,0.1747333440531704,0.3080345178753283,0.4958460631398402
swarm,1.0,0.7,0.5,10,0.005,0.0708014962151493,0.102671364787324,0.096780268908711,0.1915951636785687,0.0430669453824301,0.0427024709224419,0.1848635900734309,0.3155920030015544,0.494827678619285
swarm,1.0,0.7,0.5,10,0.01,0.0695865833962234,0.1011366526213581,0.0951854026336581,0.1888849974479207,0.0425631130406817,0.0426086723481803,0.1820228332529345,0.3107144771399475,0.4911293348341105
swarm,1.0,0.7,0.5,10,0.02,0.0702557727541719,0.1026519175065644,0.0974590588127883,0.1941759884982483,0.0426756713297957,0.0426354719408265,0.179289274803023,0.3130728412928124,0.4970252452162727
swarm,1.0,0.7,1.0,1,0.005,0.0674588023673942,0.0994217353116499,0.0933139252604225,0.1886332187401313,0.0417484054242375,0.0418824033874685,0.1763413196119419,0.307444926837112,0.4912901323899877
swarm,1.0,0.7,1.0,1,0.01,0.0701864233386769,0.10240669901453,0.0957244941208002,0.1914867356868962,0.0426917510853835,0.0426971110039127,0.1848099908881385,0.3118936592163799,0.4958996623251326
swarm,1.0,0.7,1.0,1,0.02,0.070434842817744,0.1027382292211856,0.0974023197753534,0.1938678048729294,0.0433135016347751,0.0430026263600793,0.1828804202176127,0.3161815940397706,0.4983652248485823
swarm,1.0,0.7,1.0,3,0.005,0.070543528571475,0.1025481550985149,0.0974364277075705,0.1923437378936663,0.043468939272123,0.0430374658305193,0.180414857694163,0.3158599989280163,0.4967572492898108
swarm,1.0,0.7,1.0,3,0.01,0.0689489798380616,0.1017143648657315,0.095135898032933,0.1929164586232137,0.0422575976845151,0.0426756713297957,0.1814868414000107,0.307444926837112,0.4977756338103661
swarm,1.0,0.7,1.0,3,0.02,0.068421386500197,0.1003870182896587,0.0941703342607971,0.1892068834400084,0.0416304872165943,0.0420673205767272,0.1806292544353326,0.3068553357988958,0.4904325454253095
swarm,1.0,0.7,1.0,5,0.005,0.0687343685911761,0.1009039435538387,0.0951504152433266,0.1913332444886323,0.0423111968698075,0.0424532347108324,0.178592485394222,0.3088921048400064,0.4942916867663611
swarm,1.0,0.7,1.0,5,0.01,0.0682141372096654,0.1006101155205925,0.0942436418580166,0.1901228491341136,0.0418984831430562,0.0424693144664201,0.1810044487323792,0.3078737203194511,0.4925229136517124
swarm,1.0,0.7,1.0,5,0.02,0.070349574666136,0.1033996673939923,0.095415992799784,0.1938464407922814,0.043152704078898,0.0434260599238891,0.1860963713351557,0.312322452698719,0.4972932411427346
swarm,1.0,0.7,1.0,10,0.005,0.069155955822968,0.1012673866231418,0.0952587626844797,0.1906568022514934,0.0421128798842257,0.0423701559736292,0.1780564935412981,0.3094280966929302,0.4956316663986707
swarm,1.0,0.7,1.0,10,0.01,0.0698575011597103,0.1021823052515354,0.0966288593333205,0.1928450827552514,0.0424666345071554,0.0427185506780296,0.1844347965910918,0.3143056225545371,0.4958460631398402
swarm,1.0,0.7,1.0,10,0.02,0.0686677372229906,0.1008492667027799,0.0943102046580618,0.1900411061185484,0.0421825588251058,0.0422790373586321,0.1803076593235782,0.3105536795840703,0.495953261510425
swarm,1.0,0.7,2.0,1,0.005,0.0713774937637026,0.1033256847291694,0.09735031201228,0.1929372085974036,0.0433939004127137,0.0428016294152328,0.186846759929249,0.3177895695985421,0.4992764109985528
swarm,1.0,0.7,2.0,1,0.01,0.068814975414909,0.1013777892346461,0.094493097073625,0.1918947953624995,0.0424773543442139,0.0427882296189097,0.1786996837648067,0.3097496918046846,0.4971860427721498
swarm,1.0,0.7,2.0,1,0.02,0.0693356977078279,0.1012934685999703,0.0954479966014561,0.1903525053248781,0.0424451948330385,0.0425336334887709,0.1800932625824087,0.3093208983223455,0.4975612370691965
swarm,1.0,0.7,2.0,3,0.005,0.0709733726123029,0.1037705151481694,0.0971241877963441,0.1946079351223929,0.0428364688856729,0.0433724607385967,0.1840060031087527,0.312751246181058,0.4993300101838452
swarm,1.0,0.7,2.0,3,0.01,0.0680137119133924,0.1004309363508104,0.0938921632628198,0.1902906103981524,0.0421182398027549,0.0425416733665648,0.175108538350217,0.3078737203194511,0.4908077397223562
swarm,1.0,0.7,2.0,3,0.02,0.0692076793076274,0.1012226904370819,0.0974527539824217,0.1925930111045516,0.042884708152436,0.0427399903521466,0.1817012381411802,0.3160207964838934,0.4956852655839631
swarm,1.0,0.7,2.0,5,0.005,0.0685948472685261,0.1006852669698071,0.0944653014624778,0.1902058894662761,0.0425631130406817,0.042490754140537,0.180414857694163,0.3102856836576084,0.4919869217987886
swarm,1.0,0.7,2.0,5,0.01,0.0697637704338612,0.1019126483199208,0.0956532296961021,0.1921208222891864,0.0426917510853835,0.0424264351181862,0.185024387629308,0.3126976469957657,0.495524468028086
swarm,1.0,0.7,2.0,5,0.02,0.0697542997273771,0.102076038486576,0.0966423349964571,0.1931812943813491,0.0424612745886262,0.0426676314520019,0.1797716674706544,0.3125368494398885,0.4970788444015651
swarm,1.0,0.7,2.0,10,0.005,0.0680552620963873,0.1004140286969975,0.092970067715431,0.1893134308886852,0.0420110414321702,0.0424451948330385,0.1786460845795144,0.3054081577960015,0.4928445087634668
swarm,1.0,0.7,2.0,10,0.01,0.0708201555595557,0.1030391388507686,0.0964392262238295,0.1920581916993866,0.0432277429383073,0.0431017848528702,0.1842739990352146,0.3174143753014954,0.5006699898161548
swarm,1.0,0.7,2.0,10,0.02,0.0670499463486281,0.09874357757235,0.0926113310563308,0.1867994274525932,0.041646566972182,0.0418850833467331,0.1766629147236962,0.3065337406871415,0.4886101731253685
swarm,1.0,1.0,0.2,1,0.005,0.0694500581706372,0.1016474446775278,0.0963007980086237,0.1918225304180355,0.0425041539368601,0.0425604330814171,0.1791284772471458,0.3130192421075199,0.4957388647692555
swarm,1.0,1.0,0.2,1,0.01,0.0685549908703565,0.1009476186651306,0.0946592151173441,0.1906728340853672,0.0423326365439245,0.0426676314520019,0.1784316878383448,0.3107144771399475,0.4963284558074717
swarm,1.0,1.0,0.2,1,0.02,0.0697023380307959,0.1014194757662116,0.0951318522970803,0.1894199863564272,0.0428418288042021,0.0425389934073002,0.1822908291793964,0.3139304282574905,0.4927909095781744
swarm,1.0,1.0,0.2,3,0.005,0.0705907282809423,0.1030332717689362,0.0958397343156687,0.1929836119314954,0.0429222275821407,0.042906147826553,0.1857747762234014,0.3128048453663504,0.4949348769898697
swarm,1.0,1.0,0.2,3,0.01,0.0682751753179643,0.1008388723536471,0.0942077289881628,0.1908901251289346,0.0423058369512783,0.0426059923889156,0.1784316878383448,0.3098568901752693,0.4926837112075896
swarm,1.0,1.0,0.2,3,0.02,0.0671145226011823,0.099945920194897,0.0935312355327397,0.1908251087757259,0.0416948062389451,0.0425309535295063,0.1761805220560647,0.3067481374283111,0.4947204802487002
swarm,1.0,1.0,0.2,5,0.005,0.0710301855906441,0.1026844551526761,0.0980514103511829,0.1920231825970857,0.043377820657126,0.0429892265637562,0.1841668006646299,0.3174143753014954,0.4956316663986707
swarm,1.0,1.0,0.2,5,0.01,0.0710324650220175,0.1033147655206867,0.0967119921539539,0.1927971571775208,0.0432063032641903,0.0430615854639009,0.1865251648174948,0.3152168087045077,0.4962212574368869
swarm,1.0,1.0,0.2,5,0.02,0.0687873525577187,0.1012236588698157,0.0948307145134072,0.1910599077028428,0.0424773543442139,0.0428445087634667,0.1771453073913276,0.3110896714369942,0.4939700916546068
swarm,1.0,1.0,0.2,10,0.005,0.0716250582379461,0.1030852424960233,0.0980704921354777,0.1923889480708652,0.043243822693895,0.0425148737739186,0.1874899501527576,0.3158599989280163,0.4960068606957174
swarm,1.0,1.0,0.2,10,0.01,0.0702750392407227,0.1015075978889845,0.0960339621714805,0.1887134744538795,0.0426917510853835,0.042230798091869,0.1841668006646299,0.3154312054456772,0.4928981079487591
swarm,1.0,1.0,0.2,10,0.02,0.0698312210571085,0.1020445330775234,0.0964395287074448,0.1925779525545758,0.0428525486412606,0.0427614300262636,0.179718068285362,0.3114648657340408,0.497346840328027
swarm,1.0,1.0,0.5,1,0.005,0.0687845810921809,0.1011643354828264,0.0934814045966334,0.1896051300654697,0.04187168355041,0.0424157152811277,0.1797716674706544,0.308838505654714,0.4934876989869754
swarm,1.0,1.0,0.5,1,0.01,0.0697171263609303,0.1022680706377761,0.0943687959199603,0.191130824795983,0.042793589537439,0.0429704668489039,0.1843811974057994,0.3137160315163209,0.4979900305515356
swarm,1.0,1.0,0.5,1,0.02,0.0668782378624518,0.0994554775761814,0.0922965271031071,0.1886433793596548,0.0412177734898429,0.0421289596398134,0.1768237122795733,0.3046577692019081,0.4918797234282039
swarm,1.0,1.0,0.5,3,0.005,0.0686476944516629,0.1002057642063623,0.0951967980149014,0.189328738595156,0.0422415179289274,0.0421771989065766,0.1795036715441925,0.3090529023958835,0.4892533633488771
swarm,1.0,1.0,0.5,3,0.01,0.0680481508709727,0.1005580555325914,0.0928121109189524,0.1892010309658127,0.0416787264833574,0.0423755158921584,0.1762341212413571,0.3062657447606796,0.4915581283164495
swarm,1.0,1.0,0.5,3,0.02,0.0682494409707511,0.100607924852499,0.0936496739480151,0.1901603505943938,0.0421075199656965,0.0424398349145093,0.1794500723589001,0.3053009594254167,0.4925229136517124
swarm,1.0,1.0,0.5,5,0.005,0.0697418789325587,0.1021384406676865,0.0968700562479582,0.1933873011672979,0.0425899126333279,0.0427909095781744,0.182934019402905,0.312322452698719,0.498472423219167
swarm,1.0,1.0,0.5,5,0.01,0.0713179790818113,0.103416863135988,0.0981603340363734,0.1932441203732648,0.0433992603312429,0.0430615854639009,0.18641796644691,0.3198263386396526,0.4994372085544299
swarm,1.0,1.0,0.5,5,0.02,0.0685612830241952,0.1008572781822174,0.0948454322781196,0.1905162821536922,0.0423165567883368,0.0425363134480355,0.1798252666559468,0.3098032909899769,0.4929517071340515
swarm,1.0,1.0,0.5,10,0.005,0.0693482567451508,0.1019724087698442,0.0951766665361763,0.192457752020604,0.0420807203730503,0.0424666345071554,0.1801468617677011,0.3079809186900359,0.4951492737310393
swarm,1.0,1.0,0.5,10,0.01,0.0689086718432278,0.101182465465076,0.094466940647469,0.1903856609789906,0.0418234442836468,0.0421209197620196,0.1797716674706544,0.3093208983223455,0.4950956745457469
swarm,1.0,1.0,0.5,10,0.02,0.0676121919351933,0.0998583389283626,0.0934467989718693,0.1883707923507381,0.0415608082757142,0.0423326365439245,0.1761805220560647,0.3053009594254167,0.49134373157528
swarm,1.0,1.0,1.0,1,0.005,0.0698029314594959,0.1010342713680909,0.0953456580837,0.1877231571346036,0.0427560701077343,0.0424934340998016,0.1838452055528756,0.3130192421075199,0.4890925657929999
swarm,1.0,1.0,1.0,1,0.01,0.0704862452918058,0.1023006481054146,0.0972840098284082,0.1925166492678457,0.0431687838344857,0.0427212306372943,0.1850779868146004,0.314841614407461,0.4972932411427346
swarm,1.0,1.0,1.0,1,0.02,0.068188070153724,0.1000568672937041,0.0944732415713069,0.1881830239944024,0.0425631130406817,0.0428123492522913,0.1801468617677011,0.3116792624752104,0.4924693144664201
swarm,1.0,1.0,1.0,3,0.005,0.0684848107719453,0.1010622019600151,0.094953301526742,0.1915785403391922,0.0420914402101088,0.0426971110039127,0.1752157367208018,0.3082489146164978,0.4960604598810098
swarm,1.0,1.0,1.0,3,0.01,0.0718491777576165,0.1028661678668126,0.0993174284578697,0.1913267290362742,0.0438816529988744,0.042884708152436,0.1852923835557699,0.3207375247896232,0.4984188240338746
swarm,1.0,1.0,1.0,3,0.02,0.0690262660915734,0.1020363769493271,0.0943719098593776,0.1930168164110741,0.0424291150774508,0.0427989494559682,0.1826124242911507,0.3094280966929302,0.4982044272927051
swarm,1.0,1.0,1.0,5,0.005,0.0680980386746648,0.0999401894614663,0.0932803262638808,0.1876638051337982,0.0416572868092405,0.0419762019617301,0.1779492951707134,0.308409712172375,0.4923621160958353
swarm,1.0,1.0,1.0,5,0.01,0.0713985109288542,0.103295828630903,0.096889373178894,0.1922735856333563,0.0430026263600793,0.042681031248325,0.1873291525968805,0.3163423915956477,0.498740419145629
swarm,1.0,1.0,1.0,5,0.02,0.0697938317116282,0.1022604684211315,0.0966748718873524,0.1927118530943488,0.0426703114112665,0.0428927480302299,0.1826660234764431,0.313448035589859,0.4999732004073538
swarm,1.0,1.0,1.0,10,0.005,0.0679685846644211,0.0997902146868931,0.0928865292081219,0.187591552288849,0.0427775097818513,0.0426140322667095,0.182237229994104,0.3114648657340408,0.492040520984081
swarm,1.0,1.0,1.0,10,0.01,0.0687944428108774,0.1006502872176698,0.0951556282959734,0.1906076291485468,0.0426113523074449,0.042265637562309,0.1788068821353915,0.3138232298869057,0.4925765128370049
swarm,1.0,1.0,1.0,10,0.02,0.0717160961404577,0.103977385838401,0.0988186730707729,0.1947415006643405,0.0432491826124242,0.0432357828161011,0.1831484161440746,0.3157528005574315,0.4996516052955995
swarm,1.0,1.0,2.0,1,0.005,0.0689372556795793,0.10155496823913,0.0940781120248356,0.1912649328908449,0.0422843972771613,0.042772149863322,0.1827732218470279,0.3081953154312054,0.4976684354397813
swarm,1.0,1.0,2.0,1,0.01,0.0690110442874393,0.1022501457972517,0.0952547956046317,0.1944967740932302,0.042321916706866,0.0428364688856729,0.1815940397705955,0.3111432706222865,0.4991156134426757
swarm,1.0,1.0,2.0,1,0.02,0.071517308398712,0.1039730528043129,0.0970072420005517,0.1935943430566084,0.0436458165835879,0.0434662593128584,0.1886691322291901,0.3173071769309106,0.498472423219167
swarm,1.0,1.0,2.0,3,0.005,0.0710210722807265,0.1032809557311262,0.0971014729758979,0.1935416410513463,0.0423379964624537,0.0425014739775955,0.1862035697057404,0.3126440478104733,0.4991156134426757
swarm,1.0,1.0,2.0,3,0.01,0.0710302795199512,0.1021452297006587,0.0990316509982731,0.1916728888167911,0.0434796591091815,0.0424585946293616,0.1807900519912097,0.3185935573779279,0.4979364313662432
swarm,1.0,1.0,2.0,3,0.02,0.070736083178702,0.1026638943365412,0.0981040703649143,0.1930966812649146,0.0429811866859623,0.042793589537439,0.183202015329367,0.3160207964838934,0.4976684354397813
swarm,1.0,1.0,2.0,5,0.005,0.0691362290592811,0.1015835121834717,0.0943665928691412,0.1910101246174508,0.042118239802755,0.0424880741812724,0.1781100927265905,0.3083025138017902,0.4941844883957764
swarm,1.0,1.0,2.0,5,0.01,0.071225321560437,0.1038890193407578,0.0984707272984655,0.1960892054673008,0.0434582194350645,0.0432357828161012,0.1875971485233424,0.3197727394543603,0.5028675564131425
swarm,1.0,1.0,2.0,5,0.02,0.0699829937898887,0.1023235330618254,0.0963959760149628,0.1924886982631709,0.042343356380983,0.042512193814654,0.1848635900734309,0.3129656429222275,0.4971860427721498
swarm,1.0,1.0,2.0,10,0.005,0.0685373639317639,0.1006924998413429,0.093852905313013,0.1900584376999827,0.0424987940183309,0.0425604330814171,0.1796644691000696,0.3110360722517017,0.4933805006163906
swarm,1.0,1.0,2.0,10,0.01,0.070184704602941,0.1018404357318085,0.0958630684333572,0.1905521347620805,0.0426059923889156,0.0423460363402476,0.1830412177734898,0.3097496918046846,0.4928981079487591
swarm,1.0,1.0,2.0,10,0.02,0.0697163317541132,0.101199141187397,0.0953797055955818,0.1890379266546934,0.0426649514927373,0.0422736774401029,0.1832556145146593,0.3132872380339819,0.4941844883957764
swarm,1.5,0.3,0.2,1,0.005,0.0701030912256964,0.1019081986664903,0.0956914112713392,0.1900073981794963,0.0425041539368601,0.0423915956477461,0.184327598220507,0.3112504689928713,0.491611727501742
swarm,1.5,0.3,0.2,1,0.01,0.0696672858102325,0.1016191200763823,0.0966393405812539,0.1924203564942251,0.0426971110039127,0.0425818727555341,0.1781100927265905,0.3110360722517017,0.492737310392882
swarm,1.5,0.3,0.2,1,0.02,0.0715820649432437,0.1032036146484344,0.0968499628684782,0.1906953752125225,0.0435171785388862,0.0431473441603687,0.1891515248968215,0.3176287720426649,0.494827678619285
swarm,1.5,0.3,0.2,3,0.005,0.0696597199229597,0.1015860530351377,0.0955639546548276,0.1905974676540067,0.0430562255453717,0.0427265905558235,0.1840596022940451,0.3139840274427828,0.492737310392882
swarm,1.5,0.3,0.2,3,0.01,0.0693431156882542,0.1009967665889163,0.0944442389309779,0.1889743035827089,0.0424827142627432,0.0424291150774508,0.1828268210323203,0.308409712172375,0.4919333226134962
swarm,1.5,0.3,0.2,3,0.02,0.0711282225564196,0.1039584951783738,0.0972747586812466,0.1950786545759598,0.043131264404781,0.0432411427346304,0.1859891729645709,0.316235193225063,0.5017955727072948
swarm,1.5,0.3,0.2,5,0.005,0.0712519290737309,0.1039571531927431,0.0981717318089968,0.1952209051576967,0.0430723053009594,0.0433831805756552,0.1854531811116471,0.3162887924103553,0.5006163906308624
swarm,1.5,0.3,0.2,5,0.01,0.0714688580970759,0.1031511344241829,0.097125302183666,0.1914146910911907,0.0430937449750763,0.0427319504743527,0.1912954923085169,0.3153776062603848,0.4947204802487002
swarm,1.5,0.3,0.2,5,0.02,0.0697188032502103,0.101788615420685,0.0952805417952112,0.1912590892991973,0.0429543870933161,0.0426435118186203,0.1830948169587822,0.3142520233692448,0.495256472101624
swarm,1.5,0.3,0.2,10,0.005,0.0694868785663665,0.1015937999388886,0.0959900247282592,0.1919870640625023,0.0428096692930267,0.0426354719408265,0.1791284772471458,0.3126440478104733,0.4958996623251326
swarm,1.5,0.3,0.2,10,0.01,0.0694865799363807,0.1013963889287895,0.0943401473518688,0.1892150915943138,0.0422683175215736,0.0422415179289274,0.1811652462882564,0.3126440478104733,0.490914938092941
swarm,1.5,0.3,0.2,10,0.02,0.0700285782547931,0.1018702889319844,0.0960652782356723,0.1906304731105059,0.0427989494559682,0.0426622715334726,0.1843811974057994,0.3128584445516428,0.4928445087634668
swarm,1.5,0.3,0.5,1,0.005,0.0693929863052394,0.101627748728899,0.0953858293462022,0.1921790232276622,0.0429597470118454,0.0427453502706758,0.1842739990352146,0.3147880152221686,0.4976684354397813
swarm,1.5,0.3,0.5,1,0.01,0.0696726922433129,0.1016422349108263,0.0954369996286613,0.1901685475215338,0.0424719944256847,0.0427024709224419,0.1827196226617355,0.3123760518840113,0.4950420753604545
swarm,1.5,0.3,0.5,1,0.02,0.0694193872252885,0.1007009365587548,0.0942621409758938,0.1878512632323304,0.0428471887227314,0.0422897571956906,0.1830948169587822,0.312322452698719,0.4890925657929999
swarm,1.5,0.3,0.5,3,0.005,0.0702666156449295,0.1024598599407341,0.0967281608492553,0.1934349257268201,0.0430562255453717,0.0427426703114112,0.1849707884440156,0.3130728412928124,0.496650050919226
swarm,1.5,0.3,0.5,3,0.01,0.0678925013106284,0.1004287289268518,0.0929991804184271,0.1890856909405313,0.0420592806989333,0.0426542316556788,0.1813796430294259,0.308838505654714,0.4950420753604545
swarm,1.5,0.3,0.5,3,0.02,0.0693860636671213,0.1010647432880909,0.0960700987026966,0.1902692458723112,0.0427453502706758,0.0427641099855282,0.1808972503617945,0.3110896714369942,0.4937020957281449
swarm,1.5,0.3,0.5,5,0.005,0.0699172371836881,0.1021353983145382,0.0957054883958372,0.1920175737840231,0.042772149863322,0.0426515516964142,0.1821836308088117,0.3139304282574905,0.4968644476603955
swarm,1.5,0.3,0.5,5,0.01,0.0690469966536383,0.1001887279875352,0.094551647886053,0.1864030828669349,0.0424183952403923,0.0423245966661306,0.1830948169587822,0.3136088331457362,0.4887709706812456
swarm,1.5,0.3,0.5,5,0.02,0.0686655275974076,0.1006554608356219,0.0952466280096098,0.1908576089635524,0.0427399903521466,0.042793589537439,0.1797716674706544,0.3130728412928124,0.4938628932840221
swarm,1.5,0.3,0.5,10,0.005,0.0705320955648428,0.1018600914182889,0.09765322086951,0.1910831632140996,0.0429865466044916,0.0424693144664201,0.1830948169587822,0.3160743956691858,0.4939700916546068
swarm,1.5,0.3,0.5,10,0.01,0.0695062335948645,0.1016104821783138,0.096589908266168,0.1919149739816183,0.0426488717371495,0.0426059923889156,0.1817012381411802,0.3139840274427828,0.497346840328027
swarm,1.5,0.3,0.5,10,0.02,0.0701921939424599,0.1015661515406901,0.0973578443811149,0.1904120568091508,0.042884708152436,0.0426140322667095,0.1828268210323203,0.3150024119633381,0.494827678619285
swarm,1.5,0.3,1.0,1,0.005,0.0681474546399818,0.1006079713968818,0.093524106327799,0.1906454236691564,0.0416840864018866,0.0419440424505547,0.179718068285362,0.3082489146164978,0.4919333226134962
swarm,1.5,0.3,1.0,1,0.01,0.0686165897140975,0.1006705064544142,0.0933357262676692,0.1886714994870472,0.0422575976845152,0.0424934340998016,0.1804684568794554,0.306319343945972,0.4917189258723267
swarm,1.5,0.3,1.0,1,0.02,0.0678838640349419,0.1000576061887479,0.0933073113079899,0.1898032283827882,0.0418877633059977,0.0422254381733397,0.1767701130942809,0.3072841292812349,0.4939164924693144
swarm,1.5,0.3,1.0,3,0.005,0.0675569635269528,0.0990895952605213,0.0932630945839267,0.1867442894830208,0.0418127244465884,0.0419440424505547,0.1776812992442515,0.3079273195047435,0.4890389666077075
swarm,1.5,0.3,1.0,3,0.01,0.0688520536940458,0.1011158610911557,0.0953671805344574,0.1911928254519456,0.0424023154848046,0.0425845527147987,0.1773061049472048,0.312322452698719,0.4969716460309803
swarm,1.5,0.3,1.0,3,0.02,0.0684623802469223,0.1001714057282859,0.0944682221804056,0.1883777615663085,0.0423755158921584,0.0424827142627432,0.1796108699147773,0.3100712869164388,0.4929517071340515
swarm,1.5,0.3,1.0,5,0.005,0.0702423503044761,0.1033313963721433,0.0969630142678018,0.1947142194965183,0.0428043093744975,0.0432491826124242,0.1800396633971163,0.3145200192957067,0.5024923621160958
swarm,1.5,0.3,1.0,5,0.01,0.0679284095905524,0.1001290009828882,0.0931337281452007,0.1887568258921178,0.0420271211877579,0.0424505547515677,0.1773061049472048,0.3077665219488664,0.4912365332046953
swarm,1.5,0.3,1.0,5,0.02,0.0706676593144452,0.103478927164606,0.097158728231927,0.1947446931615581,0.0433939004127137,0.0434769791499169,0.1849707884440156,0.3175215736720801,0.5017419735220024
swarm,1.5,0.3,1.0,10,0.005,0.0679557653826048,0.0995978732130039,0.0933423451673997,0.1874949488966023,0.0424130353218631,0.0422549177252505,0.1780028943560057,0.3086777080988369,0.4903789462400171
swarm,1.5,0.3,1.0,10,0.01,0.0695363732705795,0.1013354323466748,0.0946046984079677,0.1891339122855503,0.0424719944256847,0.0423755158921584,0.1836844079969984,0.3115184649193332,0.495256472101624
swarm,1.5,0.3,1.0,10,0.02,0.0687513896679203,0.1010321523053456,0.0947977178137155,0.1905105411134451,0.0423111968698075,0.0426997909631773,0.181111647102964,0.3131264404781047,0.4954708688427935
swarm,1.5,0.3,2.0,1,0.005,0.0672394938840286,0.0995301198795918,0.0930793391962385,0.1887431141427699,0.04130889210484,0.0420056815136409,0.1756445302031409,0.3059441496489253,0.4924693144664201
swarm,1.5,0.3,2.0,1,0.01,0.0690744699872304,0.1014893324919285,0.095178669239334,0.1919264274594414,0.0421825588251058,0.0424398349145093,0.1788068821353915,0.3094280966929302,0.4962748566221793
swarm,1.5,0.3,2.0,1,0.02,0.0686207160007942,0.1001587612781893,0.0944505446707624,0.188254226709275,0.0421557592324596,0.042265637562309,0.1785388862089296,0.3079809186900359,0.489521359275339
swarm,1.5,0.3,2.0,3,0.005,0.0684427184241929,0.1002723456776339,0.0952227930055519,0.1889522729403646,0.042681031248325,0.0427962694967036,0.1785388862089296,0.3141984241839524,0.4932197030605135
swarm,1.5,0.3,2.0,3,0.01,0.069264507697015,0.1016448177651184,0.0943809446162853,0.1912876695486028,0.0429811866859623,0.0428069893337621,0.1852923835557699,0.3136088331457362,0.4946132818781154
swarm,1.5,0.3,2.0,3,0.02,0.0690463839523733,0.1016627457079456,0.0950715658539116,0.1919166485584108,0.0420914402101088,0.0423915956477461,0.1833628128852441,0.3129656429222275,0.4991156134426757
swarm,1.5,0.3,2.0,5,0.005,0.071020708352686,0.1032304345007286,0.0977890065275375,0.1935833055937026,0.0435118186203569,0.0431044648121348,0.1821300316235193,0.3185399581926355,0.5012059816690786
swarm,1.5,0.3,2.0,5,0.01,0.0702083800174228,0.1027330412038805,0.0965230927005306,0.19386449169602,0.0431848635900734,0.0430026263600793,0.1819156348823498,0.316235193225063,0.5005091922602777
swarm,1.5,0.3,2.0,5,0.02,0.0695470886663919,0.1020798510179364,0.0956154257375247,0.1922468359450662,0.0421932786621643,0.0426086723481803,0.1792356756177306,0.3099640885458541,0.4957388647692555
swarm,1.5,0.3,2.0,10,0.005,0.0697034805785134,0.1028270004009943,0.0966198401721056,0.1952122427197157,0.0426435118186203,0.0431821836308088,0.1815404405853031,0.3128584445516428,0.5014203784102481
swarm,1.5,0.3,2.0,10,0.01,0.0680272268164255,0.1001900520038377,0.0933280214604537,0.1897896109472313,0.0423915956477461,0.0422602776437798,0.179289274803023,0.3107144771399475,0.4945060835075306
swarm,1.5,0.3,2.0,10,0.02,0.0692658239323375,0.1016455978175832,0.0963142735241411,0.1924438737481168,0.0426917510853835,0.0427346304336174,0.1831484161440746,0.3121080559575494,0.495953261510425
swarm,1.5,0.5,0.2,1,0.005,0.0684978450894662,0.100503904817653,0.0926801589562534,0.1881294812084415,0.0419199228171731,0.0422013185399581,0.1807364528059173,0.3078201211341587,0.4945596826928231
swarm,1.5,0.5,0.2,1,0.01,0.0718377644563049,0.1047742443321186,0.097844070177922,0.1957534109051909,0.0431151846491933,0.0432063032641903,0.1884011363027282,0.3189687516749745,0.5031355523396044
swarm,1.5,0.5,0.2,1,0.02,0.0686144608750715,0.1009721376355484,0.0953609536241479,0.1924138355831892,0.0424666345071554,0.0424827142627432,0.1778420968001286,0.312054456772257,0.4974004395133194
swarm,1.5,0.5,0.2,3,0.005,0.0712018639877488,0.1033290873223459,0.0965857499302975,0.1920166146815616,0.0433403012274213,0.0430294259527255,0.1839524039234603,0.3160207964838934,0.4972932411427346
swarm,1.5,0.5,0.2,3,0.01,0.0709394420425279,0.102880620405733,0.0973826669319824,0.1925690560048615,0.0433403012274213,0.0429356273784638,0.1869539582998338,0.3177895695985421,0.4964356541780565
swarm,1.5,0.5,0.2,3,0.02,0.0685724936434036,0.1008241855645418,0.0925356835465961,0.1887184327729561,0.0422361580103982,0.0424961140590663,0.1807900519912097,0.3082489146164978,0.4939164924693144
swarm,1.5,0.5,0.2,5,0.005,0.0679878869402104,0.1001773257578201,0.0924291324536195,0.1881447241186285,0.0419520823283486,0.0424532347108324,0.1796644691000696,0.3073913276518197,0.4913973307605724
swarm,1.5,0.5,0.2,5,0.01,0.0689924691191742,0.1009407377496623,0.0951326403587463,0.189804737961243,0.041962802165407,0.042265637562309,0.180414857694163,0.3113040681781637,0.4954708688427935
swarm,1.5,0.5,0.2,5,0.02,0.0684471253017449,0.1010980897891458,0.0939005828313426,0.1910635848992104,0.0423058369512783,0.042715870718765,0.1792356756177306,0.3096960926193922,0.4968108484751032
swarm,1.5,0.5,0.2,10,0.005,0.0703084400624555,0.1029518566252204,0.0964436633264287,0.1941624508250529,0.0429275875006699,0.0428311089671437,0.1814332422147183,0.3159135981133086,0.4986868199603366
swarm,1.5,0.5,0.2,10,0.01,0.0701297194282593,0.102096487279712,0.0970714446494197,0.1921383462539514,0.0432920619606582,0.043074985260224,0.1840060031087527,0.3193439459720212,0.4999732004073538
swarm,1.5,0.5,0.2,10,0.02,0.0705002455290205,0.1028309955733063,0.0974428559516497,0.1938388466697058,0.043131264404781,0.0429704668489039,0.1827732218470279,0.3152704078898001,0.4997052044808919
swarm,1.5,0.5,0.5,1,0.005,0.0708344279370095,0.1027783914985937,0.0972079491475468,0.1926239205572477,0.043265262368012,0.0428766682746422,0.1840596022940451,0.3151096103339229,0.4993300101838452
swarm,1.5,0.5,0.5,1,0.01,0.0725459365582688,0.1041771260203761,0.1009037643454548,0.1955689095741547,0.0441282092512193,0.0433483411052152,0.1880795411909739,0.3222383019778099,0.5028675564131425
swarm,1.5,0.5,0.5,1,0.02,0.0689095718055314,0.1004923859366898,0.0965569602607515,0.1898075579450582,0.0422951171142198,0.042209358417752,0.1774669025030819,0.3124832502545961,0.4936484965428525
swarm,1.5,0.5,0.5,3,0.005,0.0705217323448544,0.1023143468186145,0.0976758162458859,0.192113119481608,0.0427399903521466,0.0424666345071554,0.1842203998499222,0.3155920030015544,0.4958996623251326
swarm,1.5,0.5,0.5,3,0.01,0.0687263831580692,0.0998557577754444,0.0955209221037616,0.1879580704135565,0.042568472959211,0.0422683175215736,0.177895695985421,0.3102856836576084,0.488127780457737
swarm,1.5,0.5,0.5,3,0.02,0.0715149366938631,0.1032655341516562,0.0985747439974868,0.1926763540422111,0.043018706115667,0.042715870718765,0.1863643672616176,0.3131800396633971,0.4957924639545479
swarm,1.5,0.5,0.5,5,0.005,0.0698292470964602,0.101750832380999,0.0961505264065082,0.1909915109955659,0.0428257490486144,0.0427131907595004,0.1838452055528756,0.3131800396633971,0.4953636704722088
swarm,1.5,0.5,0.5,5,0.01,0.0684146377179207,0.1015366197847989,0.0934031470896297,0.1923741588148822,0.0426167122259741,0.0430991048936056,0.1804684568794554,0.3113576673634561,0.4982044272927051
swarm,1.5,0.5,0.5,5,0.02,0.0722803388694375,0.1040365275433417,0.0993723660082049,0.1938617551526972,0.0435064587018277,0.0429195476228761,0.1862571688910328,0.3197727394543603,0.5000267995926462
swarm,1.5,0.5,0.5,10,0.005,0.0683264330776439,0.100108915794954,0.094234619523518,0.1885032137860591,0.0418663236318807,0.0422147183362812,0.1765557163531114,0.3094816958782226,0.492040520984081
swarm,1.5,0.5,0.5,10,0.01,0.0709461769020485,0.1037587774462942,0.0965980604152524,0.1944262881733938,0.0430562255453717,0.0430883850565471,0.1893659216379911,0.3154312054456772,0.5028675564131425
swarm,1.5,0.5,0.5,10,0.02,0.0699351079512771,0.1022441807028702,0.0955124708365647,0.1917808615240047,0.0429651069303746,0.042737310392882,0.1852387843704775,0.3125368494398885,0.4961140590663022
swarm,1.5,0.5,1.0,1,0.005,0.0679195255061122,0.1001184409553732,0.0942182108250418,0.1900830416856687,0.0420432009433456,0.0421932786621643,0.1763413196119419,0.3085705097282521,0.4923085169105429
swarm,1.5,0.5,1.0,1,0.01,0.0686427652717817,0.1012758400083174,0.094295085709615,0.1912355313552719,0.0417055260760036,0.0423808758106876,0.1771453073913276,0.3071769309106502,0.4933269014310982
swarm,1.5,0.5,1.0,1,0.02,0.0703439244974662,0.1022685651852851,0.0965977506406573,0.1917661393225012,0.0428632684783191,0.0426327919815618,0.1835772096264137,0.3144128209251219,0.4962748566221793
swarm,1.5,0.5,1.0,3,0.005,0.069346586201527,0.1018868358370023,0.0956084259746077,0.1926574670393718,0.0420003215951117,0.0422897571956906,0.1796108699147773,0.3111432706222865,0.4958460631398402
swarm,1.5,0.5,1.0,3,0.01,0.0706426195186385,0.1027153298421587,0.0974276073784049,0.1933266194515107,0.0432170231012488,0.0429007879080238,0.1805756552500402,0.3138232298869057,0.4990084150720909
swarm,1.5,0.5,1.0,3,0.02,0.0694605571669721,0.1017665711875317,0.0960877262632654,0.1919952717025159,0.0425791927962695,0.0426113523074449,0.1782708902824677,0.3107144771399475,0.4948812778045773
swarm,1.5,0.5,1.0,5,0.005,0.0691429182498237,0.1018022276304019,0.0953909139144525,0.1927135499667767,0.0421235997212842,0.0425711529184756,0.1782708902824677,0.3094280966929302,0.4981508281074128
swarm,1.5,0.5,1.0,5,0.01,0.0696162991781003,0.1021897394064533,0.0966283254063951,0.1935201272892363,0.0427024709224419,0.0428954279894945,0.1788604813206839,0.3137696307016133,0.4995444069250147
swarm,1.5,0.5,1.0,5,0.02,0.0707236028042539,0.103340462697966,0.0972861927532762,0.1941016072966272,0.0434957388647692,0.0434608993943292,0.1857747762234014,0.3172535777456182,0.4992764109985528
swarm,1.5,0.5,1.0,10,0.005,0.0709834421189481,0.1031399750760967,0.0966678586822487,0.1927020355202613,0.0428150292115559,0.0427078308409712,0.1878651444498043,0.3153240070750924,0.4979900305515356
swarm,1.5,0.5,1.0,10,0.01,0.0693251701626288,0.1011448955643205,0.096161152154625,0.1906331127944908,0.0421343195583427,0.0421262796805488,0.1780564935412981,0.3109824730664094,0.496650050919226
swarm,1.5,0.5,1.0,10,0.02,0.0678960086122329,0.1001183339239941,0.0931688425849332,0.1891618294169611,0.0424827142627432,0.0427024709224419,0.1807364528059173,0.3100712869164388,0.4890389666077075
swarm,1.5,0.5,2.0,1,0.005,0.0694561904846997,0.1012503084492683,0.0953937406131625,0.1897499209177602,0.0426542316556788,0.0425872326740633,0.1840596022940451,0.3141984241839524,0.4962212574368869
swarm,1.5,0.5,2.0,1,0.01,0.0676681482994828,0.1001809160611786,0.092556747745258,0.1894697691232296,0.0414857694163048,0.0420941201693734,0.1777884976148362,0.3039073806078147,0.4919869217987886
swarm,1.5,0.5,2.0,1,0.02,0.0666335213828273,0.0989329453858823,0.0915537565426007,0.1873995260595937,0.0412713726751353,0.0418877633059977,0.1762877204266495,0.3013882188990727,0.4884493755694913
swarm,1.5,0.5,2.0,3,0.005,0.0692118340857209,0.1017041291790395,0.0958216840191999,0.1922994655035457,0.042884708152436,0.042940987296993,0.1818620356970574,0.3145736184809991,0.4976148362544889
swarm,1.5,0.5,2.0,3,0.01,0.0698826284153938,0.1026002850953433,0.0955599334995543,0.1930072132032092,0.0428203891300852,0.0430133461971378,0.1842739990352146,0.3139840274427828,0.4992228118132604
swarm,1.5,0.5,2.0,3,0.02,0.0689703660048783,0.1011708230158408,0.0952406902074727,0.1918774354400279,0.0426113523074449,0.0427078308409712,0.1789140805059763,0.312054456772257,0.4962212574368869
swarm,1.5,0.5,2.0,5,0.005,0.0691998305139997,0.1007671768278972,0.0947115141456114,0.1892531390136883,0.0424023154848046,0.0421959586214289,0.181111647102964,0.3096424934340998,0.4896821568312162
swarm,1.5,0.5,2.0,5,0.01,0.0706220054578982,0.1032699248275316,0.0963406949344759,0.1931710057273988,0.0424183952403923,0.0427775097818513,0.1845955941469689,0.311625663289918,0.495953261510425
swarm,1.5,0.5,2.0,5,0.02,0.0697649218222165,0.1020138626013362,0.0961366628721719,0.1920235252728371,0.0429329474191992,0.0429597470118454,0.1817548373264726,0.3138232298869057,0.4957388647692555
swarm,1.5,0.5,2.0,10,0.005,0.0705707133981265,0.1022725856105418,0.0954741926140455,0.1904677934194978,0.0426703114112665,0.0424317950367154,0.1825588251058583,0.3120008575869646,0.4949348769898697
swarm,1.5,0.5,2.0,10,0.01,0.0698171007671096,0.1025423058772919,0.0957826165865717,0.193019154956979,0.0424666345071554,0.042715870718765,0.1797716674706544,0.3107680763252398,0.4968644476603955
swarm,1.5,0.5,2.0,10,0.02,0.0686468934397275,0.1010590466515973,0.0942230791010638,0.1904310121340167,0.0419252827357024,0.0424130353218631,0.1788604813206839,0.3079809186900359,0.4932197030605135
swarm,1.5,0.7,0.2,1,0.005,0.0717154837455224,0.1034835419280116,0.0986934601428859,0.1933831319194242,0.0437958943024066,0.0431285844455164,0.1876507477086348,0.3207375247896232,0.5028139572278502
swarm,1.5,0.7,0.2,1,0.01,0.0711466913778376,0.1033912260357037,0.0952478977027988,0.1920383328987125,0.0432116631827196,0.042940987296993,0.1856675778528166,0.3178967679691268,0.5012059816690786
swarm,1.5,0.7,0.2,1,0.02,0.0702566868488698,0.1033246639142743,0.0972823659287623,0.1958694548021907,0.04299726644155,0.0434207000053599,0.1800396633971163,0.3112504689928713,0.4985260224044595
swarm,1.5,0.7,0.2,3,0.005,0.0700435612265742,0.1028427487965363,0.0970514026665642,0.195783095698921,0.0427346304336174,0.0427051508817066,0.1838452055528756,0.3176823712279573,0.5041003376748674
swarm,1.5,0.7,0.2,3,0.01,0.0723225876166758,0.1042009553168334,0.0991465957415281,0.1945054751694989,0.0441764485179825,0.0433644208608029,0.1866859623733719,0.3217559093101785,0.5008307873720319
swarm,1.5,0.7,0.2,3,0.02,0.0709294843307363,0.1033065586497109,0.0961953478275024,0.1922956394045054,0.0435439781315324,0.043208983223455,0.1852923835557699,0.3170927801897411,0.4994372085544299
swarm,1.5,0.7,0.2,5,0.005,0.0701002450897306,0.1024982403094032,0.0950124350591659,0.1920846059532969,0.0427507101892051,0.0428793482339068,0.1845955941469689,0.3124832502545961,0.4997588036661842
swarm,1.5,0.7,0.2,5,0.01,0.0683448758088084,0.1001062167272157,0.0936893215126665,0.1871744413920909,0.0417537653427667,0.0420780404137857,0.1803076593235782,0.3071233317253578,0.4894677600900466
swarm,1.5,0.7,0.2,5,0.02,0.0709148083680445,0.1034519484858324,0.0977889640517672,0.1949914526925703,0.0427667899447928,0.042772149863322,0.1843811974057994,0.3175751728573726,0.5006699898161548
swarm,1.5,0.7,0.2,10,0.005,0.0700203233929221,0.1026072610674219,0.0962870696051036,0.193224117131181,0.0422951171142198,0.0426863911668542,0.1837380071822908,0.3117864608457951,0.4981508281074128
swarm,1.5,0.7,0.2,10,0.01,0.0715278837572715,0.1032415434493694,0.0979207459594272,0.1923336737291116,0.0435386182130031,0.0430991048936056,0.1877043468939272,0.3202015329366993,0.4982580264779975
swarm,1.5,0.7,0.2,10,0.02,0.0701192333413417,0.1024246007675876,0.0969521835542912,0.1942936203527954,0.0431205445677225,0.0427775097818513,0.1812724446588411,0.3131800396633971,0.5008843865573244
swarm,1.5,0.7,0.5,1,0.005,0.0704230021295446,0.1029773759622384,0.0975205279165576,0.1946004185611989,0.0431419842418395,0.0430374658305193,0.1835772096264137,0.3159135981133086,0.497346840328027
swarm,1.5,0.7,0.5,1,0.01,0.0705207296478757,0.1018818042348606,0.0977029100004601,0.1910404528696289,0.042884708152436,0.0422951171142198,0.1828268210323203,0.3146808168515838,0.4950420753604545
swarm,1.5,0.7,0.5,1,0.02,0.069787336290157,0.1013999707070218,0.0943868031927696,0.1888357026133927,0.0426220721445034,0.0423540762180414,0.1839524039234603,0.3102856836576084,0.4932733022458058
swarm,1.5,0.7,0.5,3,0.005,0.0690584932760078,0.1020960001418658,0.094797278676523,0.1933140446200887,0.0423862357292169,0.0429115077450822,0.1765557163531114,0.3101248861017313,0.4975612370691965
swarm,1.5,0.7,0.5,3,0.01,0.0675178882984487,0.0994841717410197,0.0930687961506022,0.1883365922128748,0.0414321702310125,0.0418180843651176,0.1776812992442515,0.3086777080988369,0.4915581283164495
swarm,1.5,0.7,0.5,3,0.02,0.0703842837177876,0.1021543749730385,0.0966272017614631,0.1912691618489211,0.0424451948330385,0.0423460363402476,0.183202015329367,0.3129656429222275,0.4942380875810687
swarm,1.5,0.7,0.5,5,0.005,0.0679336517731644,0.1006391846779336,0.0933955718754433,0.1906849562966474,0.0420700005359918,0.0425604330814171,0.1781100927265905,0.3095888942488074,0.4947740794339926
swarm,1.5,0.7,0.5,5,0.01,0.0697562542209193,0.1014464715176002,0.096898585164249,0.1915107423004368,0.0427507101892051,0.0425202336924478,0.1784316878383448,0.3146272176662915,0.4965428525486413
swarm,1.5,0.7,0.5,5,0.02,0.0685341776520863,0.1009936747336539,0.0949190088157615,0.1915579033617182,0.0420914402101088,0.04243447499598,0.1788604813206839,0.3098568901752693,0.4935948973575602
swarm,1.5,0.7,0.5,10,0.005,0.0679216060865335,0.1005582787099507,0.093885988234905,0.1908826499142967,0.0422575976845152,0.0428713083561129,0.1786996837648067,0.3103392828429008,0.4962748566221793
swarm,1.5,0.7,0.5,10,0.01,0.0708502382824639,0.1026278622269735,0.0987729405326508,0.1928602480653964,0.0434528595165353,0.0429945864822854,0.1856675778528166,0.3174143753014954,0.4971860427721498
swarm,1.5,0.7,0.5,10,0.02,0.0696844406731053,0.1016140262603167,0.0971565481443077,0.1921077867286094,0.0420860802915795,0.0422227582140751,0.1802004609529935,0.3126976469957657,0.4978292329956584
swarm,1.5,0.7,1.0,1,0.005,0.0694901770161089,0.1015517676944665,0.0965906302091351,0.1921622093800532,0.042884708152436,0.0425979525111218,0.1796644691000696,0.315967197298601,0.4979900305515356
swarm,1.5,0.7,1.0,1,0.01,0.0716449260861572,0.1031304311572195,0.0984288198005226,0.1925214206280835,0.0429811866859623,0.0425765128370048,0.1813260438441335,0.3146808168515838,0.4967572492898108
swarm,1.5,0.7,1.0,1,0.02,0.0712512371338868,0.1048143079103111,0.0988870046425655,0.1980561539610713,0.042793589537439,0.0434635793535938,0.1815940397705955,0.3144128209251219,0.5044219327866216
swarm,1.5,0.7,1.0,3,0.005,0.0705135689449554,0.1022390987004105,0.0981081598553396,0.192703280721989,0.0429436672562577,0.0423621160958353,0.1825588251058583,0.3156992013721391,0.4972396419574422
swarm,1.5,0.7,1.0,3,0.01,0.0713028067729794,0.1045269745083042,0.0988577638608062,0.197567685889984,0.0434260599238891,0.0435734576834432,0.1834164120705365,0.3185399581926355,0.5029211555984349
swarm,1.5,0.7,1.0,3,0.02,0.070724982590717,0.102600411612337,0.0981653485565932,0.1929167331612953,0.0430669453824301,0.0428364688856729,0.1838452055528756,0.3176823712279573,0.498472423219167
swarm,1.5,0.7,1.0,5,0.005,0.0713224932847579,0.1027466961666586,0.0989328875804397,0.1924810055038575,0.0435493380500616,0.0428257490486144,0.1859891729645709,0.3213807150131318,0.4989548158867985
swarm,1.5,0.7,1.0,5,0.01,0.0691230632533301,0.1012691253657296,0.0951020352408964,0.1914207141821078,0.0427560701077343,0.0424639545478908,0.1855067802969394,0.3128048453663504,0.4967036501045184
swarm,1.5,0.7,1.0,5,0.02,0.0675715942606954,0.1003359652385667,0.0929734985205733,0.1903043566238733,0.0420217612692287,0.0425068338961247,0.1798252666559468,0.3080345178753283,0.4927909095781744
swarm,1.5,0.7,1.0,10,0.005,0.0689052995135396,0.1009691149433716,0.0935947141855057,0.1891592175827438,0.0420807203730503,0.0424210751996569,0.1787532829500991,0.3071769309106502,0.49134373157528
swarm,1.5,0.7,1.0,10,0.01,0.0716002442211781,0.1033211610520505,0.100153232882007,0.1938199590324929,0.0432759822050704,0.0429945864822854,0.1864715656322023,0.3188079541190974,0.498472423219167
swarm,1.5,0.7,1.0,10,0.02,0.070441823232691,0.1031305530928097,0.0966749607461378,0.1938298696054869,0.0427882296189097,0.0430830251380179,0.182237229994104,0.3155920030015544,0.5015275767808329
swarm,1.5,0.7,2.0,1,0.005,0.0690694432455546,0.101134425778402,0.0951630658377487,0.1910323439200442,0.0421664790695181,0.0422951171142198,0.1779492951707134,0.3092136999517607,0.4924157152811277
swarm,1.5,0.7,2.0,1,0.01,0.0668647547460956,0.099131401788525,0.0928979997591969,0.1890241702182292,0.0412552929195476,0.0420083614729056,0.172589376641475,0.3032105911990138,0.4923085169105429
swarm,1.5,0.7,2.0,1,0.02,0.0685775522912908,0.1004820955591314,0.0939144236302285,0.1881621282804905,0.0419199228171731,0.0422575976845151,0.1812724446588411,0.3103928820281931,0.4918797234282039
swarm,1.5,0.7,2.0,3,0.005,0.0688809826244074,0.1013632698857807,0.094174140334594,0.1909070695746156,0.0416680066462989,0.0422602776437798,0.1806828536206249,0.3065337406871415,0.4946132818781154
swarm,1.5,0.7,2.0,3,0.01,0.0696459910009507,0.1018827336281812,0.0962476212918573,0.1921372283948919,0.0423915956477461,0.0426461917778849,0.1760733236854799,0.3128048453663504,0.4968108484751032
swarm,1.5,0.7,2.0,3,0.02,0.0705929758418514,0.1023524367802638,0.0973799609528223,0.1923095395496446,0.043040145789784,0.0426917510853835,0.1847027925175537,0.3152704078898001,0.4965428525486413
swarm,1.5,0.7,2.0,5,0.005,0.0687557309234642,0.1011512934406663,0.0937411869633931,0.1900314994994088,0.0417430455057083,0.0422736774401029,0.178592485394222,0.3074985260224044,0.4945060835075306
swarm,1.5,0.7,2.0,5,0.01,0.0680446180239235,0.1002018065333153,0.0929203625837405,0.1880496210369657,0.0421289596398134,0.0425282735702417,0.1800396633971163,0.3110360722517017,0.4931125046899287
swarm,1.5,0.7,2.0,5,0.02,0.0706542487853812,0.1036202567064041,0.097223409554445,0.1953055224980199,0.0433027817977166,0.0434153400868306,0.1840060031087527,0.3161279948544782,0.5029211555984349
swarm,1.5,0.7,2.0,10,0.005,0.0692501882540899,0.1017513031366919,0.0961950206871636,0.1935042655594797,0.0426381519000911,0.0427319504743528,0.1780028943560057,0.3125368494398885,0.4967572492898108
swarm,1.5,0.7,2.0,10,0.01,0.0695781199814147,0.1018287013959569,0.0954938854511884,0.1918534632839395,0.0427453502706758,0.0427346304336174,0.1813796430294259,0.3131264404781047,0.4974540386986117
swarm,1.5,0.7,2.0,10,0.02,0.0686426227696017,0.1004587899360706,0.0932260254905809,0.1883243294274957,0.0421075199656965,0.0421262796805488,0.1815404405853031,0.3107144771399475,0.4930053063193439
swarm,1.5,1.0,0.2,1,0.005,0.0693599376060773,0.1017002085110277,0.0954545443430946,0.1913885241519154,0.0425148737739186,0.0425845527147987,0.1845955941469689,0.3120008575869646,0.4968644476603955
swarm,1.5,1.0,0.2,1,0.01,0.0691698269860438,0.1009436354137752,0.0953781821720797,0.1901730099346029,0.0426488717371495,0.0422549177252505,0.1810580479176716,0.3126440478104733,0.4957924639545479
swarm,1.5,1.0,0.2,1,0.02,0.0705998253181397,0.1025049125984772,0.0967522461837698,0.1916383835502007,0.0434207000053599,0.0430830251380179,0.1861499705204481,0.3152168087045077,0.4935412981722678
swarm,1.5,1.0,0.2,3,0.005,0.0691605994767672,0.1012571772990224,0.0944719109596657,0.1899598225644052,0.0420056815136409,0.0421691590287827,0.17832448946776,0.3076593235782816,0.491611727501742
swarm,1.5,1.0,0.2,3,0.01,0.0703733043833698,0.1024486137868002,0.0962788987729114,0.1919261328056816,0.0431205445677225,0.0428632684783191,0.1839524039234603,0.3136624323310286,0.4950956745457469
swarm,1.5,1.0,0.2,3,0.02,0.0687738903913126,0.1005692253143599,0.0939958943829164,0.1884579008013443,0.0425952725518572,0.0425068338961247,0.1807364528059173,0.3122688535134266,0.4931661038752211
swarm,1.5,1.0,0.2,5,0.005,0.0694323366901027,0.1013333282757416,0.0954600703759784,0.1896343710982213,0.0421021600471672,0.0423085169105429,0.1804684568794554,0.3086241089135445,0.4952028729163317
swarm,1.5,1.0,0.2,5,0.01,0.0680005193804972,0.1002618098549029,0.093441133965605,0.1897769622399403,0.0425523932036233,0.0426837112075896,0.1808972503617945,0.3115184649193332,0.4960068606957174
swarm,1.5,1.0,0.2,5,0.02,0.0710613791102693,0.1032312497951706,0.097570104537483,0.1937446263694527,0.0429329474191992,0.0427399903521466,0.1873291525968805,0.3143056225545371,0.4984188240338746
swarm,1.5,1.0,0.2,10,0.005,0.0680487017824479,0.1011038751623373,0.0926026130435935,0.1914066451597623,0.0415232888460095,0.0423299565846599,0.17719890657662,0.3029961944578442,0.4905933429811867
swarm,1.5,1.0,0.2,10,0.01,0.0695084468480126,0.101595528650795,0.0949288012681829,0.1906477967560611,0.0428954279894945,0.0428123492522913,0.1799324650265316,0.3117328616605027,0.4945060835075306
swarm,1.5,1.0,0.2,10,0.02,0.069753782138308,0.1017262674829083,0.0947823279494352,0.1900425509732861,0.0424237551589215,0.0423701559736292,0.1822908291793964,0.3113576673634561,0.4962212574368869
swarm,1.5,1.0,0.5,1,0.005,0.0687242596218529,0.1001125872649017,0.0944946278795326,0.1880215253805797,0.0426649514927373,0.0422334780511336,0.1793428739883154,0.3113040681781637,0.4907541405370638
swarm,1.5,1.0,0.5,1,0.01,0.0701199364031841,0.1021537966935056,0.0972850645721213,0.1926118419729777,0.0426649514927373,0.0425336334887709,0.1837380071822908,0.3153776062603848,0.4954172696575012
swarm,1.5,1.0,0.5,1,0.02,0.0675427857655086,0.099804436616382,0.0938951904648859,0.1900510791796345,0.0416358471351235,0.0421209197620196,0.1767165139089885,0.3065337406871415,0.4912901323899877
swarm,1.5,1.0,0.5,3,0.005,0.0699676194922328,0.10180195958239,0.0961866321893021,0.1900276874571535,0.0422415179289274,0.0423674760143645,0.1813260438441335,0.3121080559575494,0.4934876989869754
swarm,1.5,1.0,0.5,3,0.01,0.0675595243068935,0.0998779026247436,0.0932755541691597,0.1892349230019378,0.0416197673795358,0.0421396794768719,0.1756445302031409,0.307016133354773,0.4971860427721498
swarm,1.5,1.0,0.5,3,0.02,0.0680307585671713,0.1000462129389371,0.0950132792804024,0.1898673695979728,0.0418234442836468,0.042209358417752,0.1778420968001286,0.3092672991370531,0.4929517071340515
swarm,1.5,1.0,0.5,5,0.005,0.069106187335306,0.1024697282112965,0.0940910030553732,0.1932501850685193,0.0419896017580532,0.0428552286005252,0.1834164120705365,0.3074985260224044,0.4972932411427346
swarm,1.5,1.0,0.5,5,0.01,0.0710081645456538,0.1027319249561259,0.0972855351831748,0.1920278964903359,0.0431044648121348,0.0426863911668542,0.1871683550410033,0.3155920030015544,0.495524468028086
swarm,1.5,1.0,0.5,5,0.02,0.0697021772069436,0.1018767998741178,0.0954815350226322,0.1911422026605235,0.0425523932036233,0.0426890711261188,0.1819692340676421,0.3115184649193332,0.4947740794339926
swarm,1.5,1.0,0.5,10,0.005,0.0701459611144336,0.1019199783504901,0.0961668541335254,0.1907188184487077,0.042681031248325,0.0426086723481803,0.1815404405853031,0.3124296510693037,0.4941844883957764
swarm,1.5,1.0,0.5,10,0.01,0.0701770258016267,0.1020797327677182,0.0962578279767065,0.1917748965265628,0.0428793482339068,0.0425175537331832,0.1830948169587822,0.3145736184809991,0.4968108484751032
swarm,1.5,1.0,0.5,10,0.02,0.0705321133008635,0.1024672529966978,0.0969044405106441,0.1915469596638801,0.0430830251380179,0.0428150292115559,0.1873827517821729,0.3179503671544192,0.4964356541780565
swarm,1.5,1.0,1.0,1,0.005,0.0689299868448432,0.1012155013098136,0.0962036673619247,0.192476832738552,0.0424987940183309,0.0425952725518572,0.1835772096264137,0.3129656429222275,0.4965964517339336
swarm,1.5,1.0,1.0,1,0.01,0.0704324064669217,0.1022771119789133,0.0967956109478645,0.1921686790803004,0.0431634239159564,0.0426837112075896,0.184327598220507,0.3168247842632792,0.4961676582515946
swarm,1.5,1.0,1.0,1,0.02,0.0699982948695164,0.1017356198264285,0.0973556402324226,0.1918387701819401,0.0431795036715441,0.0428739883153776,0.181808436511765,0.315967197298601,0.4977756338103661
swarm,1.5,1.0,1.0,3,0.005,0.0678322034060501,0.0996146126900004,0.0930663525299292,0.1873962905223138,0.0417055260760036,0.0419145628986439,0.1804684568794554,0.3079809186900359,0.4908613389076486
swarm,1.5,1.0,1.0,3,0.01,0.0673141045793259,0.0995123361232309,0.0915879476013537,0.1870784623994465,0.0414375301495417,0.0421101999249611,0.1802004609529935,0.303532186310768,0.4875917886048132
swarm,1.5,1.0,1.0,3,0.02,0.0714293998472824,0.1038760406674905,0.0977772284467101,0.1949877271400037,0.043828053813582,0.043468939272123,0.1820228332529345,0.3169319826338639,0.4997052044808919
swarm,1.5,1.0,1.0,5,0.005,0.0697695934483554,0.101877657210624,0.0941497690438801,0.1902376538319516,0.0428793482339068,0.0427801897411159,0.1819156348823498,0.3108216755105322,0.4963820549927641
swarm,1.5,1.0,1.0,5,0.01,0.0689227994243131,0.1009863649800883,0.0946725424098015,0.1898947439160331,0.0427185506780296,0.0427265905558235,0.1803076593235782,0.3140376266280753,0.4977220346250737
swarm,1.5,1.0,1.0,5,0.02,0.0693995947483416,0.1021956028053815,0.0955920373063987,0.1936154470485912,0.0419145628986439,0.0425952725518572,0.179021278876561,0.3099104893605617,0.4970252452162727
swarm,1.5,1.0,1.0,10,0.005,0.0707085491399138,0.1034323175489294,0.0971741283890124,0.1946242901573802,0.0426917510853835,0.0428418288042021,0.1843811974057994,0.3126440478104733,0.4986868199603366
swarm,1.5,1.0,1.0,10,0.01,0.0678309285689879,0.1004189111332963,0.0936290889222762,0.1899151683774518,0.0418877633059977,0.0423915956477461,0.1796108699147773,0.3089457040252988,0.4946668810634078
swarm,1.5,1.0,1.0,10,0.02,0.0696349797206285,0.1009512666023654,0.0963516810761334,0.1895646854780867,0.0422254381733397,0.0420217612692287,0.1799324650265316,0.3095888942488074,0.4913973307605724
swarm,1.5,1.0,2.0,1,0.005,0.0697440893098461,0.1013242601721445,0.095493536568318,0.1895078711453847,0.0427775097818513,0.0426756713297957,0.1833092136999517,0.3151096103339229,0.4924157152811277
swarm,1.5,1.0,2.0,1,0.01,0.069168110687743,0.1018301725183242,0.0948207591272006,0.1920092234524227,0.0420914402101088,0.0426461917778849,0.1823444283646888,0.3066409390577263,0.4961140590663022
swarm,1.5,1.0,2.0,1,0.02,0.0701937768563632,0.1028150084117127,0.0954811287560144,0.1930487604708399,0.0424183952403923,0.0425148737739186,0.1837380071822908,0.3122152543281342,0.4952028729163317
swarm,1.5,1.0,2.0,3,0.005,0.070272104487157,0.1028269605701422,0.0954775354257501,0.1921167426335185,0.0428471887227314,0.0429758267674331,0.1861499705204481,0.3150560111486305,0.4990620142573833
swarm,1.5,1.0,2.0,3,0.01,0.0687900716598551,0.1009285787763278,0.0947659755825209,0.1907503853417246,0.0427024709224419,0.0427399903521466,0.180414857694163,0.3111432706222865,0.4943988851369459
swarm,1.5,1.0,2.0,3,0.02,0.0703209639367908,0.1030465393526935,0.0966655007673779,0.193939850719364,0.0422790373586321,0.0425443533258294,0.1817012381411802,0.3125368494398885,0.4997052044808919
swarm,1.5,1.0,2.0,5,0.005,0.0698334528350309,0.1018688979981014,0.0957038598534544,0.1909210466713305,0.0422039984992228,0.0424317950367154,0.1820228332529345,0.3105536795840703,0.493434099801683
swarm,1.5,1.0,2.0,5,0.01,0.0694702659573885,0.1012413020928998,0.0950214833488272,0.1900455972136415,0.0430991048936056,0.0425550731628879,0.1819692340676421,0.3148952135927534,0.495256472101624
swarm,1.5,1.0,2.0,5,0.02,0.0708427628849021,0.1030198045520487,0.096885238711567,0.1928546735763422,0.0430615854639009,0.0429115077450822,0.185024387629308,0.3139304282574905,0.4962748566221793
swarm,1.5,1.0,2.0,10,0.005,0.0711863330875635,0.103459946114951,0.0981609190183583,0.1940570776231228,0.0436297368280002,0.0432947419199228,0.184327598220507,0.3187007557485126,0.4979900305515356
swarm,1.5,1.0,2.0,10,0.01,0.0706477628054664,0.1029705457752742,0.0967848895721018,0.1928288901640464,0.042884708152436,0.0427453502706758,0.1842739990352146,0.3161815940397706,0.4972396419574422
swarm,1.5,1.0,2.0,10,0.02,0.0680581979505025,0.0998951967862104,0.0934324565326466,0.1880007767611527,0.0426488717371495,0.0425818727555341,0.1807900519912097,0.3103928820281931,0.4933269014310982
swarm,2.0,0.3,0.2,1,0.005,0.0700743685658504,0.1016587462299824,0.0952466281978131,0.1903622844056188,0.0427989494559682,0.0423567561773061,0.1825588251058583,0.3121080559575494,0.4919869217987886
swarm,2.0,0.3,0.2,1,0.01,0.0687249030595179,0.1008484256580521,0.0962292287497013,0.1917263846081337,0.042096800128638,0.042209358417752,0.1796644691000696,0.310928873881117,0.4935948973575602
swarm,2.0,0.3,0.2,1,0.02,0.06970293845982,0.1008728025792092,0.0951752400391816,0.1882194167540348,0.0425363134480355,0.0421262796805488,0.1849707884440156,0.3126440478104733,0.4914509299458648
swarm,2.0,0.3,0.2,3,0.005,0.0691695376486023,0.1007704069577135,0.093890342931187,0.1882412918428795,0.0425255936109771,0.0423192367476014,0.1833092136999517,0.3112504689928713,0.4916653266870343
swarm,2.0,0.3,0.2,3,0.01,0.06850256631502,0.100842546785938,0.0937345446596277,0.1903952965162636,0.0425523932036233,0.0426488717371495,0.1804684568794554,0.3093744975076379,0.4919869217987886
swarm,2.0,0.3,0.2,3,0.02,0.0698357884828664,0.1011966581934097,0.0968974958819507,0.1907087581577605,0.0428900680709653,0.0423674760143645,0.1828268210323203,0.312054456772257,0.4919869217987886
swarm,2.0,0.3,0.2,5,0.005,0.0688660754487977,0.1005317410815161,0.0937497944004865,0.1880656627704008,0.0427239105965589,0.0425229136517125,0.1817548373264726,0.3096424934340998,0.4905397437958943
swarm,2.0,0.3,0.2,5,0.01,0.0695269260930196,0.1009875234107031,0.0965525066609993,0.1899060026145895,0.0425095138553894,0.0421343195583427,0.1805220560647478,0.3110360722517017,0.4947740794339926
swarm,2.0,0.3,0.2,5,0.02,0.0712729586431627,0.1026476001563068,0.0988147424844216,0.1923588826486299,0.0435868574797663,0.0427507101892051,0.1831484161440746,0.3191295492308517,0.4980972289221204
swarm,2.0,0.3,0.2,10,0.005,0.0711438769723014,0.1034898697393842,0.0977599054831993,0.194078341285478,0.0433939004127137,0.0431553840381626,0.1865787640027871,0.3177895695985421,0.5015275767808329
swarm,2.0,0.3,0.2,10,0.01,0.0681381947309423,0.0989863565835151,0.0936308359483022,0.1850494656880719,0.042075360454521,0.0419896017580532,0.1787532829500991,0.3079273195047435,0.4868414000107198
swarm,2.0,0.3,0.2,10,0.02,0.0706964639716819,0.1018905004428473,0.096593975934722,0.1890629202140975,0.0430455057083132,0.0426354719408265,0.1855603794822318,0.3178431687838345,0.4935948973575602
swarm,2.0,0.3,0.5,1,0.005,0.0709066250313641,0.1024225435488683,0.0976966303737891,0.1921015473599794,0.0431795036715441,0.0426167122259741,0.184327598220507,0.3156456021868468,0.4967036501045184
swarm,2.0,0.3,0.5,1,0.01,0.0679523705011239,0.1006336129533349,0.0942977153503294,0.1910683732485898,0.0417323256686498,0.0424371549552446,0.1788604813206839,0.3106608779546551,0.4940236908398992
swarm,2.0,0.3,0.5,1,0.02,0.070086931924463,0.1014692668040491,0.0971260865193019,0.1905169731721191,0.0428096692930267,0.0424103553625984,0.1803612585088706,0.3158599989280163,0.4930589055046363
swarm,2.0,0.3,0.5,3,0.005,0.0689380424093071,0.1006326993266737,0.0952360421902484,0.1895063341480019,0.0426542316556788,0.0424961140590663,0.180414857694163,0.3113040681781637,0.4891461649782923
swarm,2.0,0.3,0.5,3,0.01,0.0712421231508983,0.1032022361956596,0.0965734695570891,0.1921401942698835,0.0433885404941844,0.0429570670525808,0.1870611566704186,0.3170927801897411,0.4985260224044595
swarm,2.0,0.3,0.5,3,0.02,0.0671946830951262,0.099268221541616,0.0942885386998493,0.1892598189234521,0.041759125261296,0.0420646406174626,0.1786460845795144,0.3098032909899769,0.4903253470547247
swarm,2.0,0.3,0.5,5,0.005,0.0689605142731697,0.1007655153130113,0.0933651495691172,0.1875393531240755,0.0420914402101088,0.0423835557699523,0.1805220560647478,0.3096424934340998,0.49021814868414
swarm,2.0,0.3,0.5,5,0.01,0.0686579022948135,0.1015538560534248,0.0946070168640106,0.1930326911664078,0.0424666345071554,0.0427587500669989,0.1799324650265316,0.3115184649193332,0.4976148362544889
swarm,2.0,0.3,0.5,5,0.02,0.0709196728338432,0.1030324762729009,0.0984755948119712,0.1941765101127004,0.0432813421235997,0.0429838666452269,0.1850779868146004,0.3176823712279573,0.4997588036661842
swarm,2.0,0.3,0.5,10,0.005,0.0695963164666368,0.1015385863850657,0.0969301753649537,0.1917232215489637,0.0423111968698075,0.0424612745886262,0.1818620356970574,0.310232084472316,0.496650050919226
swarm,2.0,0.3,0.5,10,0.01,0.0690339969537403,0.1009101448632529,0.0939020882173394,0.1885422667799769,0.0425148737739186,0.0425095138553894,0.1812724446588411,0.3118400600310875,0.4937020957281449
swarm,2.0,0.3,0.5,10,0.02,0.0700825839260639,0.1020349794793041,0.0974112898973163,0.1922227257903143,0.0423594361365707,0.0423915956477461,0.1830948169587822,0.3117864608457951,0.4968108484751032
swarm,2.0,0.3,1.0,1,0.005,0.0698734709258722,0.1024036961543218,0.0969009395086225,0.1931190627002174,0.0427346304336174,0.0428016294152328,0.182505225920566,0.3138768290721981,0.4937556949134373
swarm,2.0,0.3,1.0,1,0.01,0.0704346770452869,0.1025037999945649,0.0981227972512715,0.193590280913441,0.0427024709224419,0.0426113523074449,0.1827196226617355,0.3149488127780457,0.4972396419574422
swarm,2.0,0.3,1.0,1,0.02,0.0696977542840112,0.1014111504768101,0.0961621437104241,0.1911220371525915,0.0434796591091815,0.0427801897411159,0.1814868414000107,0.314841614407461,0.4938628932840221
swarm,2.0,0.3,1.0,3,0.005,0.0699171934648366,0.1032312648660812,0.0970726314454634,0.1963638911456414,0.0430776652194886,0.0433322613496274,0.1820764324382269,0.3152168087045077,0.5037251433778207
swarm,2.0,0.3,1.0,3,0.01,0.0701259830526291,0.102793027849284,0.09529169235259,0.1935044518679133,0.0429543870933161,0.0429088277858176,0.1854531811116471,0.3128584445516428,0.4999196012220614
swarm,2.0,0.3,1.0,3,0.02,0.0693294066066966,0.1016191658266859,0.0965208048764454,0.1920631397302366,0.0429329474191992,0.0429168676636115,0.1810044487323792,0.3150560111486305,0.498043629736828
swarm,2.0,0.3,1.0,5,0.005,0.0710297850926124,0.1030123084098995,0.0985574703965721,0.1937855314846036,0.0430723053009594,0.0427185506780296,0.1853995819263547,0.3173071769309106,0.4993836093691376
swarm,2.0,0.3,1.0,5,0.01,0.0714024337404119,0.1033018700325719,0.0964731584751636,0.19216155859717,0.0435546979685908,0.0430160261564024,0.1835772096264137,0.3144664201104143,0.4964892533633488
swarm,2.0,0.3,1.0,5,0.02,0.0694990449282595,0.1017477406193003,0.0948031227781426,0.1906259354393936,0.0424398349145093,0.0426220721445034,0.1812188454735488,0.3125904486251809,0.4970788444015651
swarm,2.0,0.3,1.0,10,0.005,0.0687665849917284,0.1010052638668428,0.0944048551720312,0.1909508383491202,0.0426649514927373,0.0425925925925926,0.1781100927265905,0.3097496918046846,0.4954172696575012
swarm,2.0,0.3,1.0,10,0.01,0.0674027042618372,0.0997825750056443,0.0918169296068952,0.1884059773255882,0.0413785710457201,0.0419654821246717,0.1767165139089885,0.303532186310768,0.4876453877901056
swarm,2.0,0.3,1.0,10,0.02,0.0700334043825204,0.1018905852369239,0.0966779425508338,0.1917506330954794,0.0429543870933161,0.0426542316556788,0.1834164120705365,0.3145736184809991,0.4943988851369459
swarm,2.0,0.3,2.0,1,0.005,0.069840810374387,0.1027446966393864,0.0957790974833307,0.1939099330271836,0.0428900680709653,0.0429597470118454,0.1808436511765021,0.3121616551428418,0.4974540386986117
swarm,2.0,0.3,2.0,1,0.01,0.0703991511968601,0.1018763523424426,0.0967551138057426,0.1909768425810289,0.0427667899447928,0.0422629576030444,0.1842739990352146,0.3126440478104733,0.4972932411427346
swarm,2.0,0.3,2.0,1,0.02,0.0681420384319505,0.1004431281235902,0.0941158746052091,0.1900094724104912,0.0419574422468778,0.0421611191509889,0.1764485179825266,0.3095888942488074,0.4941844883957764
swarm,2.0,0.3,2.0,3,0.005,0.070115471600624,0.1019449567982764,0.0954886894616053,0.1898948284344837,0.0427185506780297,0.0425631130406817,0.1840060031087527,0.3115720641046256,0.4944524843222383
swarm,2.0,0.3,2.0,3,0.01,0.0705649021042143,0.1020618639953698,0.096158433035902,0.1899768827544333,0.0428096692930267,0.0424210751996569,0.188937128155652,0.3163959907809401,0.495256472101624
swarm,2.0,0.3,2.0,3,0.02,0.0700112131289523,0.1022635366875367,0.0962713744878686,0.1923150610826056,0.0429811866859623,0.042772149863322,0.1822908291793964,0.3133408372192742,0.495953261510425
swarm,2.0,0.3,2.0,5,0.005,0.0692504437138072,0.1015501816472687,0.0954052709961464,0.1912955425292812,0.0423540762180414,0.0426408318593557,0.1804684568794554,0.3129656429222275,0.4988476175162137
swarm,2.0,0.3,2.0,5,0.01,0.0696093435941373,0.1019067928952751,0.0958623978784131,0.1927402167238182,0.0429811866859623,0.0428713083561129,0.1825588251058583,0.310928873881117,0.4958460631398402
swarm,2.0,0.3,2.0,5,0.02,0.0691148770709784,0.1018654209119678,0.0957953061543858,0.1929625839346564,0.0428686283968483,0.0430481856675778,0.1791284772471458,0.3148952135927534,0.4961676582515946
swarm,2.0,0.3,2.0,10,0.005,0.0711309189493391,0.1034304448347135,0.0983994746326015,0.1942971757460482,0.0432813421235997,0.0430321059119901,0.183630808811706,0.3178967679691268,0.4983116256632899
swarm,2.0,0.3,2.0,10,0.01,0.0675147200017994,0.100358273351464,0.0932691518039446,0.1909869716408042,0.0421611191509889,0.0425148737739186,0.1766629147236962,0.3103928820281931,0.4958460631398402
swarm,2.0,0.3,2.0,10,0.02,0.0692231098677587,0.1016838293414644,0.0940059754116444,0.1912636261510054,0.0424880741812724,0.0426971110039127,0.1828268210323203,0.3110896714369942,0.495524468028086
swarm,2.0,0.5,0.2,1,0.005,0.0715009879258895,0.1034611273497297,0.0969661438749645,0.1923213384140306,0.0434099801683014,0.0430374658305193,0.18641796644691,0.3172535777456182,0.4962748566221793
swarm,2.0,0.5,0.2,1,0.01,0.070146714855954,0.1018491946671974,0.095399052457865,0.1898717901854326,0.0426756713297957,0.04243447499598,0.1870075574851262,0.3129656429222275,0.4946668810634078
swarm,2.0,0.5,0.2,1,0.02,0.0685214200815027,0.1008290015111089,0.0936275746651189,0.1900552372664392,0.0427507101892051,0.0428525486412606,0.1807900519912097,0.3113040681781637,0.4953636704722088
swarm,2.0,0.5,0.2,3,0.005,0.0703303404917428,0.1023610003889116,0.0974509539474469,0.1933068792447127,0.0433135016347751,0.0429463472155223,0.1823980275499812,0.3156456021868468,0.4986332207750442
swarm,2.0,0.5,0.2,3,0.01,0.0696358237317184,0.1013726253222798,0.0955826965765486,0.1894785238415404,0.0421343195583427,0.042153079273195,0.1815940397705955,0.3114648657340408,0.4949884761751621
swarm,2.0,0.5,0.2,3,0.02,0.068570115041475,0.1008980184717326,0.0943513978481398,0.1907438631937937,0.0421557592324596,0.0423379964624537,0.1789676796912687,0.3110360722517017,0.4957388647692555
swarm,2.0,0.5,0.2,5,0.005,0.0712342194643454,0.1034242389847965,0.0970134645258755,0.1939279417090207,0.0433617409015383,0.0430455057083132,0.185024387629308,0.3151632095192153,0.4950956745457469
swarm,2.0,0.5,0.2,5,0.01,0.0700753271846456,0.1021145614251373,0.095807310230018,0.1905595482995783,0.0434260599238891,0.0433403012274213,0.1816476389558878,0.3150560111486305,0.499169212627968
swarm,2.0,0.5,0.2,5,0.02,0.0690699060164899,0.1010770037419622,0.0951115882879961,0.1901405592167586,0.0423647960550999,0.0424103553625984,0.1808436511765021,0.3116792624752104,0.4960068606957174
swarm,2.0,0.5,0.2,10,0.005,0.0688135651753301,0.101008324813104,0.0951380566703966,0.191354376428388,0.0426059923889156,0.0426354719408265,0.1794500723589001,0.3109824730664094,0.4956852655839631
swarm,2.0,0.5,0.2,10,0.01,0.069224458655769,0.1001322316981302,0.0952646451236671,0.1870730787320201,0.0422522377659859,0.0420378410248164,0.1828268210323203,0.3086241089135445,0.4893069625341695
swarm,2.0,0.5,0.2,10,0.02,0.0720739691069303,0.1036210882197899,0.0988272522264167,0.191911423581956,0.0431419842418395,0.0427265905558235,0.1873827517821729,0.3168247842632792,0.4968108484751032
swarm,2.0,0.5,0.5,1,0.005,0.0686618254466533,0.1010632637633277,0.0923239429557808,0.1890209467969037,0.0420324811062871,0.0422736774401029,0.1798788658412392,0.307016133354773,0.4942916867663611
swarm,2.0,0.5,0.5,1,0.01,0.0694111200179267,0.1018018457318035,0.0969345077058607,0.1937162000525382,0.0427453502706758,0.0427239105965589,0.1799324650265316,0.3132872380339819,0.4960068606957174
swarm,2.0,0.5,0.5,1,0.02,0.0689914473123979,0.1006579281998552,0.0950912796880754,0.188903669104062,0.0427185506780296,0.0424398349145093,0.1813260438441335,0.3154848046309696,0.4950420753604545
swarm,2.0,0.5,0.5,3,0.005,0.0701454568180638,0.1027895313003366,0.0970353099410142,0.1942639471056124,0.0426971110039127,0.0428820281931714,0.1825588251058583,0.31414482499866,0.4998124028514766
swarm,2.0,0.5,0.5,3,0.01,0.0705520174067888,0.1028254572554506,0.0969908796448539,0.1926379490871286,0.0426220721445034,0.0427882296189097,0.1840596022940451,0.3138232298869057,0.4995980061103071
swarm,2.0,0.5,0.5,3,0.02,0.0700594647199286,0.1015423854239957,0.0957594947716512,0.1886671542242295,0.0424934340998016,0.042490754140537,0.1841668006646299,0.3116792624752104,0.4925229136517124
swarm,2.0,0.5,0.5,5,0.005,0.0691772706490815,0.1004796456390235,0.0944794881489032,0.1873649710193904,0.0424076754033338,0.0421503993139304,0.1825588251058583,0.3115184649193332,0.4930589055046363
swarm,2.0,0.5,0.5,5,0.01,0.0707363270073754,0.1033572291698677,0.096040214311035,0.1931927756485995,0.0433831805756552,0.0433831805756552,0.1872219542262957,0.3144128209251219,0.4997052044808919
swarm,2.0,0.5,0.5,5,0.02,0.0685108443143627,0.1013361089729434,0.0941773049187124,0.19217706198169,0.0426756713297957,0.0429490271747869,0.1814868414000107,0.3096960926193922,0.4958460631398402
swarm,2.0,0.5,0.5,10,0.005,0.0671415974277095,0.0985743345678498,0.0933810230748469,0.1863277741829224,0.0414428900680709,0.0416090475424773,0.1798252666559468,0.3093208983223455,0.4890389666077075
swarm,2.0,0.5,0.5,10,0.01,0.0695905334635439,0.1020487194925757,0.09529407417983,0.192604036047216,0.0428043093744975,0.0429383073377284,0.1816476389558878,0.310928873881117,0.4957388647692555
swarm,2.0,0.5,0.5,10,0.02,0.070077686340656,0.1019150602134927,0.0970008948345784,0.1916047010547907,0.0425952725518572,0.0423647960550999,0.1819692340676421,0.3123760518840113,0.4957388647692555
swarm,2.0,0.5,1.0,1,0.005,0.0690366774030323,0.1010873134122564,0.0934026710871495,0.18898779860499,0.0430133461971378,0.0429168676636115,0.1845419949616766,0.3114648657340408,0.494827678619285
swarm,2.0,0.5,1.0,1,0.01,0.070645435448604,0.1022218386111685,0.095609920215908,0.1899517982886151,0.0431205445677225,0.0427292705150881,0.1870611566704186,0.3157528005574315,0.4917189258723267
swarm,2.0,0.5,1.0,1,0.02,0.0686211932565433,0.1010624142054337,0.094086388249403,0.1900407580760149,0.0425095138553894,0.0427533901484697,0.1803076593235782,0.3105000803987779,0.4932197030605135
swarm,2.0,0.5,1.0,3,0.005,0.0702585914295213,0.1025196615970856,0.0973501920244654,0.1931159625596048,0.0431634239159564,0.0431071447713994,0.1844883957763842,0.3179503671544192,0.500133997963231
swarm,2.0,0.5,1.0,3,0.01,0.0698192926005393,0.102452859748284,0.0972190601113119,0.1933682628567858,0.0423647960550999,0.042793589537439,0.1805220560647478,0.3146808168515838,0.5006163906308624
swarm,2.0,0.5,1.0,3,0.02,0.0673097266850297,0.0993707080336967,0.0930713423738877,0.1880127611587851,0.0417269657501205,0.0422147183362812,0.1766629147236962,0.3076593235782816,0.4896821568312162
swarm,2.0,0.5,1.0,5,0.005,0.0691114426904646,0.1017143199832471,0.0944117490600488,0.1915243529265739,0.0426381519000911,0.0427105108002358,0.1810044487323792,0.3124296510693037,0.4985260224044595
swarm,2.0,0.5,1.0,5,0.01,0.0710333274898141,0.1035564332059111,0.0968461905559418,0.1932578301763167,0.0427989494559682,0.0429865466044916,0.1845419949616766,0.3156992013721391,0.5012059816690786
swarm,2.0,0.5,1.0,5,0.02,0.0692283701458238,0.1012669990770353,0.0952906103134878,0.1903446552684614,0.0420003215951117,0.0419788819209948,0.1799324650265316,0.3124296510693037,0.4956852655839631
swarm,2.0,0.5,1.0,10,0.005,0.070087413462681,0.1025674965995723,0.0965430513713263,0.192729700608859,0.0426220721445034,0.0427212306372943,0.1847563917028461,0.3133944364045666,0.497346840328027
swarm,2.0,0.5,1.0,10,0.01,0.070537891975095,0.1027429010982322,0.0957003941579978,0.1919088277818609,0.0430562255453717,0.0429007879080238,0.1837916063675832,0.313448035589859,0.4978292329956584
swarm,2.0,0.5,1.0,10,0.02,0.066729233504492,0.0988334261244988,0.0925762267463223,0.1878846712093655,0.0414160904754247,0.0419574422468778,0.1756445302031409,0.3045505708313233,0.4911829340194029
swarm,2.0,0.5,2.0,1,0.005,0.0705026028089615,0.1027776137278669,0.0959642342547289,0.1923009781142202,0.0430455057083132,0.0427882296189097,0.1842203998499222,0.3135552339604438,0.4964356541780565
swarm,2.0,0.5,2.0,1,0.01,0.0702654956741093,0.1028160491179997,0.0952691673919664,0.1934670299804487,0.0430026263600793,0.0425631130406817,0.1855603794822318,0.3144128209251219,0.4970788444015651
swarm,2.0,0.5,2.0,1,0.02,0.0666260712972244,0.0988325348182009,0.0914970604818709,0.1861825223711962,0.0408104196816208,0.0417001661574744,0.1754301334619713,0.302406603419628,0.4906469421664791
swarm,2.0,0.5,2.0,3,0.005,0.0668045837583434,0.098241047657134,0.0918495029580978,0.1856478642494755,0.0410248164227903,0.041266012756606,0.1759125261296028,0.3042289757195691,0.4851798252666559
swarm,2.0,0.5,2.0,3,0.01,0.0684327931535289,0.1003859948399141,0.0942560514913757,0.1887952175641307,0.0425095138553894,0.0425979525111218,0.1791284772471458,0.3120008575869646,0.4922549177252506
swarm,2.0,0.5,2.0,3,0.02,0.0687908286743415,0.1012834144173081,0.0951507601975975,0.1924281008960432,0.0425952725518572,0.0427399903521466,0.1815940397705955,0.3116792624752104,0.4976148362544889
swarm,2.0,0.5,2.0,5,0.005,0.0685620526300373,0.1000396645151124,0.0959899349228841,0.1889147393347833,0.04243447499598,0.0422254381733397,0.1791284772471458,0.3108216755105322,0.492040520984081
swarm,2.0,0.5,2.0,5,0.01,0.0695672452996593,0.1024343701723356,0.0963501665590423,0.19466221946644,0.043040145789784,0.0431098247306641,0.1815404405853031,0.3146808168515838,0.4995980061103071
swarm,2.0,0.5,2.0,5,0.02,0.066901304266104,0.0995573266441722,0.0937961336617945,0.1900793081658582,0.0414375301495417,0.0423326365439245,0.1745189473120008,0.3069089349841882,0.494130889210484
swarm,2.0,0.5,2.0,10,0.005,0.069704192582641,0.1017472044326441,0.0961822640194126,0.1920403955244685,0.0430026263600793,0.042793589537439,0.1820764324382269,0.3154848046309696,0.4940236908398992
swarm,2.0,0.5,2.0,10,0.01,0.0701689998915449,0.1020748605498333,0.0956723792381074,0.1907097280957741,0.0430562255453717,0.0428632684783191,0.1819692340676421,0.3152168087045077,0.4984188240338746
swarm,2.0,0.5,2.0,10,0.02,0.0708054748531567,0.1021017482815023,0.0973035601737005,0.1907870847896397,0.042884708152436,0.0424371549552446,0.1837380071822908,0.3126440478104733,0.4918261242429115
swarm,2.0,0.7,0.2,1,0.005,0.0690491137589435,0.1006326499692912,0.0944450079634664,0.1884191120279284,0.0425148737739186,0.042378195851423,0.1807900519912097,0.3111968698075789,0.4896821568312162
swarm,2.0,0.7,0.2,1,0.01,0.0696096474541949,0.1022941080726397,0.0942673289563411,0.1912995190262229,0.0428311089671437,0.0431821836308088,0.1815404405853031,0.3105536795840703,0.498472423219167
swarm,2.0,0.7,0.2,1,0.02,0.0670955287459397,0.099117187123853,0.0920639077731536,0.1871461916802441,0.0418341641207053,0.0423487162995122,0.1768773114648657,0.3032105911990138,0.4904861446106019
swarm,2.0,0.7,0.2,3,0.005,0.0691699163576141,0.1014477752809049,0.0945029842909291,0.1900953487682815,0.0420003215951117,0.0425604330814171,0.1795036715441925,0.3084633113576673,0.493434099801683
swarm,2.0,0.7,0.2,3,0.01,0.0707192312912628,0.1037411145874874,0.0984331668130933,0.1977600624033711,0.043356380983009,0.0433027817977166,0.1836844079969984,0.3162887924103553,0.5045291311572064
swarm,2.0,0.7,0.2,3,0.02,0.0718955289904999,0.1048095847345165,0.0988762116194713,0.1960834702765349,0.0432170231012488,0.0433483411052152,0.1862571688910328,0.3192367476014364,0.5052259205660073
swarm,2.0,0.7,0.2,5,0.005,0.0704969186113889,0.1028869905268701,0.097417377057643,0.1942950795398567,0.0430883850565471,0.0428713083561129,0.1845419949616766,0.314841614407461,0.4992228118132604
swarm,2.0,0.7,0.2,5,0.01,0.0703547695966626,0.1031191119330945,0.096501113670601,0.1938909622846854,0.0427507101892051,0.0429758267674331,0.1853459827410623,0.3156992013721391,0.5049043254542531
swarm,2.0,0.7,0.2,5,0.02,0.069803164962717,0.1014503699481939,0.094959407027588,0.1896935380986082,0.0426917510853835,0.0423513962587768,0.1830948169587822,0.3125368494398885,0.4937556949134373
swarm,2.0,0.7,0.2,10,0.005,0.0694164488604878,0.1019048202515096,0.095548174210032,0.1918587905389016,0.0422254381733397,0.0426113523074449,0.1823444283646888,0.3072305300959425,0.4960068606957174
swarm,2.0,0.7,0.2,10,0.01,0.0678792632920674,0.0999549158025228,0.0939569646379946,0.1885911038200941,0.0420700005359918,0.0423915956477461,0.1773061049472048,0.309535295063515,0.492737310392882
swarm,2.0,0.7,0.2,10,0.02,0.0709481020454334,0.1036503048955445,0.0976482288552284,0.1951735287224848,0.0428739883153776,0.0430106662378731,0.1841132014793375,0.315967197298601,0.4989012167015061
swarm,2.0,0.7,0.5,1,0.005,0.0694156979510287,0.1014813686156161,0.0958410916845714,0.1914987494455964,0.0426220721445034,0.0427212306372943,0.1806292544353326,0.3094280966929302,0.4941844883957764
swarm,2.0,0.7,0.5,1,0.01,0.0696759518914736,0.1019184075882653,0.095642666537022,0.1914784122341131,0.0428954279894945,0.0428123492522913,0.1833092136999517,0.3146272176662915,0.4971860427721498
swarm,2.0,0.7,0.5,1,0.02,0.0695535442004076,0.100951870768536,0.0951617151226809,0.1889261758985221,0.0429329474191992,0.0425657929999464,0.1828804202176127,0.3132872380339819,0.4909685372782333
swarm,2.0,0.7,0.5,3,0.005,0.0679779170161674,0.1001158110851581,0.0927199885428417,0.1876991951659321,0.0420432009433456,0.042455914670097,0.1807900519912097,0.3108216755105322,0.4923621160958353
swarm,2.0,0.7,0.5,3,0.01,0.0686662205935102,0.1003922644167558,0.0936604471780317,0.1885473359225681,0.0424237551589215,0.0421316395990781,0.1808972503617945,0.3106072787693627,0.4928981079487591
swarm,2.0,0.7,0.5,3,0.02,0.0698708860872474,0.1020754263423888,0.0956298262447336,0.1918941128246316,0.0425416733665648,0.0425738328777402,0.183202015329367,0.3132872380339819,0.4967036501045184
swarm,2.0,0.7,0.5,5,0.005,0.0701298989520721,0.1026952286227841,0.0965259107665542,0.1937674046125453,0.0429383073377284,0.0429490271747869,0.1803076593235782,0.3129120437369352,0.5000267995926462
swarm,2.0,0.7,0.5,5,0.01,0.0693997722873888,0.1019270488941014,0.094815862156578,0.191955718155596,0.0421986385806935,0.0424532347108323,0.1841668006646299,0.3119472584016723,0.500133997963231
swarm,2.0,0.7,0.5,5,0.02,0.0694514631953249,0.1011606977757877,0.095913532115372,0.1903405600049549,0.0423647960550999,0.0423353165031891,0.1823444283646888,0.3119472584016723,0.4935948973575602
swarm,2.0,0.7,0.5,10,0.005,0.0718878950388229,0.104187612437046,0.0980665334603327,0.1946237198091485,0.0434742991906523,0.0430910650158117,0.1901699094173768,0.3185935573779279,0.5015275767808329
swarm,2.0,0.7,0.5,10,0.01,0.0696458753371705,0.1021675082405573,0.0957895833736879,0.1926232447198564,0.0428150292115559,0.0428150292115559,0.1833092136999517,0.3154848046309696,0.498043629736828
swarm,2.0,0.7,0.5,10,0.02,0.0698857704690046,0.1019444125112839,0.0976807692936198,0.1929597376287698,0.0428203891300852,0.0427265905558235,0.1835236104411212,0.3153240070750924,0.4974004395133194
swarm,2.0,0.7,1.0,1,0.005,0.0689585821461436,0.1020441461239934,0.0942854173603315,0.1938136692090643,0.0430508656268424,0.0431393042825749,0.179021278876561,0.3114648657340408,0.4968108484751032
swarm,2.0,0.7,1.0,1,0.01,0.0691395897116784,0.1005185952902043,0.0954908300042402,0.1887415948838686,0.0428150292115559,0.0425577531221525,0.1803076593235782,0.313448035589859,0.4907541405370638
swarm,2.0,0.7,1.0,1,0.02,0.0706982105797257,0.1030749337850247,0.0967265262919273,0.1929812677997716,0.042906147826553,0.043040145789784,0.1843811974057994,0.3147344160368762,0.498740419145629
swarm,2.0,0.7,1.0,3,0.005,0.069383506562445,0.1027868620388661,0.093983043058724,0.1929605248999619,0.041850243876293,0.0428579085597898,0.1823980275499812,0.3085705097282521,0.4972396419574422
swarm,2.0,0.7,1.0,3,0.01,0.0698935704554258,0.1017765018816234,0.0970195242446628,0.1915317403110484,0.0424183952403923,0.0423728359328938,0.1807900519912097,0.3131800396633971,0.4944524843222383
swarm,2.0,0.7,1.0,3,0.02,0.0688978717637611,0.1012688591486926,0.0950917978419436,0.1910760207134811,0.0426113523074449,0.0428739883153776,0.1819156348823498,0.3114648657340408,0.4980972289221204
swarm,2.0,0.7,1.0,5,0.005,0.0685742950966685,0.1006264685525298,0.094313169274512,0.1889654672115118,0.0420378410248164,0.0425014739775955,0.1787532829500991,0.3076057243929892,0.491611727501742
swarm,2.0,0.7,1.0,5,0.01,0.0685591425413111,0.1011540890059694,0.0941617913619642,0.1908999758851001,0.0423969555662753,0.0428632684783191,0.1820228332529345,0.3103928820281931,0.4950956745457469
swarm,2.0,0.7,1.0,5,0.02,0.0702145536226727,0.1020475724844995,0.0968158252761359,0.191449560276862,0.0428686283968483,0.0426193921852387,0.1865787640027871,0.3153776062603848,0.498043629736828
swarm,2.0,0.7,1.0,10,0.005,0.0715987223475083,0.1038593976409265,0.0986655681485263,0.1943747930224331,0.0430991048936056,0.0429892265637562,0.1845419949616766,0.3146272176662915,0.4976148362544889
swarm,2.0,0.7,1.0,10,0.01,0.0688677802462433,0.1009910568803499,0.0941754216329807,0.1889799411347042,0.0421396794768719,0.0424880741812724,0.1792356756177306,0.3114112665487484,0.4930589055046363
swarm,2.0,0.7,1.0,10,0.02,0.0691946065944079,0.1009226254944153,0.0953643699621498,0.1898804119294866,0.0426381519000911,0.0424183952403923,0.1832556145146593,0.3117864608457951,0.4930589055046363
swarm,2.0,0.7,2.0,1,0.005,0.0699225936897207,0.1024812194556253,0.0956699132048963,0.1921635819627599,0.0427882296189097,0.0430803451787532,0.1844883957763842,0.312054456772257,0.4953636704722088
swarm,2.0,0.7,2.0,1,0.01,0.0701529374876272,0.102602032615822,0.0965780849231555,0.1926711731164365,0.042793589537439,0.0427989494559682,0.1826660234764431,0.3132872380339819,0.4967572492898108
swarm,2.0,0.7,2.0,1,0.02,0.0700255753461057,0.1024045183588614,0.0952862146072363,0.1916238939107282,0.0424934340998016,0.0426488717371495,0.1829876185881974,0.3096424934340998,0.4962212574368869
swarm,2.0,0.7,2.0,3,0.005,0.071335405948985,0.1038214152418884,0.0977423687201457,0.1940283929975177,0.0434582194350645,0.0434233799646245,0.1842203998499222,0.3133408372192742,0.4982580264779975
swarm,2.0,0.7,2.0,3,0.01,0.0696816877144347,0.1017520874238967,0.0966219793210636,0.1912016420047466,0.0424612745886262,0.0426193921852387,0.1814332422147183,0.3117328616605027,0.4949884761751621
swarm,2.0,0.7,2.0,3,0.02,0.0696413947757842,0.1019957422474964,0.0949506506510721,0.1917152758543441,0.0425577531221525,0.0426569116149434,0.1814868414000107,0.3094280966929302,0.4939164924693144
swarm,2.0,0.7,2.0,5,0.005,0.0683633837734084,0.100393862279962,0.0949102703116839,0.1901824032074582,0.0417323256686498,0.0419788819209948,0.1805756552500402,0.3091601007664683,0.4928981079487591
swarm,2.0,0.7,2.0,5,0.01,0.0696760544539423,0.1016880149909987,0.0960292681503667,0.1919044685610647,0.0427775097818513,0.042715870718765,0.1807364528059173,0.3109824730664094,0.4947740794339926
swarm,2.0,0.7,2.0,5,0.02,0.0719530052303818,0.10389807722228,0.097752458963428,0.1927331494381395,0.0434099801683014,0.0431044648121348,0.1892587232674063,0.3181111647102964,0.4977220346250737
swarm,2.0,0.7,2.0,10,0.005,0.0709410805900873,0.1034173256310689,0.0974911735014699,0.1937031038987661,0.0431151846491933,0.0431580639974272,0.1854531811116471,0.3171463793750335,0.4985796215897518
swarm,2.0,0.7,2.0,10,0.01,0.0700665981059676,0.1020610474981001,0.0969365325065948,0.1917517293510857,0.0424130353218631,0.0424961140590663,0.1837380071822908,0.3126440478104733,0.4968108484751032
swarm,2.0,0.7,2.0,10,0.02,0.0713015994286241,0.1027275481015596,0.0977111951646368,0.1916268738610747,0.0431151846491933,0.0424987940183309,0.1862571688910328,0.3142520233692448,0.4926837112075896
swarm,2.0,1.0,0.2,1,0.005,0.0695381916882929,0.1029370119629905,0.0955999421225827,0.1953509579761001,0.042568472959211,0.0429570670525808,0.1812188454735488,0.3122688535134266,0.5015811759661253
swarm,2.0,1.0,0.2,1,0.01,0.0705847311427209,0.1031354917586531,0.097873824862926,0.1952156816150841,0.0435118186203569,0.0432304228975719,0.1811652462882564,0.318486359007343,0.5005091922602777
swarm,2.0,1.0,0.2,1,0.02,0.068069879796522,0.100067939695639,0.0930803673967253,0.1876908049016981,0.0418234442836468,0.0421369995176073,0.17832448946776,0.3064265423165568,0.4887173714959532
swarm,2.0,1.0,0.2,3,0.005,0.0689406207564671,0.1010698865357799,0.0942110568396717,0.190202698384216,0.0425255936109771,0.0425523932036233,0.1837380071822908,0.3122688535134266,0.4945060835075306
swarm,2.0,1.0,0.2,3,0.01,0.0689793541761236,0.1007592577254362,0.0957744386013211,0.1909191123178438,0.0422468778474567,0.0419601222061424,0.1787532829500991,0.3128584445516428,0.4942916867663611
swarm,2.0,1.0,0.2,3,0.02,0.0690305625208419,0.1003393907310261,0.0957043399259133,0.1887437378778982,0.0423111968698075,0.0420834003323149,0.1801468617677011,0.309106501581176,0.4901109503135552
swarm,2.0,1.0,0.2,5,0.005,0.0688510635010296,0.1006065079360674,0.0950101114004003,0.1890457030428476,0.0423540762180414,0.0425309535295063,0.1786996837648067,0.3107144771399475,0.491611727501742
swarm,2.0,1.0,0.2,5,0.01,0.0686201416451159,0.1003272249240474,0.0936168510037702,0.1882887725070295,0.0419038430615854,0.0420834003323149,0.1802004609529935,0.3076593235782816,0.4915045291311572
swarm,2.0,1.0,0.2,5,0.02,0.0700960115862821,0.1009217951718347,0.0949684934770027,0.1866884896411862,0.0429543870933161,0.0423540762180414,0.1835236104411212,0.3122688535134266,0.4908613389076486
swarm,2.0,1.0,0.2,10,0.005,0.0714125070068798,0.1036986407506894,0.0984278711375452,0.1941900458327187,0.0430937449750763,0.0430830251380179,0.1839524039234603,0.3152704078898001,0.4984188240338746
swarm,2.0,1.0,0.2,10,0.01,0.0677744666111435,0.100106896087365,0.0935303248779768,0.1900736384905867,0.0416840864018866,0.0421369995176073,0.1761269228707723,0.3061049472048024,0.4906469421664791
swarm,2.0,1.0,0.2,10,0.02,0.0693433841207259,0.1013274384998343,0.0960787495817097,0.1910057345774518,0.0427024709224419,0.0427212306372943,0.1796644691000696,0.3136624323310286,0.4965964517339336
swarm,2.0,1.0,0.5,1,0.005,0.0715890625980126,0.103920225545087,0.099213419181195,0.195272268773785,0.0431687838344857,0.0429275875006699,0.1879723428203891,0.3186471565632202,0.5012595808543711
swarm,2.0,1.0,0.5,1,0.01,0.0706896498278583,0.1029879911664986,0.0970741467336618,0.1930368776722639,0.0429704668489039,0.0428069893337621,0.1849171892587232,0.3151096103339229,0.4981508281074128
swarm,2.0,1.0,0.5,1,0.02,0.0690642495707027,0.1008629081919542,0.0956002394443623,0.1907133200444977,0.0429007879080238,0.0425363134480355,0.1821836308088117,0.3150560111486305,0.4988476175162137
swarm,2.0,1.0,0.5,3,0.005,0.068315110138619,0.100419116141377,0.0938670836276762,0.1897347151191888,0.0418020046095299,0.042174518947312,0.1800932625824087,0.3086777080988369,0.4915045291311572
swarm,2.0,1.0,0.5,3,0.01,0.0705286488951842,0.1031225111574571,0.0977970412854459,0.1952691108748957,0.0433939004127137,0.0433644208608029,0.1829876185881974,0.3153240070750924,0.5009379857426167
swarm,2.0,1.0,0.5,3,0.02,0.0715414478477848,0.1039557957645633,0.097735436627186,0.1942573993151642,0.0431795036715441,0.0431044648121348,0.1861499705204481,0.3154848046309696,0.499169212627968
swarm,2.0,1.0,0.5,5,0.005,0.0693179432884228,0.1017341501510042,0.0961391647088949,0.1930398030867406,0.0431098247306641,0.0429034678672884,0.1808436511765021,0.3170391810044487,0.501956370263172
swarm,2.0,1.0,0.5,5,0.01,0.070548877985998,0.1029456275174852,0.0957540706325449,0.1921847215249422,0.0430133461971378,0.0428927480302299,0.187114755855711,0.3161815940397706,0.4956852655839631
swarm,2.0,1.0,0.5,5,0.02,0.0707590785575056,0.1023311580634905,0.097443823544249,0.19144094259648,0.0434314198424184,0.0429168676636115,0.1849171892587232,0.317360776116203,0.498740419145629
swarm,2.0,1.0,0.5,10,0.005,0.0701057643002337,0.1020588169949937,0.0960101903593811,0.1918028793589927,0.0430079862786085,0.0427346304336174,0.1833092136999517,0.3150560111486305,0.4955780672133784
swarm,2.0,1.0,0.5,10,0.01,0.0695828206837386,0.1020366211054534,0.0953366484796639,0.1917699337091161,0.0426756713297957,0.042772149863322,0.1822908291793964,0.3116792624752104,0.4946668810634078
swarm,2.0,1.0,0.5,10,0.02,0.0694445956372177,0.1026220190860272,0.0944807719242144,0.1937448457671244,0.0416894463204159,0.0425175537331832,0.1824516267352736,0.3103392828429008,0.5000803987779385
swarm,2.0,1.0,1.0,1,0.005,0.069142529929172,0.1009729213488233,0.0949443907012606,0.1907198568406053,0.0421986385806935,0.0420003215951117,0.1802004609529935,0.306319343945972,0.4926837112075896
swarm,2.0,1.0,1.0,1,0.01,0.0695088432593713,0.1012326360415483,0.0944494431403915,0.1890106915754925,0.0430455057083132,0.0427078308409712,0.1852387843704775,0.3138768290721981,0.4928981079487591
swarm,2.0,1.0,1.0,1,0.02,0.0709020215679501,0.1030682411854989,0.09740941965356,0.1933423350952204,0.0434153400868306,0.0431580639974272,0.1845419949616766,0.316235193225063,0.4979900305515356
swarm,2.0,1.0,1.0,3,0.005,0.0694657971968873,0.1014488209940999,0.0951810439740582,0.1900391923164701,0.0425041539368601,0.0425202336924478,0.1826660234764431,0.3124296510693037,0.4938628932840221
swarm,2.0,1.0,1.0,3,0.01,0.070022008218235,0.1020317543067738,0.0954926800615167,0.190609489198997,0.0427078308409712,0.0426515516964142,0.1830948169587822,0.3140376266280753,0.4964892533633488
swarm,2.0,1.0,1.0,3,0.02,0.071232393414543,0.1030282614573308,0.0963569656398236,0.1916784422543888,0.0433510210644798,0.0427105108002358,0.1877043468939272,0.3151096103339229,0.4958460631398402
swarm,2.0,1.0,1.0,5,0.005,0.0688231646440281,0.101258206856997,0.0955294964718956,0.1919147607018771,0.0430294259527255,0.0429892265637562,0.1820228332529345,0.3121616551428418,0.4968644476603955
swarm,2.0,1.0,1.0,5,0.01,0.06906152796007,0.1013883751870936,0.0968442742819757,0.1929100143296667,0.042075360454521,0.0424291150774508,0.1780564935412981,0.312054456772257,0.4975076378839042
swarm,2.0,1.0,1.0,5,0.02,0.0702524339759945,0.1017139051250306,0.0954832122770334,0.1901872120155081,0.0426863911668542,0.0422066784584874,0.1821836308088117,0.3123760518840113,0.4937020957281449
swarm,2.0,1.0,1.0,10,0.005,0.0705572865084901,0.1022210094443868,0.0982000315590341,0.1918291398995707,0.0428525486412606,0.0426649514927373,0.1831484161440746,0.3171463793750335,0.4954708688427935
swarm,2.0,1.0,1.0,10,0.01,0.0706989544857515,0.1023434962712072,0.0969240717240449,0.1913056968000494,0.0428418288042021,0.04239963552554,0.1836844079969984,0.3147880152221686,0.4964356541780565
swarm,2.0,1.0,1.0,10,0.02,0.0697657875697274,0.1016560223893135,0.0961636684951092,0.1904758574727874,0.0430455057083132,0.0429570670525808,0.1821836308088117,0.3139840274427828,0.4955780672133784
swarm,2.0,1.0,2.0,1,0.005,0.0700148830288805,0.102212984746777,0.0949858454870136,0.1912067953875954,0.0431205445677225,0.0429651069303746,0.1836844079969984,0.3128584445516428,0.4945060835075306
swarm,2.0,1.0,2.0,1,0.01,0.0712438306716378,0.1028116086834203,0.0974328364263322,0.1912227824478578,0.0434796591091815,0.0428820281931714,0.1888835289703596,0.3149488127780457,0.4917725250576191
swarm,2.0,1.0,2.0,1,0.02,0.0689293582205043,0.1013458676745954,0.0944588598433017,0.1920553521650287,0.0425845527147987,0.0426274320630326,0.180414857694163,0.3109824730664094,0.4975076378839042
swarm,2.0,1.0,2.0,3,0.005,0.0688378333881801,0.1009447742827139,0.0947065073202195,0.189997552267987,0.0421825588251058,0.0424076754033338,0.1793428739883154,0.3110896714369942,0.4952028729163317
swarm,2.0,1.0,2.0,3,0.01,0.0690640679345282,0.1009634020818923,0.0955190558567837,0.1904814422963465,0.0419896017580532,0.0421021600471672,0.1784316878383448,0.3099104893605617,0.4940236908398992
swarm,2.0,1.0,2.0,3,0.02,0.070026296754592,0.1027130584551992,0.0966812230856156,0.1936731064436919,0.0428739883153776,0.0431232245269871,0.1811652462882564,0.3151632095192153,0.5009379857426167
swarm,2.0,1.0,2.0,5,0.005,0.0708267974870027,0.1034418176275075,0.0979345616969051,0.1945489321138075,0.0431902235086026,0.0430455057083132,0.1880795411909739,0.3214879133837166,0.503081953154312
swarm,2.0,1.0,2.0,5,0.01,0.0687985496315855,0.1011701997404972,0.0953986707786475,0.1914879322466793,0.0424934340998016,0.0427748298225867,0.1775741008736667,0.3124832502545961,0.4940772900251916
swarm,2.0,1.0,2.0,5,0.02,0.0691383644154971,0.1010574822622839,0.0939477166675562,0.1891690237013184,0.0426649514927373,0.0425336334887709,0.1835236104411212,0.309106501581176,0.4931661038752211
swarm,2.0,1.0,2.0,10,0.005,0.0678310111578681,0.0999883785669949,0.0939869194587382,0.1894502826052364,0.0422629576030444,0.0424425148737739,0.1763413196119419,0.3094280966929302,0.4948812778045773
swarm,2.0,1.0,2.0,10,0.01,0.0689544515661876,0.1008745595361668,0.09544260768419,0.1908103091429336,0.0424237551589215,0.0424398349145093,0.1792356756177306,0.3087313072841293,0.4925229136517124
swarm,2.0,1.0,2.0,10,0.02,0.0686960135612305,0.1004807774806317,0.0932591833170997,0.1882673772340454,0.0427131907595004,0.0424666345071554,0.1807364528059173,0.3119472584016723,0.4936484965428525
